{
  "fio version" : "fio-3.33",
  "timestamp" : 1778438262,
  "timestamp_ms" : 1778438262266,
  "time" : "Sun May 10 18:37:42 2026",
  "jobs" : [
    {
      "jobname" : "diskio",
      "groupid" : 0,
      "error" : 0,
      "eta" : 0,
      "elapsed" : 21,
      "job options" : {
        "name" : "diskio",
        "filename" : "/data/fio-testfile",
        "size" : "2G",
        "rw" : "read",
        "bs" : "16k",
        "direct" : "1",
        "ioengine" : "libaio",
        "iodepth" : "16",
        "numjobs" : "1",
        "runtime" : "20"
      },
      "read" : {
        "io_bytes" : 16541351936,
        "io_kbytes" : 16153664,
        "bw_bytes" : 827026245,
        "bw" : 807642,
        "iops" : 50477.676116,
        "runtime" : 20001,
        "total_ios" : 1009604,
        "short_ios" : 0,
        "drop_ios" : 0,
        "slat_ns" : {
          "min" : 6145,
          "max" : 124017,
          "mean" : 11902.129267,
          "stddev" : 3016.157415,
          "N" : 1009604
        },
        "clat_ns" : {
          "min" : 21508,
          "max" : 70641319,
          "mean" : 300233.475520,
          "stddev" : 437265.472433,
          "N" : 1009604,
          "percentile" : {
            "1.000000" : 226304,
            "5.000000" : 238592,
            "10.000000" : 244736,
            "20.000000" : 272384,
            "30.000000" : 284672,
            "40.000000" : 292864,
            "50.000000" : 296960,
            "60.000000" : 296960,
            "70.000000" : 301056,
            "80.000000" : 305152,
            "90.000000" : 317440,
            "95.000000" : 329728,
            "99.000000" : 448512,
            "99.500000" : 610304,
            "99.900000" : 1712128,
            "99.950000" : 2736128,
            "99.990000" : 9109504
          }
        },
        "lat_ns" : {
          "min" : 34286,
          "max" : 70656542,
          "mean" : 312135.604787,
          "stddev" : 437320.743467,
          "N" : 1009604
        },
        "bw_min" : 552736,
        "bw_max" : 960320,
        "bw_agg" : 100.000000,
        "bw_mean" : 808668.435897,
        "bw_dev" : 67913.997220,
        "bw_samples" : 39,
        "iops_min" : 34546,
        "iops_max" : 60020,
        "iops_mean" : 50541.769231,
        "iops_stddev" : 4244.629086,
        "iops_samples" : 39
      },
      "write" : {
        "io_bytes" : 0,
        "io_kbytes" : 0,
        "bw_bytes" : 0,
        "bw" : 0,
        "iops" : 0.000000,
        "runtime" : 0,
        "total_ios" : 0,
        "short_ios" : 0,
        "drop_ios" : 0,
        "slat_ns" : {
          "min" : 0,
          "max" : 0,
          "mean" : 0.000000,
          "stddev" : 0.000000,
          "N" : 0
        },
        "clat_ns" : {
          "min" : 0,
          "max" : 0,
          "mean" : 0.000000,
          "stddev" : 0.000000,
          "N" : 0
        },
        "lat_ns" : {
          "min" : 0,
          "max" : 0,
          "mean" : 0.000000,
          "stddev" : 0.000000,
          "N" : 0
        },
        "bw_min" : 0,
        "bw_max" : 0,
        "bw_agg" : 0.000000,
        "bw_mean" : 0.000000,
        "bw_dev" : 0.000000,
        "bw_samples" : 0,
        "iops_min" : 0,
        "iops_max" : 0,
        "iops_mean" : 0.000000,
        "iops_stddev" : 0.000000,
        "iops_samples" : 0
      },
      "trim" : {
        "io_bytes" : 0,
        "io_kbytes" : 0,
        "bw_bytes" : 0,
        "bw" : 0,
        "iops" : 0.000000,
        "runtime" : 0,
        "total_ios" : 0,
        "short_ios" : 0,
        "drop_ios" : 0,
        "slat_ns" : {
          "min" : 0,
          "max" : 0,
          "mean" : 0.000000,
          "stddev" : 0.000000,
          "N" : 0
        },
        "clat_ns" : {
          "min" : 0,
          "max" : 0,
          "mean" : 0.000000,
          "stddev" : 0.000000,
          "N" : 0
        },
        "lat_ns" : {
          "min" : 0,
          "max" : 0,
          "mean" : 0.000000,
          "stddev" : 0.000000,
          "N" : 0
        },
        "bw_min" : 0,
        "bw_max" : 0,
        "bw_agg" : 0.000000,
        "bw_mean" : 0.000000,
        "bw_dev" : 0.000000,
        "bw_samples" : 0,
        "iops_min" : 0,
        "iops_max" : 0,
        "iops_mean" : 0.000000,
        "iops_stddev" : 0.000000,
        "iops_samples" : 0
      },
      "sync" : {
        "total_ios" : 0,
        "lat_ns" : {
          "min" : 0,
          "max" : 0,
          "mean" : 0.000000,
          "stddev" : 0.000000,
          "N" : 0
        }
      },
      "job_runtime" : 20000,
      "usr_cpu" : 7.920000,
      "sys_cpu" : 88.635000,
      "ctx" : 2463,
      "majf" : 0,
      "minf" : 76,
      "iodepth_level" : {
        "1" : 0.100000,
        "2" : 0.100000,
        "4" : 0.100000,
        "8" : 0.100000,
        "16" : 99.998514,
        "32" : 0.000000,
        ">=64" : 0.000000
      },
      "iodepth_submit" : {
        "0" : 0.000000,
        "4" : 100.000000,
        "8" : 0.000000,
        "16" : 0.000000,
        "32" : 0.000000,
        "64" : 0.000000,
        ">=64" : 0.000000
      },
      "iodepth_complete" : {
        "0" : 0.000000,
        "4" : 99.999901,
        "8" : 0.000000,
        "16" : 0.100000,
        "32" : 0.000000,
        "64" : 0.000000,
        ">=64" : 0.000000
      },
      "latency_ns" : {
        "2" : 0.000000,
        "4" : 0.000000,
        "10" : 0.000000,
        "20" : 0.000000,
        "50" : 0.000000,
        "100" : 0.000000,
        "250" : 0.000000,
        "500" : 0.000000,
        "750" : 0.000000,
        "1000" : 0.000000
      },
      "latency_us" : {
        "2" : 0.000000,
        "4" : 0.000000,
        "10" : 0.000000,
        "20" : 0.000000,
        "50" : 0.010000,
        "100" : 0.010000,
        "250" : 12.580774,
        "500" : 86.641000,
        "750" : 0.423730,
        "1000" : 0.115194
      },
      "latency_ms" : {
        "2" : 0.164916,
        "4" : 0.037341,
        "10" : 0.029913,
        "20" : 0.010000,
        "50" : 0.010000,
        "100" : 0.010000,
        "250" : 0.000000,
        "500" : 0.000000,
        "750" : 0.000000,
        "1000" : 0.000000,
        "2000" : 0.000000,
        ">=2000" : 0.000000
      },
      "latency_depth" : 16,
      "latency_target" : 0,
      "latency_percentile" : 100.000000,
      "latency_window" : 0
    }
  ],
  "disk_util" : [
    {
      "name" : "nvme0n1",
      "read_ios" : 1005929,
      "write_ios" : 230,
      "read_merges" : 0,
      "write_merges" : 420,
      "read_ticks" : 38363,
      "write_ticks" : 1422,
      "in_queue" : 39801,
      "util" : 62.610741
    }
  ]
}
