{
  "fio version" : "fio-3.33",
  "timestamp" : 1778438356,
  "timestamp_ms" : 1778438356005,
  "time" : "Sun May 10 18:39:16 2026",
  "jobs" : [
    {
      "jobname" : "diskio",
      "groupid" : 0,
      "error" : 0,
      "eta" : 0,
      "elapsed" : 21,
      "job options" : {
        "name" : "diskio",
        "filename" : "/data/fio-testfile",
        "size" : "2G",
        "rw" : "write",
        "bs" : "16k",
        "direct" : "1",
        "ioengine" : "libaio",
        "iodepth" : "16",
        "numjobs" : "1",
        "runtime" : "20"
      },
      "read" : {
        "io_bytes" : 0,
        "io_kbytes" : 0,
        "bw_bytes" : 0,
        "bw" : 0,
        "iops" : 0.000000,
        "runtime" : 0,
        "total_ios" : 0,
        "short_ios" : 0,
        "drop_ios" : 0,
        "slat_ns" : {
          "min" : 0,
          "max" : 0,
          "mean" : 0.000000,
          "stddev" : 0.000000,
          "N" : 0
        },
        "clat_ns" : {
          "min" : 0,
          "max" : 0,
          "mean" : 0.000000,
          "stddev" : 0.000000,
          "N" : 0
        },
        "lat_ns" : {
          "min" : 0,
          "max" : 0,
          "mean" : 0.000000,
          "stddev" : 0.000000,
          "N" : 0
        },
        "bw_min" : 0,
        "bw_max" : 0,
        "bw_agg" : 0.000000,
        "bw_mean" : 0.000000,
        "bw_dev" : 0.000000,
        "bw_samples" : 0,
        "iops_min" : 0,
        "iops_max" : 0,
        "iops_mean" : 0.000000,
        "iops_stddev" : 0.000000,
        "iops_samples" : 0
      },
      "write" : {
        "io_bytes" : 14667268096,
        "io_kbytes" : 14323504,
        "bw_bytes" : 732521005,
        "bw" : 715352,
        "iops" : 44709.534036,
        "runtime" : 20023,
        "total_ios" : 895219,
        "short_ios" : 0,
        "drop_ios" : 0,
        "slat_ns" : {
          "min" : 7128,
          "max" : 186789,
          "mean" : 9480.482156,
          "stddev" : 2085.185977,
          "N" : 895219
        },
        "clat_ns" : {
          "min" : 226506,
          "max" : 54391405,
          "mean" : 343485.944793,
          "stddev" : 1206062.222978,
          "N" : 895219,
          "percentile" : {
            "1.000000" : 240640,
            "5.000000" : 242688,
            "10.000000" : 244736,
            "20.000000" : 248832,
            "30.000000" : 250880,
            "40.000000" : 252928,
            "50.000000" : 252928,
            "60.000000" : 254976,
            "70.000000" : 259072,
            "80.000000" : 264192,
            "90.000000" : 272384,
            "95.000000" : 276480,
            "99.000000" : 305152,
            "99.500000" : 10158080,
            "99.900000" : 19529728,
            "99.950000" : 26607616,
            "99.990000" : 28180480
          }
        },
        "lat_ns" : {
          "min" : 235452,
          "max" : 54409230,
          "mean" : 352966.426949,
          "stddev" : 1206679.783603,
          "N" : 895219
        },
        "bw_min" : 14400,
        "bw_max" : 945984,
        "bw_agg" : 100.000000,
        "bw_mean" : 716162.400000,
        "bw_dev" : 354388.514256,
        "bw_samples" : 40,
        "iops_min" : 900,
        "iops_max" : 59124,
        "iops_mean" : 44760.150000,
        "iops_stddev" : 22149.282141,
        "iops_samples" : 40
      },
      "trim" : {
        "io_bytes" : 0,
        "io_kbytes" : 0,
        "bw_bytes" : 0,
        "bw" : 0,
        "iops" : 0.000000,
        "runtime" : 0,
        "total_ios" : 0,
        "short_ios" : 0,
        "drop_ios" : 0,
        "slat_ns" : {
          "min" : 0,
          "max" : 0,
          "mean" : 0.000000,
          "stddev" : 0.000000,
          "N" : 0
        },
        "clat_ns" : {
          "min" : 0,
          "max" : 0,
          "mean" : 0.000000,
          "stddev" : 0.000000,
          "N" : 0
        },
        "lat_ns" : {
          "min" : 0,
          "max" : 0,
          "mean" : 0.000000,
          "stddev" : 0.000000,
          "N" : 0
        },
        "bw_min" : 0,
        "bw_max" : 0,
        "bw_agg" : 0.000000,
        "bw_mean" : 0.000000,
        "bw_dev" : 0.000000,
        "bw_samples" : 0,
        "iops_min" : 0,
        "iops_max" : 0,
        "iops_mean" : 0.000000,
        "iops_stddev" : 0.000000,
        "iops_samples" : 0
      },
      "sync" : {
        "total_ios" : 0,
        "lat_ns" : {
          "min" : 0,
          "max" : 0,
          "mean" : 0.000000,
          "stddev" : 0.000000,
          "N" : 0
        }
      },
      "job_runtime" : 20022,
      "usr_cpu" : 8.810309,
      "sys_cpu" : 67.211068,
      "ctx" : 1166,
      "majf" : 0,
      "minf" : 14,
      "iodepth_level" : {
        "1" : 0.100000,
        "2" : 0.100000,
        "4" : 0.100000,
        "8" : 0.100000,
        "16" : 99.998324,
        "32" : 0.000000,
        ">=64" : 0.000000
      },
      "iodepth_submit" : {
        "0" : 0.000000,
        "4" : 100.000000,
        "8" : 0.000000,
        "16" : 0.000000,
        "32" : 0.000000,
        "64" : 0.000000,
        ">=64" : 0.000000
      },
      "iodepth_complete" : {
        "0" : 0.000000,
        "4" : 99.999888,
        "8" : 0.000000,
        "16" : 0.100000,
        "32" : 0.000000,
        "64" : 0.000000,
        ">=64" : 0.000000
      },
      "latency_ns" : {
        "2" : 0.000000,
        "4" : 0.000000,
        "10" : 0.000000,
        "20" : 0.000000,
        "50" : 0.000000,
        "100" : 0.000000,
        "250" : 0.000000,
        "500" : 0.000000,
        "750" : 0.000000,
        "1000" : 0.000000
      },
      "latency_us" : {
        "2" : 0.000000,
        "4" : 0.000000,
        "10" : 0.000000,
        "20" : 0.000000,
        "50" : 0.000000,
        "100" : 0.000000,
        "250" : 26.221405,
        "500" : 73.045367,
        "750" : 0.033176,
        "1000" : 0.010000
      },
      "latency_ms" : {
        "2" : 0.095731,
        "4" : 0.017873,
        "10" : 0.043118,
        "20" : 0.440004,
        "50" : 0.099417,
        "100" : 0.010000,
        "250" : 0.000000,
        "500" : 0.000000,
        "750" : 0.000000,
        "1000" : 0.000000,
        "2000" : 0.000000,
        ">=2000" : 0.000000
      },
      "latency_depth" : 16,
      "latency_target" : 0,
      "latency_percentile" : 100.000000,
      "latency_window" : 0
    }
  ],
  "disk_util" : [
    {
      "name" : "nvme0n1",
      "read_ios" : 0,
      "write_ios" : 890292,
      "read_merges" : 0,
      "write_merges" : 31,
      "read_ticks" : 0,
      "write_ticks" : 95765,
      "in_queue" : 95766,
      "util" : 79.414268
    }
  ]
}
