{
  "fio version" : "fio-3.33",
  "timestamp" : 1778438332,
  "timestamp_ms" : 1778438332558,
  "time" : "Sun May 10 18:38:52 2026",
  "jobs" : [
    {
      "jobname" : "diskio",
      "groupid" : 0,
      "error" : 0,
      "eta" : 0,
      "elapsed" : 21,
      "job options" : {
        "name" : "diskio",
        "filename" : "/data/fio-testfile",
        "size" : "2G",
        "rw" : "write",
        "bs" : "16k",
        "direct" : "1",
        "ioengine" : "libaio",
        "iodepth" : "16",
        "numjobs" : "1",
        "runtime" : "20"
      },
      "read" : {
        "io_bytes" : 0,
        "io_kbytes" : 0,
        "bw_bytes" : 0,
        "bw" : 0,
        "iops" : 0.000000,
        "runtime" : 0,
        "total_ios" : 0,
        "short_ios" : 0,
        "drop_ios" : 0,
        "slat_ns" : {
          "min" : 0,
          "max" : 0,
          "mean" : 0.000000,
          "stddev" : 0.000000,
          "N" : 0
        },
        "clat_ns" : {
          "min" : 0,
          "max" : 0,
          "mean" : 0.000000,
          "stddev" : 0.000000,
          "N" : 0
        },
        "lat_ns" : {
          "min" : 0,
          "max" : 0,
          "mean" : 0.000000,
          "stddev" : 0.000000,
          "N" : 0
        },
        "bw_min" : 0,
        "bw_max" : 0,
        "bw_agg" : 0.000000,
        "bw_mean" : 0.000000,
        "bw_dev" : 0.000000,
        "bw_samples" : 0,
        "iops_min" : 0,
        "iops_max" : 0,
        "iops_mean" : 0.000000,
        "iops_stddev" : 0.000000,
        "iops_samples" : 0
      },
      "write" : {
        "io_bytes" : 470417408,
        "io_kbytes" : 459392,
        "bw_bytes" : 23495025,
        "bw" : 22944,
        "iops" : 1434.022575,
        "runtime" : 20022,
        "total_ios" : 28712,
        "short_ios" : 0,
        "drop_ios" : 0,
        "slat_ns" : {
          "min" : 7061,
          "max" : 8666699,
          "mean" : 19273.843480,
          "stddev" : 62471.590432,
          "N" : 28712
        },
        "clat_ns" : {
          "min" : 349197,
          "max" : 63367662,
          "mean" : 11130228.656450,
          "stddev" : 4562964.400676,
          "N" : 28712,
          "percentile" : {
            "1.000000" : 3751936,
            "5.000000" : 7700480,
            "10.000000" : 7897088,
            "20.000000" : 8093696,
            "30.000000" : 8290304,
            "40.000000" : 8847360,
            "50.000000" : 9764864,
            "60.000000" : 10420224,
            "70.000000" : 13697024,
            "80.000000" : 14352384,
            "90.000000" : 15138816,
            "95.000000" : 17170432,
            "99.000000" : 27394048,
            "99.500000" : 33816576,
            "99.900000" : 55836672,
            "99.950000" : 57933824,
            "99.990000" : 63176704
          }
        },
        "lat_ns" : {
          "min" : 372238,
          "max" : 63384603,
          "mean" : 11149502.499930,
          "stddev" : 4563260.987706,
          "N" : 28712
        },
        "bw_min" : 11904,
        "bw_max" : 32992,
        "bw_agg" : 100.000000,
        "bw_mean" : 23112.025641,
        "bw_dev" : 5027.181613,
        "bw_samples" : 39,
        "iops_min" : 744,
        "iops_max" : 2062,
        "iops_mean" : 1444.487179,
        "iops_stddev" : 314.210780,
        "iops_samples" : 39
      },
      "trim" : {
        "io_bytes" : 0,
        "io_kbytes" : 0,
        "bw_bytes" : 0,
        "bw" : 0,
        "iops" : 0.000000,
        "runtime" : 0,
        "total_ios" : 0,
        "short_ios" : 0,
        "drop_ios" : 0,
        "slat_ns" : {
          "min" : 0,
          "max" : 0,
          "mean" : 0.000000,
          "stddev" : 0.000000,
          "N" : 0
        },
        "clat_ns" : {
          "min" : 0,
          "max" : 0,
          "mean" : 0.000000,
          "stddev" : 0.000000,
          "N" : 0
        },
        "lat_ns" : {
          "min" : 0,
          "max" : 0,
          "mean" : 0.000000,
          "stddev" : 0.000000,
          "N" : 0
        },
        "bw_min" : 0,
        "bw_max" : 0,
        "bw_agg" : 0.000000,
        "bw_mean" : 0.000000,
        "bw_dev" : 0.000000,
        "bw_samples" : 0,
        "iops_min" : 0,
        "iops_max" : 0,
        "iops_mean" : 0.000000,
        "iops_stddev" : 0.000000,
        "iops_samples" : 0
      },
      "sync" : {
        "total_ios" : 0,
        "lat_ns" : {
          "min" : 0,
          "max" : 0,
          "mean" : 0.000000,
          "stddev" : 0.000000,
          "N" : 0
        }
      },
      "job_runtime" : 20021,
      "usr_cpu" : 0.564407,
      "sys_cpu" : 3.860946,
      "ctx" : 2247,
      "majf" : 0,
      "minf" : 11,
      "iodepth_level" : {
        "1" : 0.100000,
        "2" : 0.100000,
        "4" : 0.100000,
        "8" : 0.100000,
        "16" : 99.947757,
        "32" : 0.000000,
        ">=64" : 0.000000
      },
      "iodepth_submit" : {
        "0" : 0.000000,
        "4" : 100.000000,
        "8" : 0.000000,
        "16" : 0.000000,
        "32" : 0.000000,
        "64" : 0.000000,
        ">=64" : 0.000000
      },
      "iodepth_complete" : {
        "0" : 0.000000,
        "4" : 99.996515,
        "8" : 0.000000,
        "16" : 0.100000,
        "32" : 0.000000,
        "64" : 0.000000,
        ">=64" : 0.000000
      },
      "latency_ns" : {
        "2" : 0.000000,
        "4" : 0.000000,
        "10" : 0.000000,
        "20" : 0.000000,
        "50" : 0.000000,
        "100" : 0.000000,
        "250" : 0.000000,
        "500" : 0.000000,
        "750" : 0.000000,
        "1000" : 0.000000
      },
      "latency_us" : {
        "2" : 0.000000,
        "4" : 0.000000,
        "10" : 0.000000,
        "20" : 0.000000,
        "50" : 0.000000,
        "100" : 0.000000,
        "250" : 0.000000,
        "500" : 0.243801,
        "750" : 0.107969,
        "1000" : 0.045277
      },
      "latency_ms" : {
        "2" : 0.104486,
        "4" : 0.766230,
        "10" : 54.099331,
        "20" : 40.718167,
        "50" : 3.810254,
        "100" : 0.104486,
        "250" : 0.000000,
        "500" : 0.000000,
        "750" : 0.000000,
        "1000" : 0.000000,
        "2000" : 0.000000,
        ">=2000" : 0.000000
      },
      "latency_depth" : 16,
      "latency_target" : 0,
      "latency_percentile" : 100.000000,
      "latency_window" : 0
    }
  ],
  "disk_util" : [
    {
      "name" : "nvme0n1",
      "read_ios" : 0,
      "write_ios" : 28691,
      "read_merges" : 0,
      "write_merges" : 49,
      "read_ticks" : 0,
      "write_ticks" : 310434,
      "in_queue" : 310575,
      "util" : 95.082870
    }
  ]
}
