{
  "fio version" : "fio-3.33",
  "timestamp" : 1778439309,
  "timestamp_ms" : 1778439309623,
  "time" : "Sun May 10 18:55:09 2026",
  "jobs" : [
    {
      "jobname" : "diskio",
      "groupid" : 0,
      "error" : 0,
      "eta" : 0,
      "elapsed" : 21,
      "job options" : {
        "name" : "diskio",
        "filename" : "/data/fio-testfile",
        "size" : "2G",
        "rw" : "randread",
        "bs" : "1m",
        "direct" : "1",
        "ioengine" : "libaio",
        "iodepth" : "16",
        "numjobs" : "1",
        "runtime" : "20"
      },
      "read" : {
        "io_bytes" : 42910875648,
        "io_kbytes" : 41905152,
        "bw_bytes" : 2144685908,
        "bw" : 2094419,
        "iops" : 2045.331867,
        "runtime" : 20008,
        "total_ios" : 40923,
        "short_ios" : 0,
        "drop_ios" : 0,
        "slat_ns" : {
          "min" : 103859,
          "max" : 1397802,
          "mean" : 126039.486352,
          "stddev" : 26223.123251,
          "N" : 40923
        },
        "clat_ns" : {
          "min" : 4577761,
          "max" : 15583798,
          "mean" : 7688625.904895,
          "stddev" : 691210.195023,
          "N" : 40923,
          "percentile" : {
            "1.000000" : 6062080,
            "5.000000" : 6651904,
            "10.000000" : 6848512,
            "20.000000" : 7176192,
            "30.000000" : 7372800,
            "40.000000" : 7503872,
            "50.000000" : 7634944,
            "60.000000" : 7831552,
            "70.000000" : 7962624,
            "80.000000" : 8159232,
            "90.000000" : 8454144,
            "95.000000" : 8847360,
            "99.000000" : 9764864,
            "99.500000" : 10158080,
            "99.900000" : 10682368,
            "99.950000" : 10813440,
            "99.990000" : 13434880
          }
        },
        "lat_ns" : {
          "min" : 4857629,
          "max" : 15697645,
          "mean" : 7814665.391247,
          "stddev" : 689927.020034,
          "N" : 40923
        },
        "bw_min" : 2027520,
        "bw_max" : 2148352,
        "bw_agg" : 100.000000,
        "bw_mean" : 2095681.641026,
        "bw_dev" : 24812.665233,
        "bw_samples" : 39,
        "iops_min" : 1980,
        "iops_max" : 2098,
        "iops_mean" : 2046.564103,
        "iops_stddev" : 24.231118,
        "iops_samples" : 39
      },
      "write" : {
        "io_bytes" : 0,
        "io_kbytes" : 0,
        "bw_bytes" : 0,
        "bw" : 0,
        "iops" : 0.000000,
        "runtime" : 0,
        "total_ios" : 0,
        "short_ios" : 0,
        "drop_ios" : 0,
        "slat_ns" : {
          "min" : 0,
          "max" : 0,
          "mean" : 0.000000,
          "stddev" : 0.000000,
          "N" : 0
        },
        "clat_ns" : {
          "min" : 0,
          "max" : 0,
          "mean" : 0.000000,
          "stddev" : 0.000000,
          "N" : 0
        },
        "lat_ns" : {
          "min" : 0,
          "max" : 0,
          "mean" : 0.000000,
          "stddev" : 0.000000,
          "N" : 0
        },
        "bw_min" : 0,
        "bw_max" : 0,
        "bw_agg" : 0.000000,
        "bw_mean" : 0.000000,
        "bw_dev" : 0.000000,
        "bw_samples" : 0,
        "iops_min" : 0,
        "iops_max" : 0,
        "iops_mean" : 0.000000,
        "iops_stddev" : 0.000000,
        "iops_samples" : 0
      },
      "trim" : {
        "io_bytes" : 0,
        "io_kbytes" : 0,
        "bw_bytes" : 0,
        "bw" : 0,
        "iops" : 0.000000,
        "runtime" : 0,
        "total_ios" : 0,
        "short_ios" : 0,
        "drop_ios" : 0,
        "slat_ns" : {
          "min" : 0,
          "max" : 0,
          "mean" : 0.000000,
          "stddev" : 0.000000,
          "N" : 0
        },
        "clat_ns" : {
          "min" : 0,
          "max" : 0,
          "mean" : 0.000000,
          "stddev" : 0.000000,
          "N" : 0
        },
        "lat_ns" : {
          "min" : 0,
          "max" : 0,
          "mean" : 0.000000,
          "stddev" : 0.000000,
          "N" : 0
        },
        "bw_min" : 0,
        "bw_max" : 0,
        "bw_agg" : 0.000000,
        "bw_mean" : 0.000000,
        "bw_dev" : 0.000000,
        "bw_samples" : 0,
        "iops_min" : 0,
        "iops_max" : 0,
        "iops_mean" : 0.000000,
        "iops_stddev" : 0.000000,
        "iops_samples" : 0
      },
      "sync" : {
        "total_ios" : 0,
        "lat_ns" : {
          "min" : 0,
          "max" : 0,
          "mean" : 0.000000,
          "stddev" : 0.000000,
          "N" : 0
        }
      },
      "job_runtime" : 20007,
      "usr_cpu" : 0.734743,
      "sys_cpu" : 30.769231,
      "ctx" : 40897,
      "majf" : 0,
      "minf" : 4105,
      "iodepth_level" : {
        "1" : 0.100000,
        "2" : 0.100000,
        "4" : 0.100000,
        "8" : 0.100000,
        "16" : 99.963346,
        "32" : 0.000000,
        ">=64" : 0.000000
      },
      "iodepth_submit" : {
        "0" : 0.000000,
        "4" : 100.000000,
        "8" : 0.000000,
        "16" : 0.000000,
        "32" : 0.000000,
        "64" : 0.000000,
        ">=64" : 0.000000
      },
      "iodepth_complete" : {
        "0" : 0.000000,
        "4" : 99.997556,
        "8" : 0.000000,
        "16" : 0.100000,
        "32" : 0.000000,
        "64" : 0.000000,
        ">=64" : 0.000000
      },
      "latency_ns" : {
        "2" : 0.000000,
        "4" : 0.000000,
        "10" : 0.000000,
        "20" : 0.000000,
        "50" : 0.000000,
        "100" : 0.000000,
        "250" : 0.000000,
        "500" : 0.000000,
        "750" : 0.000000,
        "1000" : 0.000000
      },
      "latency_us" : {
        "2" : 0.000000,
        "4" : 0.000000,
        "10" : 0.000000,
        "20" : 0.000000,
        "50" : 0.000000,
        "100" : 0.000000,
        "250" : 0.000000,
        "500" : 0.000000,
        "750" : 0.000000,
        "1000" : 0.000000
      },
      "latency_ms" : {
        "2" : 0.000000,
        "4" : 0.000000,
        "10" : 99.371991,
        "20" : 0.628009,
        "50" : 0.000000,
        "100" : 0.000000,
        "250" : 0.000000,
        "500" : 0.000000,
        "750" : 0.000000,
        "1000" : 0.000000,
        "2000" : 0.000000,
        ">=2000" : 0.000000
      },
      "latency_depth" : 16,
      "latency_target" : 0,
      "latency_percentile" : 100.000000,
      "latency_window" : 0
    }
  ],
  "disk_util" : [
    {
      "name" : "nvme0n1",
      "read_ios" : 331678,
      "write_ios" : 23,
      "read_merges" : 0,
      "write_merges" : 24,
      "read_ticks" : 2501091,
      "write_ticks" : 60,
      "in_queue" : 2501170,
      "util" : 84.340123
    }
  ]
}
