{
  "fio version" : "fio-3.33",
  "timestamp" : 1778439286,
  "timestamp_ms" : 1778439286189,
  "time" : "Sun May 10 18:54:46 2026",
  "jobs" : [
    {
      "jobname" : "diskio",
      "groupid" : 0,
      "error" : 0,
      "eta" : 0,
      "elapsed" : 21,
      "job options" : {
        "name" : "diskio",
        "filename" : "/data/fio-testfile",
        "size" : "2G",
        "rw" : "randread",
        "bs" : "1m",
        "direct" : "1",
        "ioengine" : "libaio",
        "iodepth" : "16",
        "numjobs" : "1",
        "runtime" : "20"
      },
      "read" : {
        "io_bytes" : 42900389888,
        "io_kbytes" : 41894912,
        "bw_bytes" : 2143947520,
        "bw" : 2093698,
        "iops" : 2044.627686,
        "runtime" : 20010,
        "total_ios" : 40913,
        "short_ios" : 0,
        "drop_ios" : 0,
        "slat_ns" : {
          "min" : 103999,
          "max" : 1236044,
          "mean" : 121920.643536,
          "stddev" : 23896.161560,
          "N" : 40913
        },
        "clat_ns" : {
          "min" : 2223790,
          "max" : 16428875,
          "mean" : 7695425.525579,
          "stddev" : 698024.189637,
          "N" : 40913,
          "percentile" : {
            "1.000000" : 5931008,
            "5.000000" : 6651904,
            "10.000000" : 6914048,
            "20.000000" : 7176192,
            "30.000000" : 7372800,
            "40.000000" : 7503872,
            "50.000000" : 7700480,
            "60.000000" : 7831552,
            "70.000000" : 7962624,
            "80.000000" : 8224768,
            "90.000000" : 8454144,
            "95.000000" : 8847360,
            "99.000000" : 9764864,
            "99.500000" : 10027008,
            "99.900000" : 10682368,
            "99.950000" : 10944512,
            "99.990000" : 14352384
          }
        },
        "lat_ns" : {
          "min" : 2547660,
          "max" : 16556342,
          "mean" : 7817346.169115,
          "stddev" : 696468.540965,
          "N" : 40913
        },
        "bw_min" : 2039808,
        "bw_max" : 2131968,
        "bw_agg" : 100.000000,
        "bw_mean" : 2095786.666667,
        "bw_dev" : 21455.611389,
        "bw_samples" : 39,
        "iops_min" : 1992,
        "iops_max" : 2082,
        "iops_mean" : 2046.666667,
        "iops_stddev" : 20.952745,
        "iops_samples" : 39
      },
      "write" : {
        "io_bytes" : 0,
        "io_kbytes" : 0,
        "bw_bytes" : 0,
        "bw" : 0,
        "iops" : 0.000000,
        "runtime" : 0,
        "total_ios" : 0,
        "short_ios" : 0,
        "drop_ios" : 0,
        "slat_ns" : {
          "min" : 0,
          "max" : 0,
          "mean" : 0.000000,
          "stddev" : 0.000000,
          "N" : 0
        },
        "clat_ns" : {
          "min" : 0,
          "max" : 0,
          "mean" : 0.000000,
          "stddev" : 0.000000,
          "N" : 0
        },
        "lat_ns" : {
          "min" : 0,
          "max" : 0,
          "mean" : 0.000000,
          "stddev" : 0.000000,
          "N" : 0
        },
        "bw_min" : 0,
        "bw_max" : 0,
        "bw_agg" : 0.000000,
        "bw_mean" : 0.000000,
        "bw_dev" : 0.000000,
        "bw_samples" : 0,
        "iops_min" : 0,
        "iops_max" : 0,
        "iops_mean" : 0.000000,
        "iops_stddev" : 0.000000,
        "iops_samples" : 0
      },
      "trim" : {
        "io_bytes" : 0,
        "io_kbytes" : 0,
        "bw_bytes" : 0,
        "bw" : 0,
        "iops" : 0.000000,
        "runtime" : 0,
        "total_ios" : 0,
        "short_ios" : 0,
        "drop_ios" : 0,
        "slat_ns" : {
          "min" : 0,
          "max" : 0,
          "mean" : 0.000000,
          "stddev" : 0.000000,
          "N" : 0
        },
        "clat_ns" : {
          "min" : 0,
          "max" : 0,
          "mean" : 0.000000,
          "stddev" : 0.000000,
          "N" : 0
        },
        "lat_ns" : {
          "min" : 0,
          "max" : 0,
          "mean" : 0.000000,
          "stddev" : 0.000000,
          "N" : 0
        },
        "bw_min" : 0,
        "bw_max" : 0,
        "bw_agg" : 0.000000,
        "bw_mean" : 0.000000,
        "bw_dev" : 0.000000,
        "bw_samples" : 0,
        "iops_min" : 0,
        "iops_max" : 0,
        "iops_mean" : 0.000000,
        "iops_stddev" : 0.000000,
        "iops_samples" : 0
      },
      "sync" : {
        "total_ios" : 0,
        "lat_ns" : {
          "min" : 0,
          "max" : 0,
          "mean" : 0.000000,
          "stddev" : 0.000000,
          "N" : 0
        }
      },
      "job_runtime" : 20009,
      "usr_cpu" : 0.639712,
      "sys_cpu" : 29.811585,
      "ctx" : 40893,
      "majf" : 0,
      "minf" : 4105,
      "iodepth_level" : {
        "1" : 0.100000,
        "2" : 0.100000,
        "4" : 0.100000,
        "8" : 0.100000,
        "16" : 99.963337,
        "32" : 0.000000,
        ">=64" : 0.000000
      },
      "iodepth_submit" : {
        "0" : 0.000000,
        "4" : 100.000000,
        "8" : 0.000000,
        "16" : 0.000000,
        "32" : 0.000000,
        "64" : 0.000000,
        ">=64" : 0.000000
      },
      "iodepth_complete" : {
        "0" : 0.000000,
        "4" : 99.997555,
        "8" : 0.000000,
        "16" : 0.100000,
        "32" : 0.000000,
        "64" : 0.000000,
        ">=64" : 0.000000
      },
      "latency_ns" : {
        "2" : 0.000000,
        "4" : 0.000000,
        "10" : 0.000000,
        "20" : 0.000000,
        "50" : 0.000000,
        "100" : 0.000000,
        "250" : 0.000000,
        "500" : 0.000000,
        "750" : 0.000000,
        "1000" : 0.000000
      },
      "latency_us" : {
        "2" : 0.000000,
        "4" : 0.000000,
        "10" : 0.000000,
        "20" : 0.000000,
        "50" : 0.000000,
        "100" : 0.000000,
        "250" : 0.000000,
        "500" : 0.000000,
        "750" : 0.000000,
        "1000" : 0.000000
      },
      "latency_ms" : {
        "2" : 0.000000,
        "4" : 0.024442,
        "10" : 99.406057,
        "20" : 0.569501,
        "50" : 0.000000,
        "100" : 0.000000,
        "250" : 0.000000,
        "500" : 0.000000,
        "750" : 0.000000,
        "1000" : 0.000000,
        "2000" : 0.000000,
        ">=2000" : 0.000000
      },
      "latency_depth" : 16,
      "latency_target" : 0,
      "latency_percentile" : 100.000000,
      "latency_window" : 0
    }
  ],
  "disk_util" : [
    {
      "name" : "nvme0n1",
      "read_ios" : 331601,
      "write_ios" : 36,
      "read_merges" : 0,
      "write_merges" : 28,
      "read_ticks" : 2501202,
      "write_ticks" : 80,
      "in_queue" : 2501300,
      "util" : 84.771726
    }
  ]
}
