{
  "fio version" : "fio-3.33",
  "timestamp" : 1778439333,
  "timestamp_ms" : 1778439333235,
  "time" : "Sun May 10 18:55:33 2026",
  "jobs" : [
    {
      "jobname" : "diskio",
      "groupid" : 0,
      "error" : 0,
      "eta" : 0,
      "elapsed" : 21,
      "job options" : {
        "name" : "diskio",
        "filename" : "/data/fio-testfile",
        "size" : "2G",
        "rw" : "randwrite",
        "bs" : "1m",
        "direct" : "1",
        "ioengine" : "libaio",
        "iodepth" : "16",
        "numjobs" : "1",
        "runtime" : "20"
      },
      "read" : {
        "io_bytes" : 0,
        "io_kbytes" : 0,
        "bw_bytes" : 0,
        "bw" : 0,
        "iops" : 0.000000,
        "runtime" : 0,
        "total_ios" : 0,
        "short_ios" : 0,
        "drop_ios" : 0,
        "slat_ns" : {
          "min" : 0,
          "max" : 0,
          "mean" : 0.000000,
          "stddev" : 0.000000,
          "N" : 0
        },
        "clat_ns" : {
          "min" : 0,
          "max" : 0,
          "mean" : 0.000000,
          "stddev" : 0.000000,
          "N" : 0
        },
        "lat_ns" : {
          "min" : 0,
          "max" : 0,
          "mean" : 0.000000,
          "stddev" : 0.000000,
          "N" : 0
        },
        "bw_min" : 0,
        "bw_max" : 0,
        "bw_agg" : 0.000000,
        "bw_mean" : 0.000000,
        "bw_dev" : 0.000000,
        "bw_samples" : 0,
        "iops_min" : 0,
        "iops_max" : 0,
        "iops_mean" : 0.000000,
        "iops_stddev" : 0.000000,
        "iops_samples" : 0
      },
      "write" : {
        "io_bytes" : 6935281664,
        "io_kbytes" : 6772736,
        "bw_bytes" : 344046118,
        "bw" : 335982,
        "iops" : 328.107947,
        "runtime" : 20158,
        "total_ios" : 6614,
        "short_ios" : 0,
        "drop_ios" : 0,
        "slat_ns" : {
          "min" : 108608,
          "max" : 121995734,
          "mean" : 215187.781373,
          "stddev" : 1983026.126928,
          "N" : 6614
        },
        "clat_ns" : {
          "min" : 3883567,
          "max" : 330020451,
          "mean" : 48513826.460992,
          "stddev" : 64493733.896407,
          "N" : 6614,
          "percentile" : {
            "1.000000" : 6782976,
            "5.000000" : 8978432,
            "10.000000" : 9109504,
            "20.000000" : 9109504,
            "30.000000" : 9240576,
            "40.000000" : 9240576,
            "50.000000" : 9240576,
            "60.000000" : 9502720,
            "70.000000" : 35913728,
            "80.000000" : 132644864,
            "90.000000" : 143654912,
            "95.000000" : 168820736,
            "99.000000" : 233832448,
            "99.500000" : 265289728,
            "99.900000" : 312475648,
            "99.950000" : 320864256,
            "99.990000" : 329252864
          }
        },
        "lat_ns" : {
          "min" : 4152820,
          "max" : 330175995,
          "mean" : 48729014.242365,
          "stddev" : 64574594.354356,
          "N" : 6614
        },
        "bw_min" : 65536,
        "bw_max" : 1628160,
        "bw_agg" : 100.000000,
        "bw_mean" : 337868.800000,
        "bw_dev" : 518006.366478,
        "bw_samples" : 40,
        "iops_min" : 64,
        "iops_max" : 1590,
        "iops_mean" : 329.950000,
        "iops_stddev" : 505.865592,
        "iops_samples" : 40
      },
      "trim" : {
        "io_bytes" : 0,
        "io_kbytes" : 0,
        "bw_bytes" : 0,
        "bw" : 0,
        "iops" : 0.000000,
        "runtime" : 0,
        "total_ios" : 0,
        "short_ios" : 0,
        "drop_ios" : 0,
        "slat_ns" : {
          "min" : 0,
          "max" : 0,
          "mean" : 0.000000,
          "stddev" : 0.000000,
          "N" : 0
        },
        "clat_ns" : {
          "min" : 0,
          "max" : 0,
          "mean" : 0.000000,
          "stddev" : 0.000000,
          "N" : 0
        },
        "lat_ns" : {
          "min" : 0,
          "max" : 0,
          "mean" : 0.000000,
          "stddev" : 0.000000,
          "N" : 0
        },
        "bw_min" : 0,
        "bw_max" : 0,
        "bw_agg" : 0.000000,
        "bw_mean" : 0.000000,
        "bw_dev" : 0.000000,
        "bw_samples" : 0,
        "iops_min" : 0,
        "iops_max" : 0,
        "iops_mean" : 0.000000,
        "iops_stddev" : 0.000000,
        "iops_samples" : 0
      },
      "sync" : {
        "total_ios" : 0,
        "lat_ns" : {
          "min" : 0,
          "max" : 0,
          "mean" : 0.000000,
          "stddev" : 0.000000,
          "N" : 0
        }
      },
      "job_runtime" : 20157,
      "usr_cpu" : 1.185692,
      "sys_cpu" : 5.114848,
      "ctx" : 6568,
      "majf" : 0,
      "minf" : 9,
      "iodepth_level" : {
        "1" : 0.100000,
        "2" : 0.100000,
        "4" : 0.100000,
        "8" : 0.120956,
        "16" : 99.773208,
        "32" : 0.000000,
        ">=64" : 0.000000
      },
      "iodepth_submit" : {
        "0" : 0.000000,
        "4" : 100.000000,
        "8" : 0.000000,
        "16" : 0.000000,
        "32" : 0.000000,
        "64" : 0.000000,
        ">=64" : 0.000000
      },
      "iodepth_complete" : {
        "0" : 0.000000,
        "4" : 99.984848,
        "8" : 0.000000,
        "16" : 0.100000,
        "32" : 0.000000,
        "64" : 0.000000,
        ">=64" : 0.000000
      },
      "latency_ns" : {
        "2" : 0.000000,
        "4" : 0.000000,
        "10" : 0.000000,
        "20" : 0.000000,
        "50" : 0.000000,
        "100" : 0.000000,
        "250" : 0.000000,
        "500" : 0.000000,
        "750" : 0.000000,
        "1000" : 0.000000
      },
      "latency_us" : {
        "2" : 0.000000,
        "4" : 0.000000,
        "10" : 0.000000,
        "20" : 0.000000,
        "50" : 0.000000,
        "100" : 0.000000,
        "250" : 0.000000,
        "500" : 0.000000,
        "750" : 0.000000,
        "1000" : 0.000000
      },
      "latency_ms" : {
        "2" : 0.000000,
        "4" : 0.015119,
        "10" : 64.454188,
        "20" : 5.185969,
        "50" : 1.784094,
        "100" : 2.721500,
        "250" : 25.204112,
        "500" : 0.635017,
        "750" : 0.000000,
        "1000" : 0.000000,
        "2000" : 0.000000,
        ">=2000" : 0.000000
      },
      "latency_depth" : 16,
      "latency_target" : 0,
      "latency_percentile" : 100.000000,
      "latency_window" : 0
    }
  ],
  "disk_util" : [
    {
      "name" : "nvme0n1",
      "read_ios" : 0,
      "write_ios" : 53928,
      "read_merges" : 0,
      "write_merges" : 39,
      "read_ticks" : 0,
      "write_ticks" : 2507390,
      "in_queue" : 2507786,
      "util" : 95.599070
    }
  ]
}
