{
  "fio version" : "fio-3.33",
  "timestamp" : 1778438885,
  "timestamp_ms" : 1778438885090,
  "time" : "Sun May 10 18:48:05 2026",
  "jobs" : [
    {
      "jobname" : "diskio",
      "groupid" : 0,
      "error" : 0,
      "eta" : 0,
      "elapsed" : 21,
      "job options" : {
        "name" : "diskio",
        "filename" : "/data/fio-testfile",
        "size" : "2G",
        "rw" : "read",
        "bs" : "256k",
        "direct" : "1",
        "ioengine" : "libaio",
        "iodepth" : "16",
        "numjobs" : "1",
        "runtime" : "20"
      },
      "read" : {
        "io_bytes" : 43610275840,
        "io_kbytes" : 42588160,
        "bw_bytes" : 2180295762,
        "bw" : 2129195,
        "iops" : 8317.168283,
        "runtime" : 20002,
        "total_ios" : 166360,
        "short_ios" : 0,
        "drop_ios" : 0,
        "slat_ns" : {
          "min" : 29054,
          "max" : 408924,
          "mean" : 38366.350872,
          "stddev" : 13247.588426,
          "N" : 166360
        },
        "clat_ns" : {
          "min" : 728033,
          "max" : 7319016,
          "mean" : 1880169.488946,
          "stddev" : 552713.006648,
          "N" : 166360,
          "percentile" : {
            "1.000000" : 1269760,
            "5.000000" : 1335296,
            "10.000000" : 1368064,
            "20.000000" : 1400832,
            "30.000000" : 1433600,
            "40.000000" : 1499136,
            "50.000000" : 1777664,
            "60.000000" : 1990656,
            "70.000000" : 2113536,
            "80.000000" : 2310144,
            "90.000000" : 2637824,
            "95.000000" : 2801664,
            "99.000000" : 3260416,
            "99.500000" : 3653632,
            "99.900000" : 6520832,
            "99.950000" : 6914048,
            "99.990000" : 7241728
          }
        },
        "lat_ns" : {
          "min" : 833843,
          "max" : 7354356,
          "mean" : 1918535.839817,
          "stddev" : 553026.759326,
          "N" : 166360
        },
        "bw_min" : 1857536,
        "bw_max" : 2318848,
        "bw_agg" : 99.913156,
        "bw_mean" : 2127346.871795,
        "bw_dev" : 173222.885076,
        "bw_samples" : 39,
        "iops_min" : 7256,
        "iops_max" : 9058,
        "iops_mean" : 8309.948718,
        "iops_stddev" : 676.651895,
        "iops_samples" : 39
      },
      "write" : {
        "io_bytes" : 0,
        "io_kbytes" : 0,
        "bw_bytes" : 0,
        "bw" : 0,
        "iops" : 0.000000,
        "runtime" : 0,
        "total_ios" : 0,
        "short_ios" : 0,
        "drop_ios" : 0,
        "slat_ns" : {
          "min" : 0,
          "max" : 0,
          "mean" : 0.000000,
          "stddev" : 0.000000,
          "N" : 0
        },
        "clat_ns" : {
          "min" : 0,
          "max" : 0,
          "mean" : 0.000000,
          "stddev" : 0.000000,
          "N" : 0
        },
        "lat_ns" : {
          "min" : 0,
          "max" : 0,
          "mean" : 0.000000,
          "stddev" : 0.000000,
          "N" : 0
        },
        "bw_min" : 0,
        "bw_max" : 0,
        "bw_agg" : 0.000000,
        "bw_mean" : 0.000000,
        "bw_dev" : 0.000000,
        "bw_samples" : 0,
        "iops_min" : 0,
        "iops_max" : 0,
        "iops_mean" : 0.000000,
        "iops_stddev" : 0.000000,
        "iops_samples" : 0
      },
      "trim" : {
        "io_bytes" : 0,
        "io_kbytes" : 0,
        "bw_bytes" : 0,
        "bw" : 0,
        "iops" : 0.000000,
        "runtime" : 0,
        "total_ios" : 0,
        "short_ios" : 0,
        "drop_ios" : 0,
        "slat_ns" : {
          "min" : 0,
          "max" : 0,
          "mean" : 0.000000,
          "stddev" : 0.000000,
          "N" : 0
        },
        "clat_ns" : {
          "min" : 0,
          "max" : 0,
          "mean" : 0.000000,
          "stddev" : 0.000000,
          "N" : 0
        },
        "lat_ns" : {
          "min" : 0,
          "max" : 0,
          "mean" : 0.000000,
          "stddev" : 0.000000,
          "N" : 0
        },
        "bw_min" : 0,
        "bw_max" : 0,
        "bw_agg" : 0.000000,
        "bw_mean" : 0.000000,
        "bw_dev" : 0.000000,
        "bw_samples" : 0,
        "iops_min" : 0,
        "iops_max" : 0,
        "iops_mean" : 0.000000,
        "iops_stddev" : 0.000000,
        "iops_samples" : 0
      },
      "sync" : {
        "total_ios" : 0,
        "lat_ns" : {
          "min" : 0,
          "max" : 0,
          "mean" : 0.000000,
          "stddev" : 0.000000,
          "N" : 0
        }
      },
      "job_runtime" : 20001,
      "usr_cpu" : 1.989901,
      "sys_cpu" : 42.707865,
      "ctx" : 145341,
      "majf" : 0,
      "minf" : 1034,
      "iodepth_level" : {
        "1" : 0.100000,
        "2" : 0.100000,
        "4" : 0.100000,
        "8" : 0.100000,
        "16" : 99.990983,
        "32" : 0.000000,
        ">=64" : 0.000000
      },
      "iodepth_submit" : {
        "0" : 0.000000,
        "4" : 100.000000,
        "8" : 0.000000,
        "16" : 0.000000,
        "32" : 0.000000,
        "64" : 0.000000,
        ">=64" : 0.000000
      },
      "iodepth_complete" : {
        "0" : 0.000000,
        "4" : 99.999399,
        "8" : 0.000000,
        "16" : 0.100000,
        "32" : 0.000000,
        "64" : 0.000000,
        ">=64" : 0.000000
      },
      "latency_ns" : {
        "2" : 0.000000,
        "4" : 0.000000,
        "10" : 0.000000,
        "20" : 0.000000,
        "50" : 0.000000,
        "100" : 0.000000,
        "250" : 0.000000,
        "500" : 0.000000,
        "750" : 0.000000,
        "1000" : 0.000000
      },
      "latency_us" : {
        "2" : 0.000000,
        "4" : 0.000000,
        "10" : 0.000000,
        "20" : 0.000000,
        "50" : 0.000000,
        "100" : 0.000000,
        "250" : 0.000000,
        "500" : 0.000000,
        "750" : 0.010000,
        "1000" : 0.042679
      },
      "latency_ms" : {
        "2" : 60.547006,
        "4" : 39.106155,
        "10" : 0.303559,
        "20" : 0.000000,
        "50" : 0.000000,
        "100" : 0.000000,
        "250" : 0.000000,
        "500" : 0.000000,
        "750" : 0.000000,
        "1000" : 0.000000,
        "2000" : 0.000000,
        ">=2000" : 0.000000
      },
      "latency_depth" : 16,
      "latency_target" : 0,
      "latency_percentile" : 100.000000,
      "latency_window" : 0
    }
  ],
  "disk_util" : [
    {
      "name" : "nvme0n1",
      "read_ios" : 336448,
      "write_ios" : 25,
      "read_merges" : 0,
      "write_merges" : 19,
      "read_ticks" : 621978,
      "write_ticks" : 34,
      "in_queue" : 622018,
      "util" : 82.668535
    }
  ]
}
