{
  "fio version" : "fio-3.33",
  "timestamp" : 1778439215,
  "timestamp_ms" : 1778439215888,
  "time" : "Sun May 10 18:53:35 2026",
  "jobs" : [
    {
      "jobname" : "diskio",
      "groupid" : 0,
      "error" : 0,
      "eta" : 0,
      "elapsed" : 21,
      "job options" : {
        "name" : "diskio",
        "filename" : "/data/fio-testfile",
        "size" : "2G",
        "rw" : "write",
        "bs" : "1m",
        "direct" : "1",
        "ioengine" : "libaio",
        "iodepth" : "16",
        "numjobs" : "1",
        "runtime" : "20"
      },
      "read" : {
        "io_bytes" : 0,
        "io_kbytes" : 0,
        "bw_bytes" : 0,
        "bw" : 0,
        "iops" : 0.000000,
        "runtime" : 0,
        "total_ios" : 0,
        "short_ios" : 0,
        "drop_ios" : 0,
        "slat_ns" : {
          "min" : 0,
          "max" : 0,
          "mean" : 0.000000,
          "stddev" : 0.000000,
          "N" : 0
        },
        "clat_ns" : {
          "min" : 0,
          "max" : 0,
          "mean" : 0.000000,
          "stddev" : 0.000000,
          "N" : 0
        },
        "lat_ns" : {
          "min" : 0,
          "max" : 0,
          "mean" : 0.000000,
          "stddev" : 0.000000,
          "N" : 0
        },
        "bw_min" : 0,
        "bw_max" : 0,
        "bw_agg" : 0.000000,
        "bw_mean" : 0.000000,
        "bw_dev" : 0.000000,
        "bw_samples" : 0,
        "iops_min" : 0,
        "iops_max" : 0,
        "iops_mean" : 0.000000,
        "iops_stddev" : 0.000000,
        "iops_samples" : 0
      },
      "write" : {
        "io_bytes" : 8500805632,
        "io_kbytes" : 8301568,
        "bw_bytes" : 424658089,
        "bw" : 414705,
        "iops" : 404.985513,
        "runtime" : 20018,
        "total_ios" : 8107,
        "short_ios" : 0,
        "drop_ios" : 0,
        "slat_ns" : {
          "min" : 107701,
          "max" : 183389045,
          "mean" : 200178.418034,
          "stddev" : 2287415.251157,
          "N" : 8107
        },
        "clat_ns" : {
          "min" : 3397764,
          "max" : 462974103,
          "mean" : 39296961.357099,
          "stddev" : 58045291.624329,
          "N" : 8107,
          "percentile" : {
            "1.000000" : 5668864,
            "5.000000" : 8847360,
            "10.000000" : 8978432,
            "20.000000" : 9109504,
            "30.000000" : 9240576,
            "40.000000" : 9240576,
            "50.000000" : 9240576,
            "60.000000" : 9371648,
            "70.000000" : 10158080,
            "80.000000" : 106430464,
            "90.000000" : 137363456,
            "95.000000" : 147849216,
            "99.000000" : 210763776,
            "99.500000" : 250609664,
            "99.900000" : 350224384,
            "99.950000" : 400556032,
            "99.990000" : 463470592
          }
        },
        "lat_ns" : {
          "min" : 3532775,
          "max" : 463260049,
          "mean" : 39497139.775133,
          "stddev" : 58139767.403452,
          "N" : 8107
        },
        "bw_min" : 79872,
        "bw_max" : 1632256,
        "bw_agg" : 100.000000,
        "bw_mean" : 423043.282051,
        "bw_dev" : 554450.236329,
        "bw_samples" : 39,
        "iops_min" : 78,
        "iops_max" : 1594,
        "iops_mean" : 413.128205,
        "iops_stddev" : 541.455309,
        "iops_samples" : 39
      },
      "trim" : {
        "io_bytes" : 0,
        "io_kbytes" : 0,
        "bw_bytes" : 0,
        "bw" : 0,
        "iops" : 0.000000,
        "runtime" : 0,
        "total_ios" : 0,
        "short_ios" : 0,
        "drop_ios" : 0,
        "slat_ns" : {
          "min" : 0,
          "max" : 0,
          "mean" : 0.000000,
          "stddev" : 0.000000,
          "N" : 0
        },
        "clat_ns" : {
          "min" : 0,
          "max" : 0,
          "mean" : 0.000000,
          "stddev" : 0.000000,
          "N" : 0
        },
        "lat_ns" : {
          "min" : 0,
          "max" : 0,
          "mean" : 0.000000,
          "stddev" : 0.000000,
          "N" : 0
        },
        "bw_min" : 0,
        "bw_max" : 0,
        "bw_agg" : 0.000000,
        "bw_mean" : 0.000000,
        "bw_dev" : 0.000000,
        "bw_samples" : 0,
        "iops_min" : 0,
        "iops_max" : 0,
        "iops_mean" : 0.000000,
        "iops_stddev" : 0.000000,
        "iops_samples" : 0
      },
      "sync" : {
        "total_ios" : 0,
        "lat_ns" : {
          "min" : 0,
          "max" : 0,
          "mean" : 0.000000,
          "stddev" : 0.000000,
          "N" : 0
        }
      },
      "job_runtime" : 20017,
      "usr_cpu" : 1.253934,
      "sys_cpu" : 6.049858,
      "ctx" : 8096,
      "majf" : 0,
      "minf" : 13,
      "iodepth_level" : {
        "1" : 0.100000,
        "2" : 0.100000,
        "4" : 0.100000,
        "8" : 0.100000,
        "16" : 99.814975,
        "32" : 0.000000,
        ">=64" : 0.000000
      },
      "iodepth_submit" : {
        "0" : 0.000000,
        "4" : 100.000000,
        "8" : 0.000000,
        "16" : 0.000000,
        "32" : 0.000000,
        "64" : 0.000000,
        ">=64" : 0.000000
      },
      "iodepth_complete" : {
        "0" : 0.000000,
        "4" : 99.987644,
        "8" : 0.000000,
        "16" : 0.100000,
        "32" : 0.000000,
        "64" : 0.000000,
        ">=64" : 0.000000
      },
      "latency_ns" : {
        "2" : 0.000000,
        "4" : 0.000000,
        "10" : 0.000000,
        "20" : 0.000000,
        "50" : 0.000000,
        "100" : 0.000000,
        "250" : 0.000000,
        "500" : 0.000000,
        "750" : 0.000000,
        "1000" : 0.000000
      },
      "latency_us" : {
        "2" : 0.000000,
        "4" : 0.000000,
        "10" : 0.000000,
        "20" : 0.000000,
        "50" : 0.000000,
        "100" : 0.000000,
        "250" : 0.000000,
        "500" : 0.000000,
        "750" : 0.000000,
        "1000" : 0.000000
      },
      "latency_ms" : {
        "2" : 0.000000,
        "4" : 0.234365,
        "10" : 69.224127,
        "20" : 6.574565,
        "50" : 2.096953,
        "100" : 1.233502,
        "250" : 20.130751,
        "500" : 0.505736,
        "750" : 0.000000,
        "1000" : 0.000000,
        "2000" : 0.000000,
        ">=2000" : 0.000000
      },
      "latency_depth" : 16,
      "latency_target" : 0,
      "latency_percentile" : 100.000000,
      "latency_window" : 0
    }
  ],
  "disk_util" : [
    {
      "name" : "nvme0n1",
      "read_ios" : 0,
      "write_ios" : 65902,
      "read_merges" : 0,
      "write_merges" : 24,
      "read_ticks" : 0,
      "write_ticks" : 2483429,
      "in_queue" : 2483574,
      "util" : 95.278390
    }
  ]
}
