{
  "fio version" : "fio-3.33",
  "timestamp" : 1778438449,
  "timestamp_ms" : 1778438449705,
  "time" : "Sun May 10 18:40:49 2026",
  "jobs" : [
    {
      "jobname" : "diskio",
      "groupid" : 0,
      "error" : 0,
      "eta" : 0,
      "elapsed" : 21,
      "job options" : {
        "name" : "diskio",
        "filename" : "/data/fio-testfile",
        "size" : "2G",
        "rw" : "randread",
        "bs" : "16k",
        "direct" : "1",
        "ioengine" : "libaio",
        "iodepth" : "16",
        "numjobs" : "1",
        "runtime" : "20"
      },
      "read" : {
        "io_bytes" : 12766527488,
        "io_kbytes" : 12467312,
        "bw_bytes" : 638294459,
        "bw" : 623334,
        "iops" : 38958.402080,
        "runtime" : 20001,
        "total_ios" : 779207,
        "short_ios" : 0,
        "drop_ios" : 0,
        "slat_ns" : {
          "min" : 6566,
          "max" : 217537,
          "mean" : 10473.006092,
          "stddev" : 3565.802326,
          "N" : 779207
        },
        "clat_ns" : {
          "min" : 38771,
          "max" : 2429093,
          "mean" : 394800.470510,
          "stddev" : 227371.387365,
          "N" : 779207,
          "percentile" : {
            "1.000000" : 88576,
            "5.000000" : 123392,
            "10.000000" : 152576,
            "20.000000" : 199680,
            "30.000000" : 240640,
            "40.000000" : 288768,
            "50.000000" : 342016,
            "60.000000" : 403456,
            "70.000000" : 477184,
            "80.000000" : 569344,
            "90.000000" : 716800,
            "95.000000" : 831488,
            "99.000000" : 1073152,
            "99.500000" : 1171456,
            "99.900000" : 1433600,
            "99.950000" : 1564672,
            "99.990000" : 1908736
          }
        },
        "lat_ns" : {
          "min" : 47364,
          "max" : 2437964,
          "mean" : 405273.476603,
          "stddev" : 227292.016004,
          "N" : 779207
        },
        "bw_min" : 611872,
        "bw_max" : 634016,
        "bw_agg" : 100.000000,
        "bw_mean" : 623951.589744,
        "bw_dev" : 5710.537908,
        "bw_samples" : 39,
        "iops_min" : 38242,
        "iops_max" : 39626,
        "iops_mean" : 38996.974359,
        "iops_stddev" : 356.908619,
        "iops_samples" : 39
      },
      "write" : {
        "io_bytes" : 0,
        "io_kbytes" : 0,
        "bw_bytes" : 0,
        "bw" : 0,
        "iops" : 0.000000,
        "runtime" : 0,
        "total_ios" : 0,
        "short_ios" : 0,
        "drop_ios" : 0,
        "slat_ns" : {
          "min" : 0,
          "max" : 0,
          "mean" : 0.000000,
          "stddev" : 0.000000,
          "N" : 0
        },
        "clat_ns" : {
          "min" : 0,
          "max" : 0,
          "mean" : 0.000000,
          "stddev" : 0.000000,
          "N" : 0
        },
        "lat_ns" : {
          "min" : 0,
          "max" : 0,
          "mean" : 0.000000,
          "stddev" : 0.000000,
          "N" : 0
        },
        "bw_min" : 0,
        "bw_max" : 0,
        "bw_agg" : 0.000000,
        "bw_mean" : 0.000000,
        "bw_dev" : 0.000000,
        "bw_samples" : 0,
        "iops_min" : 0,
        "iops_max" : 0,
        "iops_mean" : 0.000000,
        "iops_stddev" : 0.000000,
        "iops_samples" : 0
      },
      "trim" : {
        "io_bytes" : 0,
        "io_kbytes" : 0,
        "bw_bytes" : 0,
        "bw" : 0,
        "iops" : 0.000000,
        "runtime" : 0,
        "total_ios" : 0,
        "short_ios" : 0,
        "drop_ios" : 0,
        "slat_ns" : {
          "min" : 0,
          "max" : 0,
          "mean" : 0.000000,
          "stddev" : 0.000000,
          "N" : 0
        },
        "clat_ns" : {
          "min" : 0,
          "max" : 0,
          "mean" : 0.000000,
          "stddev" : 0.000000,
          "N" : 0
        },
        "lat_ns" : {
          "min" : 0,
          "max" : 0,
          "mean" : 0.000000,
          "stddev" : 0.000000,
          "N" : 0
        },
        "bw_min" : 0,
        "bw_max" : 0,
        "bw_agg" : 0.000000,
        "bw_mean" : 0.000000,
        "bw_dev" : 0.000000,
        "bw_samples" : 0,
        "iops_min" : 0,
        "iops_max" : 0,
        "iops_mean" : 0.000000,
        "iops_stddev" : 0.000000,
        "iops_samples" : 0
      },
      "sync" : {
        "total_ios" : 0,
        "lat_ns" : {
          "min" : 0,
          "max" : 0,
          "mean" : 0.000000,
          "stddev" : 0.000000,
          "N" : 0
        }
      },
      "job_runtime" : 20000,
      "usr_cpu" : 7.385000,
      "sys_cpu" : 70.455000,
      "ctx" : 114607,
      "majf" : 0,
      "minf" : 75,
      "iodepth_level" : {
        "1" : 0.100000,
        "2" : 0.100000,
        "4" : 0.100000,
        "8" : 0.100000,
        "16" : 99.998075,
        "32" : 0.000000,
        ">=64" : 0.000000
      },
      "iodepth_submit" : {
        "0" : 0.000000,
        "4" : 100.000000,
        "8" : 0.000000,
        "16" : 0.000000,
        "32" : 0.000000,
        "64" : 0.000000,
        ">=64" : 0.000000
      },
      "iodepth_complete" : {
        "0" : 0.000000,
        "4" : 99.999872,
        "8" : 0.000000,
        "16" : 0.100000,
        "32" : 0.000000,
        "64" : 0.000000,
        ">=64" : 0.000000
      },
      "latency_ns" : {
        "2" : 0.000000,
        "4" : 0.000000,
        "10" : 0.000000,
        "20" : 0.000000,
        "50" : 0.000000,
        "100" : 0.000000,
        "250" : 0.000000,
        "500" : 0.000000,
        "750" : 0.000000,
        "1000" : 0.000000
      },
      "latency_us" : {
        "2" : 0.000000,
        "4" : 0.000000,
        "10" : 0.000000,
        "20" : 0.000000,
        "50" : 0.010000,
        "100" : 2.032066,
        "250" : 30.132045,
        "500" : 40.285316,
        "750" : 19.300520,
        "1000" : 6.595552
      },
      "latency_ms" : {
        "2" : 1.648856,
        "4" : 0.010000,
        "10" : 0.000000,
        "20" : 0.000000,
        "50" : 0.000000,
        "100" : 0.000000,
        "250" : 0.000000,
        "500" : 0.000000,
        "750" : 0.000000,
        "1000" : 0.000000,
        "2000" : 0.000000,
        ">=2000" : 0.000000
      },
      "latency_depth" : 16,
      "latency_target" : 0,
      "latency_percentile" : 100.000000,
      "latency_window" : 0
    }
  ],
  "disk_util" : [
    {
      "name" : "nvme0n1",
      "read_ios" : 776100,
      "write_ios" : 37,
      "read_merges" : 0,
      "write_merges" : 18,
      "read_ticks" : 272344,
      "write_ticks" : 11,
      "in_queue" : 272357,
      "util" : 62.194634
    }
  ]
}
