{
  "fio version" : "fio-3.33",
  "timestamp" : 1778438739,
  "timestamp_ms" : 1778438739450,
  "time" : "Sun May 10 18:45:39 2026",
  "jobs" : [
    {
      "jobname" : "diskio",
      "groupid" : 0,
      "error" : 0,
      "eta" : 0,
      "elapsed" : 21,
      "job options" : {
        "name" : "diskio",
        "filename" : "/data/fio-testfile",
        "size" : "2G",
        "rw" : "randread",
        "bs" : "64k",
        "direct" : "1",
        "ioengine" : "libaio",
        "iodepth" : "16",
        "numjobs" : "1",
        "runtime" : "20"
      },
      "read" : {
        "io_bytes" : 19555221504,
        "io_kbytes" : 19096896,
        "bw_bytes" : 977663308,
        "bw" : 954749,
        "iops" : 14917.958204,
        "runtime" : 20002,
        "total_ios" : 298389,
        "short_ios" : 0,
        "drop_ios" : 0,
        "slat_ns" : {
          "min" : 11942,
          "max" : 222508,
          "mean" : 16185.626337,
          "stddev" : 4017.462370,
          "N" : 298389
        },
        "clat_ns" : {
          "min" : 283479,
          "max" : 26568029,
          "mean" : 1051111.641143,
          "stddev" : 682877.307861,
          "N" : 298389,
          "percentile" : {
            "1.000000" : 577536,
            "5.000000" : 684032,
            "10.000000" : 741376,
            "20.000000" : 823296,
            "30.000000" : 888832,
            "40.000000" : 946176,
            "50.000000" : 1003520,
            "60.000000" : 1056768,
            "70.000000" : 1122304,
            "80.000000" : 1220608,
            "90.000000" : 1335296,
            "95.000000" : 1449984,
            "99.000000" : 1679360,
            "99.500000" : 1794048,
            "99.900000" : 15794176,
            "99.950000" : 16580608,
            "99.990000" : 17432576
          }
        },
        "lat_ns" : {
          "min" : 303523,
          "max" : 26582904,
          "mean" : 1067297.267480,
          "stddev" : 682791.221253,
          "N" : 298389
        },
        "bw_min" : 878848,
        "bw_max" : 994432,
        "bw_agg" : 100.000000,
        "bw_mean" : 956051.692308,
        "bw_dev" : 25127.402587,
        "bw_samples" : 39,
        "iops_min" : 13732,
        "iops_max" : 15538,
        "iops_mean" : 14938.307692,
        "iops_stddev" : 392.615665,
        "iops_samples" : 39
      },
      "write" : {
        "io_bytes" : 0,
        "io_kbytes" : 0,
        "bw_bytes" : 0,
        "bw" : 0,
        "iops" : 0.000000,
        "runtime" : 0,
        "total_ios" : 0,
        "short_ios" : 0,
        "drop_ios" : 0,
        "slat_ns" : {
          "min" : 0,
          "max" : 0,
          "mean" : 0.000000,
          "stddev" : 0.000000,
          "N" : 0
        },
        "clat_ns" : {
          "min" : 0,
          "max" : 0,
          "mean" : 0.000000,
          "stddev" : 0.000000,
          "N" : 0
        },
        "lat_ns" : {
          "min" : 0,
          "max" : 0,
          "mean" : 0.000000,
          "stddev" : 0.000000,
          "N" : 0
        },
        "bw_min" : 0,
        "bw_max" : 0,
        "bw_agg" : 0.000000,
        "bw_mean" : 0.000000,
        "bw_dev" : 0.000000,
        "bw_samples" : 0,
        "iops_min" : 0,
        "iops_max" : 0,
        "iops_mean" : 0.000000,
        "iops_stddev" : 0.000000,
        "iops_samples" : 0
      },
      "trim" : {
        "io_bytes" : 0,
        "io_kbytes" : 0,
        "bw_bytes" : 0,
        "bw" : 0,
        "iops" : 0.000000,
        "runtime" : 0,
        "total_ios" : 0,
        "short_ios" : 0,
        "drop_ios" : 0,
        "slat_ns" : {
          "min" : 0,
          "max" : 0,
          "mean" : 0.000000,
          "stddev" : 0.000000,
          "N" : 0
        },
        "clat_ns" : {
          "min" : 0,
          "max" : 0,
          "mean" : 0.000000,
          "stddev" : 0.000000,
          "N" : 0
        },
        "lat_ns" : {
          "min" : 0,
          "max" : 0,
          "mean" : 0.000000,
          "stddev" : 0.000000,
          "N" : 0
        },
        "bw_min" : 0,
        "bw_max" : 0,
        "bw_agg" : 0.000000,
        "bw_mean" : 0.000000,
        "bw_dev" : 0.000000,
        "bw_samples" : 0,
        "iops_min" : 0,
        "iops_max" : 0,
        "iops_mean" : 0.000000,
        "iops_stddev" : 0.000000,
        "iops_samples" : 0
      },
      "sync" : {
        "total_ios" : 0,
        "lat_ns" : {
          "min" : 0,
          "max" : 0,
          "mean" : 0.000000,
          "stddev" : 0.000000,
          "N" : 0
        }
      },
      "job_runtime" : 20001,
      "usr_cpu" : 3.444828,
      "sys_cpu" : 38.863057,
      "ctx" : 183863,
      "majf" : 0,
      "minf" : 266,
      "iodepth_level" : {
        "1" : 0.100000,
        "2" : 0.100000,
        "4" : 0.100000,
        "8" : 0.100000,
        "16" : 99.994973,
        "32" : 0.000000,
        ">=64" : 0.000000
      },
      "iodepth_submit" : {
        "0" : 0.000000,
        "4" : 100.000000,
        "8" : 0.000000,
        "16" : 0.000000,
        "32" : 0.000000,
        "64" : 0.000000,
        ">=64" : 0.000000
      },
      "iodepth_complete" : {
        "0" : 0.000000,
        "4" : 99.999665,
        "8" : 0.000000,
        "16" : 0.100000,
        "32" : 0.000000,
        "64" : 0.000000,
        ">=64" : 0.000000
      },
      "latency_ns" : {
        "2" : 0.000000,
        "4" : 0.000000,
        "10" : 0.000000,
        "20" : 0.000000,
        "50" : 0.000000,
        "100" : 0.000000,
        "250" : 0.000000,
        "500" : 0.000000,
        "750" : 0.000000,
        "1000" : 0.000000
      },
      "latency_us" : {
        "2" : 0.000000,
        "4" : 0.000000,
        "10" : 0.000000,
        "20" : 0.000000,
        "50" : 0.000000,
        "100" : 0.000000,
        "250" : 0.000000,
        "500" : 0.201080,
        "750" : 10.553338,
        "1000" : 39.308420
      },
      "latency_ms" : {
        "2" : 49.691845,
        "4" : 0.039211,
        "10" : 0.000000,
        "20" : 0.197728,
        "50" : 0.010000,
        "100" : 0.000000,
        "250" : 0.000000,
        "500" : 0.000000,
        "750" : 0.000000,
        "1000" : 0.000000,
        "2000" : 0.000000,
        ">=2000" : 0.000000
      },
      "latency_depth" : 16,
      "latency_target" : 0,
      "latency_percentile" : 100.000000,
      "latency_window" : 0
    }
  ],
  "disk_util" : [
    {
      "name" : "nvme0n1",
      "read_ios" : 299677,
      "write_ios" : 50,
      "read_merges" : 0,
      "write_merges" : 40,
      "read_ticks" : 312323,
      "write_ticks" : 37,
      "in_queue" : 312366,
      "util" : 71.618781
    }
  ]
}
