{
  "fio version" : "fio-3.33",
  "timestamp" : 1778438786,
  "timestamp_ms" : 1778438786316,
  "time" : "Sun May 10 18:46:26 2026",
  "jobs" : [
    {
      "jobname" : "diskio",
      "groupid" : 0,
      "error" : 0,
      "eta" : 0,
      "elapsed" : 21,
      "job options" : {
        "name" : "diskio",
        "filename" : "/data/fio-testfile",
        "size" : "2G",
        "rw" : "randwrite",
        "bs" : "64k",
        "direct" : "1",
        "ioengine" : "libaio",
        "iodepth" : "16",
        "numjobs" : "1",
        "runtime" : "20"
      },
      "read" : {
        "io_bytes" : 0,
        "io_kbytes" : 0,
        "bw_bytes" : 0,
        "bw" : 0,
        "iops" : 0.000000,
        "runtime" : 0,
        "total_ios" : 0,
        "short_ios" : 0,
        "drop_ios" : 0,
        "slat_ns" : {
          "min" : 0,
          "max" : 0,
          "mean" : 0.000000,
          "stddev" : 0.000000,
          "N" : 0
        },
        "clat_ns" : {
          "min" : 0,
          "max" : 0,
          "mean" : 0.000000,
          "stddev" : 0.000000,
          "N" : 0
        },
        "lat_ns" : {
          "min" : 0,
          "max" : 0,
          "mean" : 0.000000,
          "stddev" : 0.000000,
          "N" : 0
        },
        "bw_min" : 0,
        "bw_max" : 0,
        "bw_agg" : 0.000000,
        "bw_mean" : 0.000000,
        "bw_dev" : 0.000000,
        "bw_samples" : 0,
        "iops_min" : 0,
        "iops_max" : 0,
        "iops_mean" : 0.000000,
        "iops_stddev" : 0.000000,
        "iops_samples" : 0
      },
      "write" : {
        "io_bytes" : 6691684352,
        "io_kbytes" : 6534848,
        "bw_bytes" : 334433722,
        "bw" : 326595,
        "iops" : 5103.053626,
        "runtime" : 20009,
        "total_ios" : 102107,
        "short_ios" : 0,
        "drop_ios" : 0,
        "slat_ns" : {
          "min" : 11943,
          "max" : 10039290,
          "mean" : 21139.317353,
          "stddev" : 48169.510028,
          "N" : 102107
        },
        "clat_ns" : {
          "min" : 316098,
          "max" : 76716415,
          "mean" : 3108576.975868,
          "stddev" : 4446947.509646,
          "N" : 102107,
          "percentile" : {
            "1.000000" : 387072,
            "5.000000" : 456704,
            "10.000000" : 464896,
            "20.000000" : 477184,
            "30.000000" : 485376,
            "40.000000" : 493568,
            "50.000000" : 528384,
            "60.000000" : 790528,
            "70.000000" : 839680,
            "80.000000" : 8224768,
            "90.000000" : 8716288,
            "95.000000" : 9502720,
            "99.000000" : 16449536,
            "99.500000" : 19529728,
            "99.900000" : 36438016,
            "99.950000" : 42729472,
            "99.990000" : 59506688
          }
        },
        "lat_ns" : {
          "min" : 330207,
          "max" : 76743584,
          "mean" : 3129716.293222,
          "stddev" : 4453016.718336,
          "N" : 102107
        },
        "bw_min" : 83328,
        "bw_max" : 1618048,
        "bw_agg" : 100.000000,
        "bw_mean" : 332245.333333,
        "bw_dev" : 472657.545187,
        "bw_samples" : 39,
        "iops_min" : 1302,
        "iops_max" : 25282,
        "iops_mean" : 5191.333333,
        "iops_stddev" : 7385.274144,
        "iops_samples" : 39
      },
      "trim" : {
        "io_bytes" : 0,
        "io_kbytes" : 0,
        "bw_bytes" : 0,
        "bw" : 0,
        "iops" : 0.000000,
        "runtime" : 0,
        "total_ios" : 0,
        "short_ios" : 0,
        "drop_ios" : 0,
        "slat_ns" : {
          "min" : 0,
          "max" : 0,
          "mean" : 0.000000,
          "stddev" : 0.000000,
          "N" : 0
        },
        "clat_ns" : {
          "min" : 0,
          "max" : 0,
          "mean" : 0.000000,
          "stddev" : 0.000000,
          "N" : 0
        },
        "lat_ns" : {
          "min" : 0,
          "max" : 0,
          "mean" : 0.000000,
          "stddev" : 0.000000,
          "N" : 0
        },
        "bw_min" : 0,
        "bw_max" : 0,
        "bw_agg" : 0.000000,
        "bw_mean" : 0.000000,
        "bw_dev" : 0.000000,
        "bw_samples" : 0,
        "iops_min" : 0,
        "iops_max" : 0,
        "iops_mean" : 0.000000,
        "iops_stddev" : 0.000000,
        "iops_samples" : 0
      },
      "sync" : {
        "total_ios" : 0,
        "lat_ns" : {
          "min" : 0,
          "max" : 0,
          "mean" : 0.000000,
          "stddev" : 0.000000,
          "N" : 0
        }
      },
      "job_runtime" : 20008,
      "usr_cpu" : 1.929228,
      "sys_cpu" : 13.669532,
      "ctx" : 35016,
      "majf" : 0,
      "minf" : 11,
      "iodepth_level" : {
        "1" : 0.100000,
        "2" : 0.100000,
        "4" : 0.100000,
        "8" : 0.100000,
        "16" : 99.985310,
        "32" : 0.000000,
        ">=64" : 0.000000
      },
      "iodepth_submit" : {
        "0" : 0.000000,
        "4" : 100.000000,
        "8" : 0.000000,
        "16" : 0.000000,
        "32" : 0.000000,
        "64" : 0.000000,
        ">=64" : 0.000000
      },
      "iodepth_complete" : {
        "0" : 0.000000,
        "4" : 99.999021,
        "8" : 0.000000,
        "16" : 0.100000,
        "32" : 0.000000,
        "64" : 0.000000,
        ">=64" : 0.000000
      },
      "latency_ns" : {
        "2" : 0.000000,
        "4" : 0.000000,
        "10" : 0.000000,
        "20" : 0.000000,
        "50" : 0.000000,
        "100" : 0.000000,
        "250" : 0.000000,
        "500" : 0.000000,
        "750" : 0.000000,
        "1000" : 0.000000
      },
      "latency_us" : {
        "2" : 0.000000,
        "4" : 0.000000,
        "10" : 0.000000,
        "20" : 0.000000,
        "50" : 0.000000,
        "100" : 0.000000,
        "250" : 0.000000,
        "500" : 43.569981,
        "750" : 12.482004,
        "1000" : 14.683616
      },
      "latency_ms" : {
        "2" : 0.324170,
        "4" : 0.094019,
        "10" : 25.330291,
        "20" : 3.076185,
        "50" : 0.411333,
        "100" : 0.028402,
        "250" : 0.000000,
        "500" : 0.000000,
        "750" : 0.000000,
        "1000" : 0.000000,
        "2000" : 0.000000,
        ">=2000" : 0.000000
      },
      "latency_depth" : 16,
      "latency_target" : 0,
      "latency_percentile" : 100.000000,
      "latency_window" : 0
    }
  ],
  "disk_util" : [
    {
      "name" : "nvme0n1",
      "read_ios" : 22,
      "write_ios" : 102953,
      "read_merges" : 0,
      "write_merges" : 56,
      "read_ticks" : 423,
      "write_ticks" : 309744,
      "in_queue" : 310178,
      "util" : 90.222778
    }
  ]
}
