{
  "fio version" : "fio-3.33",
  "timestamp" : 1778438762,
  "timestamp_ms" : 1778438762878,
  "time" : "Sun May 10 18:46:02 2026",
  "jobs" : [
    {
      "jobname" : "diskio",
      "groupid" : 0,
      "error" : 0,
      "eta" : 0,
      "elapsed" : 21,
      "job options" : {
        "name" : "diskio",
        "filename" : "/data/fio-testfile",
        "size" : "2G",
        "rw" : "randwrite",
        "bs" : "64k",
        "direct" : "1",
        "ioengine" : "libaio",
        "iodepth" : "16",
        "numjobs" : "1",
        "runtime" : "20"
      },
      "read" : {
        "io_bytes" : 0,
        "io_kbytes" : 0,
        "bw_bytes" : 0,
        "bw" : 0,
        "iops" : 0.000000,
        "runtime" : 0,
        "total_ios" : 0,
        "short_ios" : 0,
        "drop_ios" : 0,
        "slat_ns" : {
          "min" : 0,
          "max" : 0,
          "mean" : 0.000000,
          "stddev" : 0.000000,
          "N" : 0
        },
        "clat_ns" : {
          "min" : 0,
          "max" : 0,
          "mean" : 0.000000,
          "stddev" : 0.000000,
          "N" : 0
        },
        "lat_ns" : {
          "min" : 0,
          "max" : 0,
          "mean" : 0.000000,
          "stddev" : 0.000000,
          "N" : 0
        },
        "bw_min" : 0,
        "bw_max" : 0,
        "bw_agg" : 0.000000,
        "bw_mean" : 0.000000,
        "bw_dev" : 0.000000,
        "bw_samples" : 0,
        "iops_min" : 0,
        "iops_max" : 0,
        "iops_mean" : 0.000000,
        "iops_stddev" : 0.000000,
        "iops_samples" : 0
      },
      "write" : {
        "io_bytes" : 5211815936,
        "io_kbytes" : 5089664,
        "bw_bytes" : 260564740,
        "bw" : 254457,
        "iops" : 3975.902410,
        "runtime" : 20002,
        "total_ios" : 79526,
        "short_ios" : 0,
        "drop_ios" : 0,
        "slat_ns" : {
          "min" : 12292,
          "max" : 8023930,
          "mean" : 22204.442572,
          "stddev" : 30659.867604,
          "N" : 79526
        },
        "clat_ns" : {
          "min" : 318609,
          "max" : 124084326,
          "mean" : 3996181.434311,
          "stddev" : 4886054.465785,
          "N" : 79526,
          "percentile" : {
            "1.000000" : 436224,
            "5.000000" : 460800,
            "10.000000" : 468992,
            "20.000000" : 481280,
            "30.000000" : 489472,
            "40.000000" : 514048,
            "50.000000" : 790528,
            "60.000000" : 5668864,
            "70.000000" : 7897088,
            "80.000000" : 8355840,
            "90.000000" : 8716288,
            "95.000000" : 9109504,
            "99.000000" : 16908288,
            "99.500000" : 20840448,
            "99.900000" : 40632320,
            "99.950000" : 54263808,
            "99.990000" : 111673344
          }
        },
        "lat_ns" : {
          "min" : 333416,
          "max" : 124098294,
          "mean" : 4018385.876883,
          "stddev" : 4892013.430260,
          "N" : 79526
        },
        "bw_min" : 65536,
        "bw_max" : 1620224,
        "bw_agg" : 100.000000,
        "bw_mean" : 258107.076923,
        "bw_dev" : 429289.446700,
        "bw_samples" : 39,
        "iops_min" : 1024,
        "iops_max" : 25316,
        "iops_mean" : 4032.923077,
        "iops_stddev" : 6707.647605,
        "iops_samples" : 39
      },
      "trim" : {
        "io_bytes" : 0,
        "io_kbytes" : 0,
        "bw_bytes" : 0,
        "bw" : 0,
        "iops" : 0.000000,
        "runtime" : 0,
        "total_ios" : 0,
        "short_ios" : 0,
        "drop_ios" : 0,
        "slat_ns" : {
          "min" : 0,
          "max" : 0,
          "mean" : 0.000000,
          "stddev" : 0.000000,
          "N" : 0
        },
        "clat_ns" : {
          "min" : 0,
          "max" : 0,
          "mean" : 0.000000,
          "stddev" : 0.000000,
          "N" : 0
        },
        "lat_ns" : {
          "min" : 0,
          "max" : 0,
          "mean" : 0.000000,
          "stddev" : 0.000000,
          "N" : 0
        },
        "bw_min" : 0,
        "bw_max" : 0,
        "bw_agg" : 0.000000,
        "bw_mean" : 0.000000,
        "bw_dev" : 0.000000,
        "bw_samples" : 0,
        "iops_min" : 0,
        "iops_max" : 0,
        "iops_mean" : 0.000000,
        "iops_stddev" : 0.000000,
        "iops_samples" : 0
      },
      "sync" : {
        "total_ios" : 0,
        "lat_ns" : {
          "min" : 0,
          "max" : 0,
          "mean" : 0.000000,
          "stddev" : 0.000000,
          "N" : 0
        }
      },
      "job_runtime" : 20001,
      "usr_cpu" : 1.659917,
      "sys_cpu" : 11.254437,
      "ctx" : 23197,
      "majf" : 0,
      "minf" : 10,
      "iodepth_level" : {
        "1" : 0.100000,
        "2" : 0.100000,
        "4" : 0.100000,
        "8" : 0.100000,
        "16" : 99.981138,
        "32" : 0.000000,
        ">=64" : 0.000000
      },
      "iodepth_submit" : {
        "0" : 0.000000,
        "4" : 100.000000,
        "8" : 0.000000,
        "16" : 0.000000,
        "32" : 0.000000,
        "64" : 0.000000,
        ">=64" : 0.000000
      },
      "iodepth_complete" : {
        "0" : 0.000000,
        "4" : 99.998742,
        "8" : 0.000000,
        "16" : 0.100000,
        "32" : 0.000000,
        "64" : 0.000000,
        ">=64" : 0.000000
      },
      "latency_ns" : {
        "2" : 0.000000,
        "4" : 0.000000,
        "10" : 0.000000,
        "20" : 0.000000,
        "50" : 0.000000,
        "100" : 0.000000,
        "250" : 0.000000,
        "500" : 0.000000,
        "750" : 0.000000,
        "1000" : 0.000000
      },
      "latency_us" : {
        "2" : 0.000000,
        "4" : 0.000000,
        "10" : 0.000000,
        "20" : 0.000000,
        "50" : 0.000000,
        "100" : 0.000000,
        "250" : 0.000000,
        "500" : 36.687373,
        "750" : 9.375550,
        "1000" : 12.690189
      },
      "latency_ms" : {
        "2" : 0.194905,
        "4" : 0.305560,
        "10" : 37.240651,
        "20" : 3.000277,
        "50" : 0.448910,
        "100" : 0.041496,
        "250" : 0.015089,
        "500" : 0.000000,
        "750" : 0.000000,
        "1000" : 0.000000,
        "2000" : 0.000000,
        ">=2000" : 0.000000
      },
      "latency_depth" : 16,
      "latency_target" : 0,
      "latency_percentile" : 100.000000,
      "latency_window" : 0
    }
  ],
  "disk_util" : [
    {
      "name" : "nvme0n1",
      "read_ios" : 0,
      "write_ios" : 80168,
      "read_merges" : 0,
      "write_merges" : 25,
      "read_ticks" : 0,
      "write_ticks" : 311628,
      "in_queue" : 311646,
      "util" : 91.720064
    }
  ]
}
