{
  "fio version" : "fio-3.33",
  "timestamp" : 1778438309,
  "timestamp_ms" : 1778438309113,
  "time" : "Sun May 10 18:38:29 2026",
  "jobs" : [
    {
      "jobname" : "diskio",
      "groupid" : 0,
      "error" : 0,
      "eta" : 0,
      "elapsed" : 21,
      "job options" : {
        "name" : "diskio",
        "filename" : "/data/fio-testfile",
        "size" : "2G",
        "rw" : "read",
        "bs" : "16k",
        "direct" : "1",
        "ioengine" : "libaio",
        "iodepth" : "16",
        "numjobs" : "1",
        "runtime" : "20"
      },
      "read" : {
        "io_bytes" : 17385029632,
        "io_kbytes" : 16977568,
        "bw_bytes" : 869208021,
        "bw" : 848835,
        "iops" : 53052.247388,
        "runtime" : 20001,
        "total_ios" : 1061098,
        "short_ios" : 0,
        "drop_ios" : 0,
        "slat_ns" : {
          "min" : 6495,
          "max" : 177997,
          "mean" : 10779.443932,
          "stddev" : 3047.102547,
          "N" : 1061098
        },
        "clat_ns" : {
          "min" : 25791,
          "max" : 84376005,
          "mean" : 285925.059709,
          "stddev" : 387403.247756,
          "N" : 1061098,
          "percentile" : {
            "1.000000" : 226304,
            "5.000000" : 230400,
            "10.000000" : 238592,
            "20.000000" : 242688,
            "30.000000" : 246784,
            "40.000000" : 257024,
            "50.000000" : 276480,
            "60.000000" : 292864,
            "70.000000" : 296960,
            "80.000000" : 301056,
            "90.000000" : 313344,
            "95.000000" : 325632,
            "99.000000" : 477184,
            "99.500000" : 626688,
            "99.900000" : 1875968,
            "99.950000" : 3948544,
            "99.990000" : 9109504
          }
        },
        "lat_ns" : {
          "min" : 34481,
          "max" : 84384175,
          "mean" : 296704.503641,
          "stddev" : 387513.059190,
          "N" : 1061098
        },
        "bw_min" : 759936,
        "bw_max" : 974944,
        "bw_agg" : 99.746363,
        "bw_mean" : 846683.897436,
        "bw_dev" : 64392.358641,
        "bw_samples" : 39,
        "iops_min" : 47496,
        "iops_max" : 60934,
        "iops_mean" : 52917.743590,
        "iops_stddev" : 4024.388968,
        "iops_samples" : 39
      },
      "write" : {
        "io_bytes" : 0,
        "io_kbytes" : 0,
        "bw_bytes" : 0,
        "bw" : 0,
        "iops" : 0.000000,
        "runtime" : 0,
        "total_ios" : 0,
        "short_ios" : 0,
        "drop_ios" : 0,
        "slat_ns" : {
          "min" : 0,
          "max" : 0,
          "mean" : 0.000000,
          "stddev" : 0.000000,
          "N" : 0
        },
        "clat_ns" : {
          "min" : 0,
          "max" : 0,
          "mean" : 0.000000,
          "stddev" : 0.000000,
          "N" : 0
        },
        "lat_ns" : {
          "min" : 0,
          "max" : 0,
          "mean" : 0.000000,
          "stddev" : 0.000000,
          "N" : 0
        },
        "bw_min" : 0,
        "bw_max" : 0,
        "bw_agg" : 0.000000,
        "bw_mean" : 0.000000,
        "bw_dev" : 0.000000,
        "bw_samples" : 0,
        "iops_min" : 0,
        "iops_max" : 0,
        "iops_mean" : 0.000000,
        "iops_stddev" : 0.000000,
        "iops_samples" : 0
      },
      "trim" : {
        "io_bytes" : 0,
        "io_kbytes" : 0,
        "bw_bytes" : 0,
        "bw" : 0,
        "iops" : 0.000000,
        "runtime" : 0,
        "total_ios" : 0,
        "short_ios" : 0,
        "drop_ios" : 0,
        "slat_ns" : {
          "min" : 0,
          "max" : 0,
          "mean" : 0.000000,
          "stddev" : 0.000000,
          "N" : 0
        },
        "clat_ns" : {
          "min" : 0,
          "max" : 0,
          "mean" : 0.000000,
          "stddev" : 0.000000,
          "N" : 0
        },
        "lat_ns" : {
          "min" : 0,
          "max" : 0,
          "mean" : 0.000000,
          "stddev" : 0.000000,
          "N" : 0
        },
        "bw_min" : 0,
        "bw_max" : 0,
        "bw_agg" : 0.000000,
        "bw_mean" : 0.000000,
        "bw_dev" : 0.000000,
        "bw_samples" : 0,
        "iops_min" : 0,
        "iops_max" : 0,
        "iops_mean" : 0.000000,
        "iops_stddev" : 0.000000,
        "iops_samples" : 0
      },
      "sync" : {
        "total_ios" : 0,
        "lat_ns" : {
          "min" : 0,
          "max" : 0,
          "mean" : 0.000000,
          "stddev" : 0.000000,
          "N" : 0
        }
      },
      "job_runtime" : 20000,
      "usr_cpu" : 8.270000,
      "sys_cpu" : 87.735000,
      "ctx" : 3408,
      "majf" : 0,
      "minf" : 76,
      "iodepth_level" : {
        "1" : 0.100000,
        "2" : 0.100000,
        "4" : 0.100000,
        "8" : 0.100000,
        "16" : 99.998586,
        "32" : 0.000000,
        ">=64" : 0.000000
      },
      "iodepth_submit" : {
        "0" : 0.000000,
        "4" : 100.000000,
        "8" : 0.000000,
        "16" : 0.000000,
        "32" : 0.000000,
        "64" : 0.000000,
        ">=64" : 0.000000
      },
      "iodepth_complete" : {
        "0" : 0.000000,
        "4" : 99.999906,
        "8" : 0.000000,
        "16" : 0.100000,
        "32" : 0.000000,
        "64" : 0.000000,
        ">=64" : 0.000000
      },
      "latency_ns" : {
        "2" : 0.000000,
        "4" : 0.000000,
        "10" : 0.000000,
        "20" : 0.000000,
        "50" : 0.000000,
        "100" : 0.000000,
        "250" : 0.000000,
        "500" : 0.000000,
        "750" : 0.000000,
        "1000" : 0.000000
      },
      "latency_us" : {
        "2" : 0.000000,
        "4" : 0.000000,
        "10" : 0.000000,
        "20" : 0.000000,
        "50" : 0.010000,
        "100" : 0.010000,
        "250" : 33.605944,
        "500" : 65.502527,
        "750" : 0.504289,
        "1000" : 0.120159
      },
      "latency_ms" : {
        "2" : 0.177552,
        "4" : 0.038451,
        "10" : 0.046933,
        "20" : 0.010000,
        "50" : 0.000000,
        "100" : 0.010000,
        "250" : 0.000000,
        "500" : 0.000000,
        "750" : 0.000000,
        "1000" : 0.000000,
        "2000" : 0.000000,
        ">=2000" : 0.000000
      },
      "latency_depth" : 16,
      "latency_target" : 0,
      "latency_percentile" : 100.000000,
      "latency_window" : 0
    }
  ],
  "disk_util" : [
    {
      "name" : "nvme0n1",
      "read_ios" : 1055986,
      "write_ios" : 106,
      "read_merges" : 0,
      "write_merges" : 86,
      "read_ticks" : 44878,
      "write_ticks" : 219,
      "in_queue" : 45108,
      "util" : 63.158422
    }
  ]
}
