{
  "fio version" : "fio-3.33",
  "timestamp" : 1778439262,
  "timestamp_ms" : 1778439262756,
  "time" : "Sun May 10 18:54:22 2026",
  "jobs" : [
    {
      "jobname" : "diskio",
      "groupid" : 0,
      "error" : 0,
      "eta" : 0,
      "elapsed" : 21,
      "job options" : {
        "name" : "diskio",
        "filename" : "/data/fio-testfile",
        "size" : "2G",
        "rw" : "randread",
        "bs" : "1m",
        "direct" : "1",
        "ioengine" : "libaio",
        "iodepth" : "16",
        "numjobs" : "1",
        "runtime" : "20"
      },
      "read" : {
        "io_bytes" : 56563335168,
        "io_kbytes" : 55237632,
        "bw_bytes" : 2827318562,
        "bw" : 2761053,
        "iops" : 2696.341098,
        "runtime" : 20006,
        "total_ios" : 53943,
        "short_ios" : 0,
        "drop_ios" : 0,
        "slat_ns" : {
          "min" : 103860,
          "max" : 1244289,
          "mean" : 125195.855069,
          "stddev" : 21053.276384,
          "N" : 53943
        },
        "clat_ns" : {
          "min" : 2016425,
          "max" : 10962639,
          "mean" : 5801745.438593,
          "stddev" : 251792.474819,
          "N" : 53943,
          "percentile" : {
            "1.000000" : 5537792,
            "5.000000" : 5603328,
            "10.000000" : 5668864,
            "20.000000" : 5668864,
            "30.000000" : 5734400,
            "40.000000" : 5734400,
            "50.000000" : 5799936,
            "60.000000" : 5799936,
            "70.000000" : 5799936,
            "80.000000" : 5865472,
            "90.000000" : 5931008,
            "95.000000" : 5996544,
            "99.000000" : 7176192,
            "99.500000" : 7503872,
            "99.900000" : 7831552,
            "99.950000" : 8028160,
            "99.990000" : 9895936
          }
        },
        "lat_ns" : {
          "min" : 2154509,
          "max" : 11963401,
          "mean" : 5926941.293662,
          "stddev" : 251539.973070,
          "N" : 53943
        },
        "bw_min" : 2717696,
        "bw_max" : 2789376,
        "bw_agg" : 100.000000,
        "bw_mean" : 2762489.435897,
        "bw_dev" : 14619.451887,
        "bw_samples" : 39,
        "iops_min" : 2654,
        "iops_max" : 2724,
        "iops_mean" : 2697.743590,
        "iops_stddev" : 14.276808,
        "iops_samples" : 39
      },
      "write" : {
        "io_bytes" : 0,
        "io_kbytes" : 0,
        "bw_bytes" : 0,
        "bw" : 0,
        "iops" : 0.000000,
        "runtime" : 0,
        "total_ios" : 0,
        "short_ios" : 0,
        "drop_ios" : 0,
        "slat_ns" : {
          "min" : 0,
          "max" : 0,
          "mean" : 0.000000,
          "stddev" : 0.000000,
          "N" : 0
        },
        "clat_ns" : {
          "min" : 0,
          "max" : 0,
          "mean" : 0.000000,
          "stddev" : 0.000000,
          "N" : 0
        },
        "lat_ns" : {
          "min" : 0,
          "max" : 0,
          "mean" : 0.000000,
          "stddev" : 0.000000,
          "N" : 0
        },
        "bw_min" : 0,
        "bw_max" : 0,
        "bw_agg" : 0.000000,
        "bw_mean" : 0.000000,
        "bw_dev" : 0.000000,
        "bw_samples" : 0,
        "iops_min" : 0,
        "iops_max" : 0,
        "iops_mean" : 0.000000,
        "iops_stddev" : 0.000000,
        "iops_samples" : 0
      },
      "trim" : {
        "io_bytes" : 0,
        "io_kbytes" : 0,
        "bw_bytes" : 0,
        "bw" : 0,
        "iops" : 0.000000,
        "runtime" : 0,
        "total_ios" : 0,
        "short_ios" : 0,
        "drop_ios" : 0,
        "slat_ns" : {
          "min" : 0,
          "max" : 0,
          "mean" : 0.000000,
          "stddev" : 0.000000,
          "N" : 0
        },
        "clat_ns" : {
          "min" : 0,
          "max" : 0,
          "mean" : 0.000000,
          "stddev" : 0.000000,
          "N" : 0
        },
        "lat_ns" : {
          "min" : 0,
          "max" : 0,
          "mean" : 0.000000,
          "stddev" : 0.000000,
          "N" : 0
        },
        "bw_min" : 0,
        "bw_max" : 0,
        "bw_agg" : 0.000000,
        "bw_mean" : 0.000000,
        "bw_dev" : 0.000000,
        "bw_samples" : 0,
        "iops_min" : 0,
        "iops_max" : 0,
        "iops_mean" : 0.000000,
        "iops_stddev" : 0.000000,
        "iops_samples" : 0
      },
      "sync" : {
        "total_ios" : 0,
        "lat_ns" : {
          "min" : 0,
          "max" : 0,
          "mean" : 0.000000,
          "stddev" : 0.000000,
          "N" : 0
        }
      },
      "job_runtime" : 20005,
      "usr_cpu" : 0.789803,
      "sys_cpu" : 40.319920,
      "ctx" : 53922,
      "majf" : 0,
      "minf" : 4106,
      "iodepth_level" : {
        "1" : 0.100000,
        "2" : 0.100000,
        "4" : 0.100000,
        "8" : 0.100000,
        "16" : 99.972193,
        "32" : 0.000000,
        ">=64" : 0.000000
      },
      "iodepth_submit" : {
        "0" : 0.000000,
        "4" : 100.000000,
        "8" : 0.000000,
        "16" : 0.000000,
        "32" : 0.000000,
        "64" : 0.000000,
        ">=64" : 0.000000
      },
      "iodepth_complete" : {
        "0" : 0.000000,
        "4" : 99.998146,
        "8" : 0.000000,
        "16" : 0.100000,
        "32" : 0.000000,
        "64" : 0.000000,
        ">=64" : 0.000000
      },
      "latency_ns" : {
        "2" : 0.000000,
        "4" : 0.000000,
        "10" : 0.000000,
        "20" : 0.000000,
        "50" : 0.000000,
        "100" : 0.000000,
        "250" : 0.000000,
        "500" : 0.000000,
        "750" : 0.000000,
        "1000" : 0.000000
      },
      "latency_us" : {
        "2" : 0.000000,
        "4" : 0.000000,
        "10" : 0.000000,
        "20" : 0.000000,
        "50" : 0.000000,
        "100" : 0.000000,
        "250" : 0.000000,
        "500" : 0.000000,
        "750" : 0.000000,
        "1000" : 0.000000
      },
      "latency_ms" : {
        "2" : 0.000000,
        "4" : 0.031515,
        "10" : 99.959216,
        "20" : 0.010000,
        "50" : 0.000000,
        "100" : 0.000000,
        "250" : 0.000000,
        "500" : 0.000000,
        "750" : 0.000000,
        "1000" : 0.000000,
        "2000" : 0.000000,
        ">=2000" : 0.000000
      },
      "latency_depth" : 16,
      "latency_target" : 0,
      "latency_percentile" : 100.000000,
      "latency_window" : 0
    }
  ],
  "disk_util" : [
    {
      "name" : "nvme0n1",
      "read_ios" : 437164,
      "write_ios" : 24,
      "read_merges" : 0,
      "write_merges" : 26,
      "read_ticks" : 2486608,
      "write_ticks" : 62,
      "in_queue" : 2486681,
      "util" : 84.969970
    }
  ]
}
