{
  "fio version" : "fio-3.33",
  "timestamp" : 1778439145,
  "timestamp_ms" : 1778439145516,
  "time" : "Sun May 10 18:52:25 2026",
  "jobs" : [
    {
      "jobname" : "diskio",
      "groupid" : 0,
      "error" : 0,
      "eta" : 0,
      "elapsed" : 21,
      "job options" : {
        "name" : "diskio",
        "filename" : "/data/fio-testfile",
        "size" : "2G",
        "rw" : "read",
        "bs" : "1m",
        "direct" : "1",
        "ioengine" : "libaio",
        "iodepth" : "16",
        "numjobs" : "1",
        "runtime" : "20"
      },
      "read" : {
        "io_bytes" : 58406731776,
        "io_kbytes" : 57037824,
        "bw_bytes" : 2919460750,
        "bw" : 2851035,
        "iops" : 2784.214736,
        "runtime" : 20006,
        "total_ios" : 55701,
        "short_ios" : 0,
        "drop_ios" : 0,
        "slat_ns" : {
          "min" : 105818,
          "max" : 1553385,
          "mean" : 129210.069604,
          "stddev" : 23317.018783,
          "N" : 55701
        },
        "clat_ns" : {
          "min" : 1904224,
          "max" : 32630527,
          "mean" : 5610499.078239,
          "stddev" : 1701919.030875,
          "N" : 55701,
          "percentile" : {
            "1.000000" : 5275648,
            "5.000000" : 5275648,
            "10.000000" : 5341184,
            "20.000000" : 5341184,
            "30.000000" : 5341184,
            "40.000000" : 5406720,
            "50.000000" : 5406720,
            "60.000000" : 5406720,
            "70.000000" : 5472256,
            "80.000000" : 5472256,
            "90.000000" : 5537792,
            "95.000000" : 5603328,
            "99.000000" : 17956864,
            "99.500000" : 20054016,
            "99.900000" : 24772608,
            "99.950000" : 28180480,
            "99.990000" : 32636928
          }
        },
        "lat_ns" : {
          "min" : 2060191,
          "max" : 32755481,
          "mean" : 5739709.147843,
          "stddev" : 1702022.008013,
          "N" : 55701
        },
        "bw_min" : 2588672,
        "bw_max" : 2961408,
        "bw_agg" : 99.995970,
        "bw_mean" : 2850921.025641,
        "bw_dev" : 89576.297000,
        "bw_samples" : 39,
        "iops_min" : 2528,
        "iops_max" : 2892,
        "iops_mean" : 2784.102564,
        "iops_stddev" : 87.476853,
        "iops_samples" : 39
      },
      "write" : {
        "io_bytes" : 0,
        "io_kbytes" : 0,
        "bw_bytes" : 0,
        "bw" : 0,
        "iops" : 0.000000,
        "runtime" : 0,
        "total_ios" : 0,
        "short_ios" : 0,
        "drop_ios" : 0,
        "slat_ns" : {
          "min" : 0,
          "max" : 0,
          "mean" : 0.000000,
          "stddev" : 0.000000,
          "N" : 0
        },
        "clat_ns" : {
          "min" : 0,
          "max" : 0,
          "mean" : 0.000000,
          "stddev" : 0.000000,
          "N" : 0
        },
        "lat_ns" : {
          "min" : 0,
          "max" : 0,
          "mean" : 0.000000,
          "stddev" : 0.000000,
          "N" : 0
        },
        "bw_min" : 0,
        "bw_max" : 0,
        "bw_agg" : 0.000000,
        "bw_mean" : 0.000000,
        "bw_dev" : 0.000000,
        "bw_samples" : 0,
        "iops_min" : 0,
        "iops_max" : 0,
        "iops_mean" : 0.000000,
        "iops_stddev" : 0.000000,
        "iops_samples" : 0
      },
      "trim" : {
        "io_bytes" : 0,
        "io_kbytes" : 0,
        "bw_bytes" : 0,
        "bw" : 0,
        "iops" : 0.000000,
        "runtime" : 0,
        "total_ios" : 0,
        "short_ios" : 0,
        "drop_ios" : 0,
        "slat_ns" : {
          "min" : 0,
          "max" : 0,
          "mean" : 0.000000,
          "stddev" : 0.000000,
          "N" : 0
        },
        "clat_ns" : {
          "min" : 0,
          "max" : 0,
          "mean" : 0.000000,
          "stddev" : 0.000000,
          "N" : 0
        },
        "lat_ns" : {
          "min" : 0,
          "max" : 0,
          "mean" : 0.000000,
          "stddev" : 0.000000,
          "N" : 0
        },
        "bw_min" : 0,
        "bw_max" : 0,
        "bw_agg" : 0.000000,
        "bw_mean" : 0.000000,
        "bw_dev" : 0.000000,
        "bw_samples" : 0,
        "iops_min" : 0,
        "iops_max" : 0,
        "iops_mean" : 0.000000,
        "iops_stddev" : 0.000000,
        "iops_samples" : 0
      },
      "sync" : {
        "total_ios" : 0,
        "lat_ns" : {
          "min" : 0,
          "max" : 0,
          "mean" : 0.000000,
          "stddev" : 0.000000,
          "N" : 0
        }
      },
      "job_runtime" : 20005,
      "usr_cpu" : 0.684829,
      "sys_cpu" : 42.459385,
      "ctx" : 55474,
      "majf" : 0,
      "minf" : 4106,
      "iodepth_level" : {
        "1" : 0.100000,
        "2" : 0.100000,
        "4" : 0.100000,
        "8" : 0.100000,
        "16" : 99.973071,
        "32" : 0.000000,
        ">=64" : 0.000000
      },
      "iodepth_submit" : {
        "0" : 0.000000,
        "4" : 100.000000,
        "8" : 0.000000,
        "16" : 0.000000,
        "32" : 0.000000,
        "64" : 0.000000,
        ">=64" : 0.000000
      },
      "iodepth_complete" : {
        "0" : 0.000000,
        "4" : 99.998204,
        "8" : 0.000000,
        "16" : 0.100000,
        "32" : 0.000000,
        "64" : 0.000000,
        ">=64" : 0.000000
      },
      "latency_ns" : {
        "2" : 0.000000,
        "4" : 0.000000,
        "10" : 0.000000,
        "20" : 0.000000,
        "50" : 0.000000,
        "100" : 0.000000,
        "250" : 0.000000,
        "500" : 0.000000,
        "750" : 0.000000,
        "1000" : 0.000000
      },
      "latency_us" : {
        "2" : 0.000000,
        "4" : 0.000000,
        "10" : 0.000000,
        "20" : 0.000000,
        "50" : 0.000000,
        "100" : 0.000000,
        "250" : 0.000000,
        "500" : 0.000000,
        "750" : 0.000000,
        "1000" : 0.000000
      },
      "latency_ms" : {
        "2" : 0.010000,
        "4" : 0.021544,
        "10" : 98.619414,
        "20" : 0.816861,
        "50" : 0.538590,
        "100" : 0.000000,
        "250" : 0.000000,
        "500" : 0.000000,
        "750" : 0.000000,
        "1000" : 0.000000,
        "2000" : 0.000000,
        ">=2000" : 0.000000
      },
      "latency_depth" : 16,
      "latency_target" : 0,
      "latency_percentile" : 100.000000,
      "latency_window" : 0
    }
  ],
  "disk_util" : [
    {
      "name" : "nvme0n1",
      "read_ios" : 451352,
      "write_ios" : 55,
      "read_merges" : 0,
      "write_merges" : 41,
      "read_ticks" : 2483966,
      "write_ticks" : 188,
      "in_queue" : 2484171,
      "util" : 85.466834
    }
  ]
}
