{
  "fio version" : "fio-3.33",
  "timestamp" : 1778438551,
  "timestamp_ms" : 1778438551955,
  "time" : "Sun May 10 18:42:31 2026",
  "jobs" : [
    {
      "jobname" : "diskio",
      "groupid" : 0,
      "error" : 0,
      "eta" : 0,
      "elapsed" : 21,
      "job options" : {
        "name" : "diskio",
        "filename" : "/data/fio-testfile",
        "size" : "2G",
        "rw" : "read",
        "bs" : "64k",
        "direct" : "1",
        "ioengine" : "libaio",
        "iodepth" : "16",
        "numjobs" : "1",
        "runtime" : "20"
      },
      "read" : {
        "io_bytes" : 41507815424,
        "io_kbytes" : 40534976,
        "bw_bytes" : 2075287006,
        "bw" : 2026647,
        "iops" : 31666.366682,
        "runtime" : 20001,
        "total_ios" : 633359,
        "short_ios" : 0,
        "drop_ios" : 0,
        "slat_ns" : {
          "min" : 11794,
          "max" : 203442,
          "mean" : 17066.569470,
          "stddev" : 4800.095808,
          "N" : 633359
        },
        "clat_ns" : {
          "min" : 267645,
          "max" : 9053752,
          "mean" : 483358.109852,
          "stddev" : 251439.390270,
          "N" : 633359,
          "percentile" : {
            "1.000000" : 313344,
            "5.000000" : 321536,
            "10.000000" : 329728,
            "20.000000" : 342016,
            "30.000000" : 370688,
            "40.000000" : 387072,
            "50.000000" : 399360,
            "60.000000" : 411648,
            "70.000000" : 428032,
            "80.000000" : 528384,
            "90.000000" : 823296,
            "95.000000" : 962560,
            "99.000000" : 1548288,
            "99.500000" : 1826816,
            "99.900000" : 2375680,
            "99.950000" : 2539520,
            "99.990000" : 2736128
          }
        },
        "lat_ns" : {
          "min" : 281464,
          "max" : 9069380,
          "mean" : 500424.679322,
          "stddev" : 251121.842804,
          "N" : 633359
        },
        "bw_min" : 1902336,
        "bw_max" : 2112896,
        "bw_agg" : 100.000000,
        "bw_mean" : 2027595.487179,
        "bw_dev" : 51922.587099,
        "bw_samples" : 39,
        "iops_min" : 29724,
        "iops_max" : 33014,
        "iops_mean" : 31681.179487,
        "iops_stddev" : 811.290423,
        "iops_samples" : 39
      },
      "write" : {
        "io_bytes" : 0,
        "io_kbytes" : 0,
        "bw_bytes" : 0,
        "bw" : 0,
        "iops" : 0.000000,
        "runtime" : 0,
        "total_ios" : 0,
        "short_ios" : 0,
        "drop_ios" : 0,
        "slat_ns" : {
          "min" : 0,
          "max" : 0,
          "mean" : 0.000000,
          "stddev" : 0.000000,
          "N" : 0
        },
        "clat_ns" : {
          "min" : 0,
          "max" : 0,
          "mean" : 0.000000,
          "stddev" : 0.000000,
          "N" : 0
        },
        "lat_ns" : {
          "min" : 0,
          "max" : 0,
          "mean" : 0.000000,
          "stddev" : 0.000000,
          "N" : 0
        },
        "bw_min" : 0,
        "bw_max" : 0,
        "bw_agg" : 0.000000,
        "bw_mean" : 0.000000,
        "bw_dev" : 0.000000,
        "bw_samples" : 0,
        "iops_min" : 0,
        "iops_max" : 0,
        "iops_mean" : 0.000000,
        "iops_stddev" : 0.000000,
        "iops_samples" : 0
      },
      "trim" : {
        "io_bytes" : 0,
        "io_kbytes" : 0,
        "bw_bytes" : 0,
        "bw" : 0,
        "iops" : 0.000000,
        "runtime" : 0,
        "total_ios" : 0,
        "short_ios" : 0,
        "drop_ios" : 0,
        "slat_ns" : {
          "min" : 0,
          "max" : 0,
          "mean" : 0.000000,
          "stddev" : 0.000000,
          "N" : 0
        },
        "clat_ns" : {
          "min" : 0,
          "max" : 0,
          "mean" : 0.000000,
          "stddev" : 0.000000,
          "N" : 0
        },
        "lat_ns" : {
          "min" : 0,
          "max" : 0,
          "mean" : 0.000000,
          "stddev" : 0.000000,
          "N" : 0
        },
        "bw_min" : 0,
        "bw_max" : 0,
        "bw_agg" : 0.000000,
        "bw_mean" : 0.000000,
        "bw_dev" : 0.000000,
        "bw_samples" : 0,
        "iops_min" : 0,
        "iops_max" : 0,
        "iops_mean" : 0.000000,
        "iops_stddev" : 0.000000,
        "iops_samples" : 0
      },
      "sync" : {
        "total_ios" : 0,
        "lat_ns" : {
          "min" : 0,
          "max" : 0,
          "mean" : 0.000000,
          "stddev" : 0.000000,
          "N" : 0
        }
      },
      "job_runtime" : 20000,
      "usr_cpu" : 5.780000,
      "sys_cpu" : 72.810000,
      "ctx" : 19359,
      "majf" : 0,
      "minf" : 268,
      "iodepth_level" : {
        "1" : 0.100000,
        "2" : 0.100000,
        "4" : 0.100000,
        "8" : 0.100000,
        "16" : 99.997632,
        "32" : 0.000000,
        ">=64" : 0.000000
      },
      "iodepth_submit" : {
        "0" : 0.000000,
        "4" : 100.000000,
        "8" : 0.000000,
        "16" : 0.000000,
        "32" : 0.000000,
        "64" : 0.000000,
        ">=64" : 0.000000
      },
      "iodepth_complete" : {
        "0" : 0.000000,
        "4" : 99.999842,
        "8" : 0.000000,
        "16" : 0.100000,
        "32" : 0.000000,
        "64" : 0.000000,
        ">=64" : 0.000000
      },
      "latency_ns" : {
        "2" : 0.000000,
        "4" : 0.000000,
        "10" : 0.000000,
        "20" : 0.000000,
        "50" : 0.000000,
        "100" : 0.000000,
        "250" : 0.000000,
        "500" : 0.000000,
        "750" : 0.000000,
        "1000" : 0.000000
      },
      "latency_us" : {
        "2" : 0.000000,
        "4" : 0.000000,
        "10" : 0.000000,
        "20" : 0.000000,
        "50" : 0.000000,
        "100" : 0.000000,
        "250" : 0.000000,
        "500" : 78.994378,
        "750" : 8.525812,
        "1000" : 8.321505
      },
      "latency_ms" : {
        "2" : 3.922420,
        "4" : 0.233359,
        "10" : 0.010000,
        "20" : 0.000000,
        "50" : 0.000000,
        "100" : 0.000000,
        "250" : 0.000000,
        "500" : 0.000000,
        "750" : 0.000000,
        "1000" : 0.000000,
        "2000" : 0.000000,
        ">=2000" : 0.000000
      },
      "latency_depth" : 16,
      "latency_target" : 0,
      "latency_percentile" : 100.000000,
      "latency_window" : 0
    }
  ],
  "disk_util" : [
    {
      "name" : "nvme0n1",
      "read_ios" : 636116,
      "write_ios" : 191,
      "read_merges" : 0,
      "write_merges" : 297,
      "read_ticks" : 224662,
      "write_ticks" : 52,
      "in_queue" : 224717,
      "util" : 69.549982
    }
  ]
}
