{
  "fio version" : "fio-3.33",
  "timestamp" : 1778438809,
  "timestamp_ms" : 1778438809740,
  "time" : "Sun May 10 18:46:49 2026",
  "jobs" : [
    {
      "jobname" : "diskio",
      "groupid" : 0,
      "error" : 0,
      "eta" : 0,
      "elapsed" : 21,
      "job options" : {
        "name" : "diskio",
        "filename" : "/data/fio-testfile",
        "size" : "2G",
        "rw" : "randwrite",
        "bs" : "64k",
        "direct" : "1",
        "ioengine" : "libaio",
        "iodepth" : "16",
        "numjobs" : "1",
        "runtime" : "20"
      },
      "read" : {
        "io_bytes" : 0,
        "io_kbytes" : 0,
        "bw_bytes" : 0,
        "bw" : 0,
        "iops" : 0.000000,
        "runtime" : 0,
        "total_ios" : 0,
        "short_ios" : 0,
        "drop_ios" : 0,
        "slat_ns" : {
          "min" : 0,
          "max" : 0,
          "mean" : 0.000000,
          "stddev" : 0.000000,
          "N" : 0
        },
        "clat_ns" : {
          "min" : 0,
          "max" : 0,
          "mean" : 0.000000,
          "stddev" : 0.000000,
          "N" : 0
        },
        "lat_ns" : {
          "min" : 0,
          "max" : 0,
          "mean" : 0.000000,
          "stddev" : 0.000000,
          "N" : 0
        },
        "bw_min" : 0,
        "bw_max" : 0,
        "bw_agg" : 0.000000,
        "bw_mean" : 0.000000,
        "bw_dev" : 0.000000,
        "bw_samples" : 0,
        "iops_min" : 0,
        "iops_max" : 0,
        "iops_mean" : 0.000000,
        "iops_stddev" : 0.000000,
        "iops_samples" : 0
      },
      "write" : {
        "io_bytes" : 6486032384,
        "io_kbytes" : 6334016,
        "bw_bytes" : 324171950,
        "bw" : 316574,
        "iops" : 4946.471411,
        "runtime" : 20008,
        "total_ios" : 98969,
        "short_ios" : 0,
        "drop_ios" : 0,
        "slat_ns" : {
          "min" : 11803,
          "max" : 8579519,
          "mean" : 20753.586881,
          "stddev" : 37016.257438,
          "N" : 98969
        },
        "clat_ns" : {
          "min" : 305694,
          "max" : 67168071,
          "mean" : 3208230.447625,
          "stddev" : 4495891.846602,
          "N" : 98969,
          "percentile" : {
            "1.000000" : 399360,
            "5.000000" : 460800,
            "10.000000" : 464896,
            "20.000000" : 477184,
            "30.000000" : 485376,
            "40.000000" : 493568,
            "50.000000" : 536576,
            "60.000000" : 798720,
            "70.000000" : 2023424,
            "80.000000" : 8355840,
            "90.000000" : 8847360,
            "95.000000" : 9240576,
            "99.000000" : 16908288,
            "99.500000" : 19267584,
            "99.900000" : 36962304,
            "99.950000" : 42729472,
            "99.990000" : 59506688
          }
        },
        "lat_ns" : {
          "min" : 323992,
          "max" : 67198103,
          "mean" : 3228984.034506,
          "stddev" : 4502332.582914,
          "N" : 98969
        },
        "bw_min" : 85376,
        "bw_max" : 1619328,
        "bw_agg" : 100.000000,
        "bw_mean" : 322021.743590,
        "bw_dev" : 481808.977992,
        "bw_samples" : 39,
        "iops_min" : 1334,
        "iops_max" : 25302,
        "iops_mean" : 5031.589744,
        "iops_stddev" : 7528.265281,
        "iops_samples" : 39
      },
      "trim" : {
        "io_bytes" : 0,
        "io_kbytes" : 0,
        "bw_bytes" : 0,
        "bw" : 0,
        "iops" : 0.000000,
        "runtime" : 0,
        "total_ios" : 0,
        "short_ios" : 0,
        "drop_ios" : 0,
        "slat_ns" : {
          "min" : 0,
          "max" : 0,
          "mean" : 0.000000,
          "stddev" : 0.000000,
          "N" : 0
        },
        "clat_ns" : {
          "min" : 0,
          "max" : 0,
          "mean" : 0.000000,
          "stddev" : 0.000000,
          "N" : 0
        },
        "lat_ns" : {
          "min" : 0,
          "max" : 0,
          "mean" : 0.000000,
          "stddev" : 0.000000,
          "N" : 0
        },
        "bw_min" : 0,
        "bw_max" : 0,
        "bw_agg" : 0.000000,
        "bw_mean" : 0.000000,
        "bw_dev" : 0.000000,
        "bw_samples" : 0,
        "iops_min" : 0,
        "iops_max" : 0,
        "iops_mean" : 0.000000,
        "iops_stddev" : 0.000000,
        "iops_samples" : 0
      },
      "sync" : {
        "total_ios" : 0,
        "lat_ns" : {
          "min" : 0,
          "max" : 0,
          "mean" : 0.000000,
          "stddev" : 0.000000,
          "N" : 0
        }
      },
      "job_runtime" : 20007,
      "usr_cpu" : 1.639426,
      "sys_cpu" : 13.515270,
      "ctx" : 31001,
      "majf" : 0,
      "minf" : 10,
      "iodepth_level" : {
        "1" : 0.100000,
        "2" : 0.100000,
        "4" : 0.100000,
        "8" : 0.100000,
        "16" : 99.984844,
        "32" : 0.000000,
        ">=64" : 0.000000
      },
      "iodepth_submit" : {
        "0" : 0.000000,
        "4" : 100.000000,
        "8" : 0.000000,
        "16" : 0.000000,
        "32" : 0.000000,
        "64" : 0.000000,
        ">=64" : 0.000000
      },
      "iodepth_complete" : {
        "0" : 0.000000,
        "4" : 99.998989,
        "8" : 0.000000,
        "16" : 0.100000,
        "32" : 0.000000,
        "64" : 0.000000,
        ">=64" : 0.000000
      },
      "latency_ns" : {
        "2" : 0.000000,
        "4" : 0.000000,
        "10" : 0.000000,
        "20" : 0.000000,
        "50" : 0.000000,
        "100" : 0.000000,
        "250" : 0.000000,
        "500" : 0.000000,
        "750" : 0.000000,
        "1000" : 0.000000
      },
      "latency_us" : {
        "2" : 0.000000,
        "4" : 0.000000,
        "10" : 0.000000,
        "20" : 0.000000,
        "50" : 0.000000,
        "100" : 0.000000,
        "250" : 0.000000,
        "500" : 43.114511,
        "750" : 11.613738,
        "1000" : 14.941042
      },
      "latency_ms" : {
        "2" : 0.307167,
        "4" : 0.111146,
        "10" : 26.861947,
        "20" : 2.623044,
        "50" : 0.400125,
        "100" : 0.027281,
        "250" : 0.000000,
        "500" : 0.000000,
        "750" : 0.000000,
        "1000" : 0.000000,
        "2000" : 0.000000,
        ">=2000" : 0.000000
      },
      "latency_depth" : 16,
      "latency_target" : 0,
      "latency_percentile" : 100.000000,
      "latency_window" : 0
    }
  ],
  "disk_util" : [
    {
      "name" : "nvme0n1",
      "read_ios" : 0,
      "write_ios" : 99792,
      "read_merges" : 0,
      "write_merges" : 33,
      "read_ticks" : 0,
      "write_ticks" : 310929,
      "in_queue" : 310958,
      "util" : 90.187243
    }
  ]
}
