{
  "fio version" : "fio-3.33",
  "timestamp" : 1778439122,
  "timestamp_ms" : 1778439122072,
  "time" : "Sun May 10 18:52:02 2026",
  "jobs" : [
    {
      "jobname" : "diskio",
      "groupid" : 0,
      "error" : 0,
      "eta" : 0,
      "elapsed" : 21,
      "job options" : {
        "name" : "diskio",
        "filename" : "/data/fio-testfile",
        "size" : "2G",
        "rw" : "read",
        "bs" : "1m",
        "direct" : "1",
        "ioengine" : "libaio",
        "iodepth" : "16",
        "numjobs" : "1",
        "runtime" : "20"
      },
      "read" : {
        "io_bytes" : 58670972928,
        "io_kbytes" : 57295872,
        "bw_bytes" : 2932668845,
        "bw" : 2863934,
        "iops" : 2796.810957,
        "runtime" : 20006,
        "total_ios" : 55953,
        "short_ios" : 0,
        "drop_ios" : 0,
        "slat_ns" : {
          "min" : 103933,
          "max" : 1476634,
          "mean" : 126401.011385,
          "stddev" : 26990.255446,
          "N" : 55953
        },
        "clat_ns" : {
          "min" : 2001743,
          "max" : 16078830,
          "mean" : 5587230.937894,
          "stddev" : 1124329.937262,
          "N" : 55953,
          "percentile" : {
            "1.000000" : 5210112,
            "5.000000" : 5275648,
            "10.000000" : 5341184,
            "20.000000" : 5341184,
            "30.000000" : 5406720,
            "40.000000" : 5406720,
            "50.000000" : 5406720,
            "60.000000" : 5472256,
            "70.000000" : 5472256,
            "80.000000" : 5537792,
            "90.000000" : 5537792,
            "95.000000" : 5668864,
            "99.000000" : 13828096,
            "99.500000" : 14352384,
            "99.900000" : 15007744,
            "99.950000" : 15663104,
            "99.990000" : 16056320
          }
        },
        "lat_ns" : {
          "min" : 2170912,
          "max" : 16184858,
          "mean" : 5713631.949279,
          "stddev" : 1124343.197628,
          "N" : 55953
        },
        "bw_min" : 2465792,
        "bw_max" : 2949120,
        "bw_agg" : 100.000000,
        "bw_mean" : 2865046.974359,
        "bw_dev" : 76732.708045,
        "bw_samples" : 39,
        "iops_min" : 2408,
        "iops_max" : 2880,
        "iops_mean" : 2797.897436,
        "iops_stddev" : 74.934285,
        "iops_samples" : 39
      },
      "write" : {
        "io_bytes" : 0,
        "io_kbytes" : 0,
        "bw_bytes" : 0,
        "bw" : 0,
        "iops" : 0.000000,
        "runtime" : 0,
        "total_ios" : 0,
        "short_ios" : 0,
        "drop_ios" : 0,
        "slat_ns" : {
          "min" : 0,
          "max" : 0,
          "mean" : 0.000000,
          "stddev" : 0.000000,
          "N" : 0
        },
        "clat_ns" : {
          "min" : 0,
          "max" : 0,
          "mean" : 0.000000,
          "stddev" : 0.000000,
          "N" : 0
        },
        "lat_ns" : {
          "min" : 0,
          "max" : 0,
          "mean" : 0.000000,
          "stddev" : 0.000000,
          "N" : 0
        },
        "bw_min" : 0,
        "bw_max" : 0,
        "bw_agg" : 0.000000,
        "bw_mean" : 0.000000,
        "bw_dev" : 0.000000,
        "bw_samples" : 0,
        "iops_min" : 0,
        "iops_max" : 0,
        "iops_mean" : 0.000000,
        "iops_stddev" : 0.000000,
        "iops_samples" : 0
      },
      "trim" : {
        "io_bytes" : 0,
        "io_kbytes" : 0,
        "bw_bytes" : 0,
        "bw" : 0,
        "iops" : 0.000000,
        "runtime" : 0,
        "total_ios" : 0,
        "short_ios" : 0,
        "drop_ios" : 0,
        "slat_ns" : {
          "min" : 0,
          "max" : 0,
          "mean" : 0.000000,
          "stddev" : 0.000000,
          "N" : 0
        },
        "clat_ns" : {
          "min" : 0,
          "max" : 0,
          "mean" : 0.000000,
          "stddev" : 0.000000,
          "N" : 0
        },
        "lat_ns" : {
          "min" : 0,
          "max" : 0,
          "mean" : 0.000000,
          "stddev" : 0.000000,
          "N" : 0
        },
        "bw_min" : 0,
        "bw_max" : 0,
        "bw_agg" : 0.000000,
        "bw_mean" : 0.000000,
        "bw_dev" : 0.000000,
        "bw_samples" : 0,
        "iops_min" : 0,
        "iops_max" : 0,
        "iops_mean" : 0.000000,
        "iops_stddev" : 0.000000,
        "iops_samples" : 0
      },
      "sync" : {
        "total_ios" : 0,
        "lat_ns" : {
          "min" : 0,
          "max" : 0,
          "mean" : 0.000000,
          "stddev" : 0.000000,
          "N" : 0
        }
      },
      "job_runtime" : 20005,
      "usr_cpu" : 0.664834,
      "sys_cpu" : 41.724569,
      "ctx" : 55754,
      "majf" : 0,
      "minf" : 4106,
      "iodepth_level" : {
        "1" : 0.100000,
        "2" : 0.100000,
        "4" : 0.100000,
        "8" : 0.100000,
        "16" : 99.973192,
        "32" : 0.000000,
        ">=64" : 0.000000
      },
      "iodepth_submit" : {
        "0" : 0.000000,
        "4" : 100.000000,
        "8" : 0.000000,
        "16" : 0.000000,
        "32" : 0.000000,
        "64" : 0.000000,
        ">=64" : 0.000000
      },
      "iodepth_complete" : {
        "0" : 0.000000,
        "4" : 99.998212,
        "8" : 0.000000,
        "16" : 0.100000,
        "32" : 0.000000,
        "64" : 0.000000,
        ">=64" : 0.000000
      },
      "latency_ns" : {
        "2" : 0.000000,
        "4" : 0.000000,
        "10" : 0.000000,
        "20" : 0.000000,
        "50" : 0.000000,
        "100" : 0.000000,
        "250" : 0.000000,
        "500" : 0.000000,
        "750" : 0.000000,
        "1000" : 0.000000
      },
      "latency_us" : {
        "2" : 0.000000,
        "4" : 0.000000,
        "10" : 0.000000,
        "20" : 0.000000,
        "50" : 0.000000,
        "100" : 0.000000,
        "250" : 0.000000,
        "500" : 0.000000,
        "750" : 0.000000,
        "1000" : 0.000000
      },
      "latency_ms" : {
        "2" : 0.000000,
        "4" : 0.023234,
        "10" : 98.311083,
        "20" : 1.665684,
        "50" : 0.000000,
        "100" : 0.000000,
        "250" : 0.000000,
        "500" : 0.000000,
        "750" : 0.000000,
        "1000" : 0.000000,
        "2000" : 0.000000,
        ">=2000" : 0.000000
      },
      "latency_depth" : 16,
      "latency_target" : 0,
      "latency_percentile" : 100.000000,
      "latency_window" : 0
    }
  ],
  "disk_util" : [
    {
      "name" : "nvme0n1",
      "read_ios" : 453604,
      "write_ios" : 197,
      "read_merges" : 0,
      "write_merges" : 623,
      "read_ticks" : 2482810,
      "write_ticks" : 464,
      "in_queue" : 2483297,
      "util" : 84.352005
    }
  ]
}
