{
  "fio version" : "fio-3.33",
  "timestamp" : 1778438931,
  "timestamp_ms" : 1778438931963,
  "time" : "Sun May 10 18:48:51 2026",
  "jobs" : [
    {
      "jobname" : "diskio",
      "groupid" : 0,
      "error" : 0,
      "eta" : 0,
      "elapsed" : 21,
      "job options" : {
        "name" : "diskio",
        "filename" : "/data/fio-testfile",
        "size" : "2G",
        "rw" : "write",
        "bs" : "256k",
        "direct" : "1",
        "ioengine" : "libaio",
        "iodepth" : "16",
        "numjobs" : "1",
        "runtime" : "20"
      },
      "read" : {
        "io_bytes" : 0,
        "io_kbytes" : 0,
        "bw_bytes" : 0,
        "bw" : 0,
        "iops" : 0.000000,
        "runtime" : 0,
        "total_ios" : 0,
        "short_ios" : 0,
        "drop_ios" : 0,
        "slat_ns" : {
          "min" : 0,
          "max" : 0,
          "mean" : 0.000000,
          "stddev" : 0.000000,
          "N" : 0
        },
        "clat_ns" : {
          "min" : 0,
          "max" : 0,
          "mean" : 0.000000,
          "stddev" : 0.000000,
          "N" : 0
        },
        "lat_ns" : {
          "min" : 0,
          "max" : 0,
          "mean" : 0.000000,
          "stddev" : 0.000000,
          "N" : 0
        },
        "bw_min" : 0,
        "bw_max" : 0,
        "bw_agg" : 0.000000,
        "bw_mean" : 0.000000,
        "bw_dev" : 0.000000,
        "bw_samples" : 0,
        "iops_min" : 0,
        "iops_max" : 0,
        "iops_mean" : 0.000000,
        "iops_stddev" : 0.000000,
        "iops_samples" : 0
      },
      "write" : {
        "io_bytes" : 8389394432,
        "io_kbytes" : 8192768,
        "bw_bytes" : 419406810,
        "bw" : 409576,
        "iops" : 1599.910013,
        "runtime" : 20003,
        "total_ios" : 32003,
        "short_ios" : 0,
        "drop_ios" : 0,
        "slat_ns" : {
          "min" : 30598,
          "max" : 43825872,
          "mean" : 53630.501266,
          "stddev" : 338495.844731,
          "N" : 32003
        },
        "clat_ns" : {
          "min" : 769453,
          "max" : 102160824,
          "mean" : 9940647.441740,
          "stddev" : 14811330.417705,
          "N" : 32003,
          "percentile" : {
            "1.000000" : 2146304,
            "5.000000" : 2179072,
            "10.000000" : 2211840,
            "20.000000" : 2244608,
            "30.000000" : 2244608,
            "40.000000" : 2277376,
            "50.000000" : 2342912,
            "60.000000" : 2342912,
            "70.000000" : 2375680,
            "80.000000" : 31064064,
            "90.000000" : 33816576,
            "95.000000" : 36438016,
            "99.000000" : 56360960,
            "99.500000" : 68681728,
            "99.900000" : 84410368,
            "99.950000" : 90701824,
            "99.990000" : 99090432
          }
        },
        "lat_ns" : {
          "min" : 1237133,
          "max" : 102268332,
          "mean" : 9994277.943005,
          "stddev" : 14831871.955476,
          "N" : 32003
        },
        "bw_min" : 69632,
        "bw_max" : 1632768,
        "bw_agg" : 93.437872,
        "bw_mean" : 382700.307692,
        "bw_dev" : 529412.571731,
        "bw_samples" : 39,
        "iops_min" : 272,
        "iops_max" : 6378,
        "iops_mean" : 1494.923077,
        "iops_stddev" : 2068.017858,
        "iops_samples" : 39
      },
      "trim" : {
        "io_bytes" : 0,
        "io_kbytes" : 0,
        "bw_bytes" : 0,
        "bw" : 0,
        "iops" : 0.000000,
        "runtime" : 0,
        "total_ios" : 0,
        "short_ios" : 0,
        "drop_ios" : 0,
        "slat_ns" : {
          "min" : 0,
          "max" : 0,
          "mean" : 0.000000,
          "stddev" : 0.000000,
          "N" : 0
        },
        "clat_ns" : {
          "min" : 0,
          "max" : 0,
          "mean" : 0.000000,
          "stddev" : 0.000000,
          "N" : 0
        },
        "lat_ns" : {
          "min" : 0,
          "max" : 0,
          "mean" : 0.000000,
          "stddev" : 0.000000,
          "N" : 0
        },
        "bw_min" : 0,
        "bw_max" : 0,
        "bw_agg" : 0.000000,
        "bw_mean" : 0.000000,
        "bw_dev" : 0.000000,
        "bw_samples" : 0,
        "iops_min" : 0,
        "iops_max" : 0,
        "iops_mean" : 0.000000,
        "iops_stddev" : 0.000000,
        "iops_samples" : 0
      },
      "sync" : {
        "total_ios" : 0,
        "lat_ns" : {
          "min" : 0,
          "max" : 0,
          "mean" : 0.000000,
          "stddev" : 0.000000,
          "N" : 0
        }
      },
      "job_runtime" : 20002,
      "usr_cpu" : 1.509849,
      "sys_cpu" : 8.809119,
      "ctx" : 28188,
      "majf" : 0,
      "minf" : 11,
      "iodepth_level" : {
        "1" : 0.100000,
        "2" : 0.100000,
        "4" : 0.100000,
        "8" : 0.100000,
        "16" : 99.953129,
        "32" : 0.000000,
        ">=64" : 0.000000
      },
      "iodepth_submit" : {
        "0" : 0.000000,
        "4" : 100.000000,
        "8" : 0.000000,
        "16" : 0.000000,
        "32" : 0.000000,
        "64" : 0.000000,
        ">=64" : 0.000000
      },
      "iodepth_complete" : {
        "0" : 0.000000,
        "4" : 99.996874,
        "8" : 0.000000,
        "16" : 0.100000,
        "32" : 0.000000,
        "64" : 0.000000,
        ">=64" : 0.000000
      },
      "latency_ns" : {
        "2" : 0.000000,
        "4" : 0.000000,
        "10" : 0.000000,
        "20" : 0.000000,
        "50" : 0.000000,
        "100" : 0.000000,
        "250" : 0.000000,
        "500" : 0.000000,
        "750" : 0.000000,
        "1000" : 0.000000
      },
      "latency_us" : {
        "2" : 0.000000,
        "4" : 0.000000,
        "10" : 0.000000,
        "20" : 0.000000,
        "50" : 0.000000,
        "100" : 0.000000,
        "250" : 0.000000,
        "500" : 0.000000,
        "750" : 0.000000,
        "1000" : 0.010000
      },
      "latency_ms" : {
        "2" : 0.146861,
        "4" : 76.899041,
        "10" : 0.487454,
        "20" : 0.118739,
        "50" : 20.641815,
        "100" : 1.693591,
        "250" : 0.010000,
        "500" : 0.000000,
        "750" : 0.000000,
        "1000" : 0.000000,
        "2000" : 0.000000,
        ">=2000" : 0.000000
      },
      "latency_depth" : 16,
      "latency_target" : 0,
      "latency_percentile" : 100.000000,
      "latency_window" : 0
    }
  ],
  "disk_util" : [
    {
      "name" : "nvme0n1",
      "read_ios" : 0,
      "write_ios" : 64016,
      "read_merges" : 0,
      "write_merges" : 13,
      "read_ticks" : 0,
      "write_ticks" : 631851,
      "in_queue" : 631876,
      "util" : 92.250313
    }
  ]
}
