{
  "fio version" : "fio-3.33",
  "timestamp" : 1778439380,
  "timestamp_ms" : 1778439380425,
  "time" : "Sun May 10 18:56:20 2026",
  "jobs" : [
    {
      "jobname" : "diskio",
      "groupid" : 0,
      "error" : 0,
      "eta" : 0,
      "elapsed" : 21,
      "job options" : {
        "name" : "diskio",
        "filename" : "/data/fio-testfile",
        "size" : "2G",
        "rw" : "randwrite",
        "bs" : "1m",
        "direct" : "1",
        "ioengine" : "libaio",
        "iodepth" : "16",
        "numjobs" : "1",
        "runtime" : "20"
      },
      "read" : {
        "io_bytes" : 0,
        "io_kbytes" : 0,
        "bw_bytes" : 0,
        "bw" : 0,
        "iops" : 0.000000,
        "runtime" : 0,
        "total_ios" : 0,
        "short_ios" : 0,
        "drop_ios" : 0,
        "slat_ns" : {
          "min" : 0,
          "max" : 0,
          "mean" : 0.000000,
          "stddev" : 0.000000,
          "N" : 0
        },
        "clat_ns" : {
          "min" : 0,
          "max" : 0,
          "mean" : 0.000000,
          "stddev" : 0.000000,
          "N" : 0
        },
        "lat_ns" : {
          "min" : 0,
          "max" : 0,
          "mean" : 0.000000,
          "stddev" : 0.000000,
          "N" : 0
        },
        "bw_min" : 0,
        "bw_max" : 0,
        "bw_agg" : 0.000000,
        "bw_mean" : 0.000000,
        "bw_dev" : 0.000000,
        "bw_samples" : 0,
        "iops_min" : 0,
        "iops_max" : 0,
        "iops_mean" : 0.000000,
        "iops_stddev" : 0.000000,
        "iops_samples" : 0
      },
      "write" : {
        "io_bytes" : 4951375872,
        "io_kbytes" : 4835328,
        "bw_bytes" : 245884484,
        "bw" : 240121,
        "iops" : 234.493718,
        "runtime" : 20137,
        "total_ios" : 4722,
        "short_ios" : 0,
        "drop_ios" : 0,
        "slat_ns" : {
          "min" : 107325,
          "max" : 99828902,
          "mean" : 285547.542143,
          "stddev" : 2555410.227293,
          "N" : 4722
        },
        "clat_ns" : {
          "min" : 3630202,
          "max" : 312206704,
          "mean" : 67908944.277001,
          "stddev" : 70343410.602467,
          "N" : 4722,
          "percentile" : {
            "1.000000" : 6651904,
            "5.000000" : 8978432,
            "10.000000" : 9109504,
            "20.000000" : 9240576,
            "30.000000" : 9240576,
            "40.000000" : 9240576,
            "50.000000" : 9633792,
            "60.000000" : 99090432,
            "70.000000" : 130547712,
            "80.000000" : 137363456,
            "90.000000" : 147849216,
            "95.000000" : 189792256,
            "99.000000" : 254803968,
            "99.500000" : 274726912,
            "99.900000" : 299892736,
            "99.950000" : 308281344,
            "99.990000" : 312475648
          }
        },
        "lat_ns" : {
          "min" : 3995572,
          "max" : 312520836,
          "mean" : 68194491.819144,
          "stddev" : 70433347.548969,
          "N" : 4722
        },
        "bw_min" : 67584,
        "bw_max" : 1628160,
        "bw_agg" : 100.000000,
        "bw_mean" : 240998.400000,
        "bw_dev" : 394575.260924,
        "bw_samples" : 40,
        "iops_min" : 66,
        "iops_max" : 1590,
        "iops_mean" : 235.350000,
        "iops_stddev" : 385.327403,
        "iops_samples" : 40
      },
      "trim" : {
        "io_bytes" : 0,
        "io_kbytes" : 0,
        "bw_bytes" : 0,
        "bw" : 0,
        "iops" : 0.000000,
        "runtime" : 0,
        "total_ios" : 0,
        "short_ios" : 0,
        "drop_ios" : 0,
        "slat_ns" : {
          "min" : 0,
          "max" : 0,
          "mean" : 0.000000,
          "stddev" : 0.000000,
          "N" : 0
        },
        "clat_ns" : {
          "min" : 0,
          "max" : 0,
          "mean" : 0.000000,
          "stddev" : 0.000000,
          "N" : 0
        },
        "lat_ns" : {
          "min" : 0,
          "max" : 0,
          "mean" : 0.000000,
          "stddev" : 0.000000,
          "N" : 0
        },
        "bw_min" : 0,
        "bw_max" : 0,
        "bw_agg" : 0.000000,
        "bw_mean" : 0.000000,
        "bw_dev" : 0.000000,
        "bw_samples" : 0,
        "iops_min" : 0,
        "iops_max" : 0,
        "iops_mean" : 0.000000,
        "iops_stddev" : 0.000000,
        "iops_samples" : 0
      },
      "sync" : {
        "total_ios" : 0,
        "lat_ns" : {
          "min" : 0,
          "max" : 0,
          "mean" : 0.000000,
          "stddev" : 0.000000,
          "N" : 0
        }
      },
      "job_runtime" : 20136,
      "usr_cpu" : 0.854191,
      "sys_cpu" : 4.171633,
      "ctx" : 4640,
      "majf" : 0,
      "minf" : 10,
      "iodepth_level" : {
        "1" : 0.100000,
        "2" : 0.100000,
        "4" : 0.100000,
        "8" : 0.169420,
        "16" : 99.682338,
        "32" : 0.000000,
        ">=64" : 0.000000
      },
      "iodepth_submit" : {
        "0" : 0.000000,
        "4" : 100.000000,
        "8" : 0.000000,
        "16" : 0.000000,
        "32" : 0.000000,
        "64" : 0.000000,
        ">=64" : 0.000000
      },
      "iodepth_complete" : {
        "0" : 0.000000,
        "4" : 99.978760,
        "8" : 0.000000,
        "16" : 0.100000,
        "32" : 0.000000,
        "64" : 0.000000,
        ">=64" : 0.000000
      },
      "latency_ns" : {
        "2" : 0.000000,
        "4" : 0.000000,
        "10" : 0.000000,
        "20" : 0.000000,
        "50" : 0.000000,
        "100" : 0.000000,
        "250" : 0.000000,
        "500" : 0.000000,
        "750" : 0.000000,
        "1000" : 0.000000
      },
      "latency_us" : {
        "2" : 0.000000,
        "4" : 0.000000,
        "10" : 0.000000,
        "20" : 0.000000,
        "50" : 0.000000,
        "100" : 0.000000,
        "250" : 0.000000,
        "500" : 0.000000,
        "750" : 0.000000,
        "1000" : 0.000000
      },
      "latency_ms" : {
        "2" : 0.000000,
        "4" : 0.021177,
        "10" : 50.847099,
        "20" : 4.044896,
        "50" : 1.567133,
        "100" : 3.790767,
        "250" : 38.564168,
        "500" : 1.164761,
        "750" : 0.000000,
        "1000" : 0.000000,
        "2000" : 0.000000,
        ">=2000" : 0.000000
      },
      "latency_depth" : 16,
      "latency_target" : 0,
      "latency_percentile" : 100.000000,
      "latency_window" : 0
    }
  ],
  "disk_util" : [
    {
      "name" : "nvme0n1",
      "read_ios" : 0,
      "write_ios" : 38527,
      "read_merges" : 0,
      "write_merges" : 63,
      "read_ticks" : 0,
      "write_ticks" : 2507837,
      "in_queue" : 2508263,
      "util" : 96.173053
    }
  ]
}
