{
  "fio version" : "fio-3.33",
  "timestamp" : 1778438669,
  "timestamp_ms" : 1778438669138,
  "time" : "Sun May 10 18:44:29 2026",
  "jobs" : [
    {
      "jobname" : "diskio",
      "groupid" : 0,
      "error" : 0,
      "eta" : 0,
      "elapsed" : 21,
      "job options" : {
        "name" : "diskio",
        "filename" : "/data/fio-testfile",
        "size" : "2G",
        "rw" : "write",
        "bs" : "64k",
        "direct" : "1",
        "ioengine" : "libaio",
        "iodepth" : "16",
        "numjobs" : "1",
        "runtime" : "20"
      },
      "read" : {
        "io_bytes" : 0,
        "io_kbytes" : 0,
        "bw_bytes" : 0,
        "bw" : 0,
        "iops" : 0.000000,
        "runtime" : 0,
        "total_ios" : 0,
        "short_ios" : 0,
        "drop_ios" : 0,
        "slat_ns" : {
          "min" : 0,
          "max" : 0,
          "mean" : 0.000000,
          "stddev" : 0.000000,
          "N" : 0
        },
        "clat_ns" : {
          "min" : 0,
          "max" : 0,
          "mean" : 0.000000,
          "stddev" : 0.000000,
          "N" : 0
        },
        "lat_ns" : {
          "min" : 0,
          "max" : 0,
          "mean" : 0.000000,
          "stddev" : 0.000000,
          "N" : 0
        },
        "bw_min" : 0,
        "bw_max" : 0,
        "bw_agg" : 0.000000,
        "bw_mean" : 0.000000,
        "bw_dev" : 0.000000,
        "bw_samples" : 0,
        "iops_min" : 0,
        "iops_max" : 0,
        "iops_mean" : 0.000000,
        "iops_stddev" : 0.000000,
        "iops_samples" : 0
      },
      "write" : {
        "io_bytes" : 577568768,
        "io_kbytes" : 564032,
        "bw_bytes" : 28809296,
        "bw" : 28134,
        "iops" : 439.594972,
        "runtime" : 20048,
        "total_ios" : 8813,
        "short_ios" : 0,
        "drop_ios" : 0,
        "slat_ns" : {
          "min" : 12989,
          "max" : 33735742,
          "mean" : 49502.273119,
          "stddev" : 619221.862341,
          "N" : 8813
        },
        "clat_ns" : {
          "min" : 3888314,
          "max" : 92272434,
          "mean" : 36333821.213094,
          "stddev" : 10273654.703436,
          "N" : 8813,
          "percentile" : {
            "1.000000" : 20316160,
            "5.000000" : 28180480,
            "10.000000" : 28704768,
            "20.000000" : 29229056,
            "30.000000" : 30015488,
            "40.000000" : 31588352,
            "50.000000" : 32112640,
            "60.000000" : 33816576,
            "70.000000" : 38535168,
            "80.000000" : 46923776,
            "90.000000" : 48496640,
            "95.000000" : 56360960,
            "99.000000" : 71827456,
            "99.500000" : 73924608,
            "99.900000" : 90701824,
            "99.950000" : 91750400,
            "99.990000" : 91750400
          }
        },
        "lat_ns" : {
          "min" : 3941806,
          "max" : 92299530,
          "mean" : 36383323.486213,
          "stddev" : 10271628.553250,
          "N" : 8813
        },
        "bw_min" : 19456,
        "bw_max" : 38656,
        "bw_agg" : 100.000000,
        "bw_mean" : 28150.250000,
        "bw_dev" : 5669.045001,
        "bw_samples" : 40,
        "iops_min" : 304,
        "iops_max" : 604,
        "iops_mean" : 439.825000,
        "iops_stddev" : 88.552429,
        "iops_samples" : 40
      },
      "trim" : {
        "io_bytes" : 0,
        "io_kbytes" : 0,
        "bw_bytes" : 0,
        "bw" : 0,
        "iops" : 0.000000,
        "runtime" : 0,
        "total_ios" : 0,
        "short_ios" : 0,
        "drop_ios" : 0,
        "slat_ns" : {
          "min" : 0,
          "max" : 0,
          "mean" : 0.000000,
          "stddev" : 0.000000,
          "N" : 0
        },
        "clat_ns" : {
          "min" : 0,
          "max" : 0,
          "mean" : 0.000000,
          "stddev" : 0.000000,
          "N" : 0
        },
        "lat_ns" : {
          "min" : 0,
          "max" : 0,
          "mean" : 0.000000,
          "stddev" : 0.000000,
          "N" : 0
        },
        "bw_min" : 0,
        "bw_max" : 0,
        "bw_agg" : 0.000000,
        "bw_mean" : 0.000000,
        "bw_dev" : 0.000000,
        "bw_samples" : 0,
        "iops_min" : 0,
        "iops_max" : 0,
        "iops_mean" : 0.000000,
        "iops_stddev" : 0.000000,
        "iops_samples" : 0
      },
      "sync" : {
        "total_ios" : 0,
        "lat_ns" : {
          "min" : 0,
          "max" : 0,
          "mean" : 0.000000,
          "stddev" : 0.000000,
          "N" : 0
        }
      },
      "job_runtime" : 20047,
      "usr_cpu" : 0.339203,
      "sys_cpu" : 2.030229,
      "ctx" : 2501,
      "majf" : 0,
      "minf" : 10,
      "iodepth_level" : {
        "1" : 0.100000,
        "2" : 0.100000,
        "4" : 0.100000,
        "8" : 0.100000,
        "16" : 99.829797,
        "32" : 0.000000,
        ">=64" : 0.000000
      },
      "iodepth_submit" : {
        "0" : 0.000000,
        "4" : 100.000000,
        "8" : 0.000000,
        "16" : 0.000000,
        "32" : 0.000000,
        "64" : 0.000000,
        ">=64" : 0.000000
      },
      "iodepth_complete" : {
        "0" : 0.000000,
        "4" : 99.988635,
        "8" : 0.000000,
        "16" : 0.100000,
        "32" : 0.000000,
        "64" : 0.000000,
        ">=64" : 0.000000
      },
      "latency_ns" : {
        "2" : 0.000000,
        "4" : 0.000000,
        "10" : 0.000000,
        "20" : 0.000000,
        "50" : 0.000000,
        "100" : 0.000000,
        "250" : 0.000000,
        "500" : 0.000000,
        "750" : 0.000000,
        "1000" : 0.000000
      },
      "latency_us" : {
        "2" : 0.000000,
        "4" : 0.000000,
        "10" : 0.000000,
        "20" : 0.000000,
        "50" : 0.000000,
        "100" : 0.000000,
        "250" : 0.000000,
        "500" : 0.000000,
        "750" : 0.000000,
        "1000" : 0.000000
      },
      "latency_ms" : {
        "2" : 0.000000,
        "4" : 0.034041,
        "10" : 0.102122,
        "20" : 0.862362,
        "50" : 91.421763,
        "100" : 7.579712,
        "250" : 0.000000,
        "500" : 0.000000,
        "750" : 0.000000,
        "1000" : 0.000000,
        "2000" : 0.000000,
        ">=2000" : 0.000000
      },
      "latency_depth" : 16,
      "latency_target" : 0,
      "latency_percentile" : 100.000000,
      "latency_window" : 0
    }
  ],
  "disk_util" : [
    {
      "name" : "nvme0n1",
      "read_ios" : 0,
      "write_ios" : 8917,
      "read_merges" : 0,
      "write_merges" : 42,
      "read_ticks" : 0,
      "write_ticks" : 321013,
      "in_queue" : 321105,
      "util" : 97.091364
    }
  ]
}
