{
  "fio version" : "fio-3.33",
  "timestamp" : 1778438692,
  "timestamp_ms" : 1778438692587,
  "time" : "Sun May 10 18:44:52 2026",
  "jobs" : [
    {
      "jobname" : "diskio",
      "groupid" : 0,
      "error" : 0,
      "eta" : 0,
      "elapsed" : 21,
      "job options" : {
        "name" : "diskio",
        "filename" : "/data/fio-testfile",
        "size" : "2G",
        "rw" : "randread",
        "bs" : "64k",
        "direct" : "1",
        "ioengine" : "libaio",
        "iodepth" : "16",
        "numjobs" : "1",
        "runtime" : "20"
      },
      "read" : {
        "io_bytes" : 19638714368,
        "io_kbytes" : 19178432,
        "bw_bytes" : 981837534,
        "bw" : 958825,
        "iops" : 14981.651835,
        "runtime" : 20002,
        "total_ios" : 299663,
        "short_ios" : 0,
        "drop_ios" : 0,
        "slat_ns" : {
          "min" : 11872,
          "max" : 277458,
          "mean" : 16091.400376,
          "stddev" : 3970.477402,
          "N" : 299663
        },
        "clat_ns" : {
          "min" : 338076,
          "max" : 16827587,
          "mean" : 1046619.374274,
          "stddev" : 577783.378041,
          "N" : 299663,
          "percentile" : {
            "1.000000" : 577536,
            "5.000000" : 684032,
            "10.000000" : 741376,
            "20.000000" : 823296,
            "30.000000" : 888832,
            "40.000000" : 946176,
            "50.000000" : 1003520,
            "60.000000" : 1056768,
            "70.000000" : 1122304,
            "80.000000" : 1220608,
            "90.000000" : 1335296,
            "95.000000" : 1449984,
            "99.000000" : 1679360,
            "99.500000" : 1777664,
            "99.900000" : 12386304,
            "99.950000" : 15532032,
            "99.990000" : 16056320
          }
        },
        "lat_ns" : {
          "min" : 352253,
          "max" : 16842044,
          "mean" : 1062710.774650,
          "stddev" : 577705.459557,
          "N" : 299663
        },
        "bw_min" : 867584,
        "bw_max" : 995072,
        "bw_agg" : 100.000000,
        "bw_mean" : 959195.897436,
        "bw_dev" : 24331.130062,
        "bw_samples" : 39,
        "iops_min" : 13556,
        "iops_max" : 15548,
        "iops_mean" : 14987.435897,
        "iops_stddev" : 380.173907,
        "iops_samples" : 39
      },
      "write" : {
        "io_bytes" : 0,
        "io_kbytes" : 0,
        "bw_bytes" : 0,
        "bw" : 0,
        "iops" : 0.000000,
        "runtime" : 0,
        "total_ios" : 0,
        "short_ios" : 0,
        "drop_ios" : 0,
        "slat_ns" : {
          "min" : 0,
          "max" : 0,
          "mean" : 0.000000,
          "stddev" : 0.000000,
          "N" : 0
        },
        "clat_ns" : {
          "min" : 0,
          "max" : 0,
          "mean" : 0.000000,
          "stddev" : 0.000000,
          "N" : 0
        },
        "lat_ns" : {
          "min" : 0,
          "max" : 0,
          "mean" : 0.000000,
          "stddev" : 0.000000,
          "N" : 0
        },
        "bw_min" : 0,
        "bw_max" : 0,
        "bw_agg" : 0.000000,
        "bw_mean" : 0.000000,
        "bw_dev" : 0.000000,
        "bw_samples" : 0,
        "iops_min" : 0,
        "iops_max" : 0,
        "iops_mean" : 0.000000,
        "iops_stddev" : 0.000000,
        "iops_samples" : 0
      },
      "trim" : {
        "io_bytes" : 0,
        "io_kbytes" : 0,
        "bw_bytes" : 0,
        "bw" : 0,
        "iops" : 0.000000,
        "runtime" : 0,
        "total_ios" : 0,
        "short_ios" : 0,
        "drop_ios" : 0,
        "slat_ns" : {
          "min" : 0,
          "max" : 0,
          "mean" : 0.000000,
          "stddev" : 0.000000,
          "N" : 0
        },
        "clat_ns" : {
          "min" : 0,
          "max" : 0,
          "mean" : 0.000000,
          "stddev" : 0.000000,
          "N" : 0
        },
        "lat_ns" : {
          "min" : 0,
          "max" : 0,
          "mean" : 0.000000,
          "stddev" : 0.000000,
          "N" : 0
        },
        "bw_min" : 0,
        "bw_max" : 0,
        "bw_agg" : 0.000000,
        "bw_mean" : 0.000000,
        "bw_dev" : 0.000000,
        "bw_samples" : 0,
        "iops_min" : 0,
        "iops_max" : 0,
        "iops_mean" : 0.000000,
        "iops_stddev" : 0.000000,
        "iops_samples" : 0
      },
      "sync" : {
        "total_ios" : 0,
        "lat_ns" : {
          "min" : 0,
          "max" : 0,
          "mean" : 0.000000,
          "stddev" : 0.000000,
          "N" : 0
        }
      },
      "job_runtime" : 20001,
      "usr_cpu" : 3.374831,
      "sys_cpu" : 39.033048,
      "ctx" : 185632,
      "majf" : 0,
      "minf" : 265,
      "iodepth_level" : {
        "1" : 0.100000,
        "2" : 0.100000,
        "4" : 0.100000,
        "8" : 0.100000,
        "16" : 99.994994,
        "32" : 0.000000,
        ">=64" : 0.000000
      },
      "iodepth_submit" : {
        "0" : 0.000000,
        "4" : 100.000000,
        "8" : 0.000000,
        "16" : 0.000000,
        "32" : 0.000000,
        "64" : 0.000000,
        ">=64" : 0.000000
      },
      "iodepth_complete" : {
        "0" : 0.000000,
        "4" : 99.999666,
        "8" : 0.000000,
        "16" : 0.100000,
        "32" : 0.000000,
        "64" : 0.000000,
        ">=64" : 0.000000
      },
      "latency_ns" : {
        "2" : 0.000000,
        "4" : 0.000000,
        "10" : 0.000000,
        "20" : 0.000000,
        "50" : 0.000000,
        "100" : 0.000000,
        "250" : 0.000000,
        "500" : 0.000000,
        "750" : 0.000000,
        "1000" : 0.000000
      },
      "latency_us" : {
        "2" : 0.000000,
        "4" : 0.000000,
        "10" : 0.000000,
        "20" : 0.000000,
        "50" : 0.000000,
        "100" : 0.000000,
        "250" : 0.000000,
        "500" : 0.197555,
        "750" : 10.330271,
        "1000" : 39.067553
      },
      "latency_ms" : {
        "2" : 50.198390,
        "4" : 0.035373,
        "10" : 0.010000,
        "20" : 0.165519,
        "50" : 0.000000,
        "100" : 0.000000,
        "250" : 0.000000,
        "500" : 0.000000,
        "750" : 0.000000,
        "1000" : 0.000000,
        "2000" : 0.000000,
        ">=2000" : 0.000000
      },
      "latency_depth" : 16,
      "latency_target" : 0,
      "latency_percentile" : 100.000000,
      "latency_window" : 0
    }
  ],
  "disk_util" : [
    {
      "name" : "nvme0n1",
      "read_ios" : 300951,
      "write_ios" : 22,
      "read_merges" : 0,
      "write_merges" : 17,
      "read_ticks" : 312320,
      "write_ticks" : 8,
      "in_queue" : 312331,
      "util" : 71.919900
    }
  ]
}
