{
  "fio version" : "fio-3.33",
  "timestamp" : 1778439025,
  "timestamp_ms" : 1778439025684,
  "time" : "Sun May 10 18:50:25 2026",
  "jobs" : [
    {
      "jobname" : "diskio",
      "groupid" : 0,
      "error" : 0,
      "eta" : 0,
      "elapsed" : 21,
      "job options" : {
        "name" : "diskio",
        "filename" : "/data/fio-testfile",
        "size" : "2G",
        "rw" : "randread",
        "bs" : "256k",
        "direct" : "1",
        "ioengine" : "libaio",
        "iodepth" : "16",
        "numjobs" : "1",
        "runtime" : "20"
      },
      "read" : {
        "io_bytes" : 33808711680,
        "io_kbytes" : 33016320,
        "bw_bytes" : 1690266557,
        "bw" : 1650650,
        "iops" : 6447.855214,
        "runtime" : 20002,
        "total_ios" : 128970,
        "short_ios" : 0,
        "drop_ios" : 0,
        "slat_ns" : {
          "min" : 35204,
          "max" : 442012,
          "mean" : 40878.552485,
          "stddev" : 7229.415762,
          "N" : 128970
        },
        "clat_ns" : {
          "min" : 1365140,
          "max" : 31286925,
          "mean" : 2435342.906994,
          "stddev" : 446003.462614,
          "N" : 128970,
          "percentile" : {
            "1.000000" : 1777664,
            "5.000000" : 1957888,
            "10.000000" : 2056192,
            "20.000000" : 2179072,
            "30.000000" : 2277376,
            "40.000000" : 2342912,
            "50.000000" : 2408448,
            "60.000000" : 2473984,
            "70.000000" : 2572288,
            "80.000000" : 2670592,
            "90.000000" : 2801664,
            "95.000000" : 2932736,
            "99.000000" : 3293184,
            "99.500000" : 3555328,
            "99.900000" : 4014080,
            "99.950000" : 4227072,
            "99.990000" : 31064064
          }
        },
        "lat_ns" : {
          "min" : 1407120,
          "max" : 31324643,
          "mean" : 2476221.459479,
          "stddev" : 445862.364325,
          "N" : 128970
        },
        "bw_min" : 1576960,
        "bw_max" : 1689088,
        "bw_agg" : 100.000000,
        "bw_mean" : 1651055.589744,
        "bw_dev" : 19404.856425,
        "bw_samples" : 39,
        "iops_min" : 6160,
        "iops_max" : 6598,
        "iops_mean" : 6449.435897,
        "iops_stddev" : 75.800220,
        "iops_samples" : 39
      },
      "write" : {
        "io_bytes" : 0,
        "io_kbytes" : 0,
        "bw_bytes" : 0,
        "bw" : 0,
        "iops" : 0.000000,
        "runtime" : 0,
        "total_ios" : 0,
        "short_ios" : 0,
        "drop_ios" : 0,
        "slat_ns" : {
          "min" : 0,
          "max" : 0,
          "mean" : 0.000000,
          "stddev" : 0.000000,
          "N" : 0
        },
        "clat_ns" : {
          "min" : 0,
          "max" : 0,
          "mean" : 0.000000,
          "stddev" : 0.000000,
          "N" : 0
        },
        "lat_ns" : {
          "min" : 0,
          "max" : 0,
          "mean" : 0.000000,
          "stddev" : 0.000000,
          "N" : 0
        },
        "bw_min" : 0,
        "bw_max" : 0,
        "bw_agg" : 0.000000,
        "bw_mean" : 0.000000,
        "bw_dev" : 0.000000,
        "bw_samples" : 0,
        "iops_min" : 0,
        "iops_max" : 0,
        "iops_mean" : 0.000000,
        "iops_stddev" : 0.000000,
        "iops_samples" : 0
      },
      "trim" : {
        "io_bytes" : 0,
        "io_kbytes" : 0,
        "bw_bytes" : 0,
        "bw" : 0,
        "iops" : 0.000000,
        "runtime" : 0,
        "total_ios" : 0,
        "short_ios" : 0,
        "drop_ios" : 0,
        "slat_ns" : {
          "min" : 0,
          "max" : 0,
          "mean" : 0.000000,
          "stddev" : 0.000000,
          "N" : 0
        },
        "clat_ns" : {
          "min" : 0,
          "max" : 0,
          "mean" : 0.000000,
          "stddev" : 0.000000,
          "N" : 0
        },
        "lat_ns" : {
          "min" : 0,
          "max" : 0,
          "mean" : 0.000000,
          "stddev" : 0.000000,
          "N" : 0
        },
        "bw_min" : 0,
        "bw_max" : 0,
        "bw_agg" : 0.000000,
        "bw_mean" : 0.000000,
        "bw_dev" : 0.000000,
        "bw_samples" : 0,
        "iops_min" : 0,
        "iops_max" : 0,
        "iops_mean" : 0.000000,
        "iops_stddev" : 0.000000,
        "iops_samples" : 0
      },
      "sync" : {
        "total_ios" : 0,
        "lat_ns" : {
          "min" : 0,
          "max" : 0,
          "mean" : 0.000000,
          "stddev" : 0.000000,
          "N" : 0
        }
      },
      "job_runtime" : 20001,
      "usr_cpu" : 1.894905,
      "sys_cpu" : 35.458227,
      "ctx" : 119603,
      "majf" : 0,
      "minf" : 1033,
      "iodepth_level" : {
        "1" : 0.100000,
        "2" : 0.100000,
        "4" : 0.100000,
        "8" : 0.100000,
        "16" : 99.988369,
        "32" : 0.000000,
        ">=64" : 0.000000
      },
      "iodepth_submit" : {
        "0" : 0.000000,
        "4" : 100.000000,
        "8" : 0.000000,
        "16" : 0.000000,
        "32" : 0.000000,
        "64" : 0.000000,
        ">=64" : 0.000000
      },
      "iodepth_complete" : {
        "0" : 0.000000,
        "4" : 99.999225,
        "8" : 0.000000,
        "16" : 0.100000,
        "32" : 0.000000,
        "64" : 0.000000,
        ">=64" : 0.000000
      },
      "latency_ns" : {
        "2" : 0.000000,
        "4" : 0.000000,
        "10" : 0.000000,
        "20" : 0.000000,
        "50" : 0.000000,
        "100" : 0.000000,
        "250" : 0.000000,
        "500" : 0.000000,
        "750" : 0.000000,
        "1000" : 0.000000
      },
      "latency_us" : {
        "2" : 0.000000,
        "4" : 0.000000,
        "10" : 0.000000,
        "20" : 0.000000,
        "50" : 0.000000,
        "100" : 0.000000,
        "250" : 0.000000,
        "500" : 0.000000,
        "750" : 0.000000,
        "1000" : 0.000000
      },
      "latency_ms" : {
        "2" : 6.584477,
        "4" : 93.306971,
        "10" : 0.096146,
        "20" : 0.000000,
        "50" : 0.012406,
        "100" : 0.000000,
        "250" : 0.000000,
        "500" : 0.000000,
        "750" : 0.000000,
        "1000" : 0.000000,
        "2000" : 0.000000,
        ">=2000" : 0.000000
      },
      "latency_depth" : 16,
      "latency_target" : 0,
      "latency_percentile" : 100.000000,
      "latency_window" : 0
    }
  ],
  "disk_util" : [
    {
      "name" : "nvme0n1",
      "read_ios" : 260980,
      "write_ios" : 29,
      "read_merges" : 0,
      "write_merges" : 31,
      "read_ticks" : 626700,
      "write_ticks" : 20,
      "in_queue" : 626728,
      "util" : 80.101096
    }
  ]
}
