{
  "fio version" : "fio-3.33",
  "timestamp" : 1778439356,
  "timestamp_ms" : 1778439356835,
  "time" : "Sun May 10 18:55:56 2026",
  "jobs" : [
    {
      "jobname" : "diskio",
      "groupid" : 0,
      "error" : 0,
      "eta" : 0,
      "elapsed" : 21,
      "job options" : {
        "name" : "diskio",
        "filename" : "/data/fio-testfile",
        "size" : "2G",
        "rw" : "randwrite",
        "bs" : "1m",
        "direct" : "1",
        "ioengine" : "libaio",
        "iodepth" : "16",
        "numjobs" : "1",
        "runtime" : "20"
      },
      "read" : {
        "io_bytes" : 0,
        "io_kbytes" : 0,
        "bw_bytes" : 0,
        "bw" : 0,
        "iops" : 0.000000,
        "runtime" : 0,
        "total_ios" : 0,
        "short_ios" : 0,
        "drop_ios" : 0,
        "slat_ns" : {
          "min" : 0,
          "max" : 0,
          "mean" : 0.000000,
          "stddev" : 0.000000,
          "N" : 0
        },
        "clat_ns" : {
          "min" : 0,
          "max" : 0,
          "mean" : 0.000000,
          "stddev" : 0.000000,
          "N" : 0
        },
        "lat_ns" : {
          "min" : 0,
          "max" : 0,
          "mean" : 0.000000,
          "stddev" : 0.000000,
          "N" : 0
        },
        "bw_min" : 0,
        "bw_max" : 0,
        "bw_agg" : 0.000000,
        "bw_mean" : 0.000000,
        "bw_dev" : 0.000000,
        "bw_samples" : 0,
        "iops_min" : 0,
        "iops_max" : 0,
        "iops_mean" : 0.000000,
        "iops_stddev" : 0.000000,
        "iops_samples" : 0
      },
      "write" : {
        "io_bytes" : 4909432832,
        "io_kbytes" : 4794368,
        "bw_bytes" : 243620128,
        "bw" : 237910,
        "iops" : 232.334260,
        "runtime" : 20152,
        "total_ios" : 4682,
        "short_ios" : 0,
        "drop_ios" : 0,
        "slat_ns" : {
          "min" : 113288,
          "max" : 87447618,
          "mean" : 251388.935070,
          "stddev" : 1649450.166100,
          "N" : 4682
        },
        "clat_ns" : {
          "min" : 3598737,
          "max" : 348642980,
          "mean" : 68570725.393422,
          "stddev" : 71050423.131895,
          "N" : 4682,
          "percentile" : {
            "1.000000" : 6389760,
            "5.000000" : 8847360,
            "10.000000" : 9109504,
            "20.000000" : 9109504,
            "30.000000" : 9240576,
            "40.000000" : 9240576,
            "50.000000" : 9633792,
            "60.000000" : 104333312,
            "70.000000" : 133693440,
            "80.000000" : 139460608,
            "90.000000" : 147849216,
            "95.000000" : 189792256,
            "99.000000" : 242221056,
            "99.500000" : 270532608,
            "99.900000" : 329252864,
            "99.950000" : 337641472,
            "99.990000" : 350224384
          }
        },
        "lat_ns" : {
          "min" : 3873645,
          "max" : 348994298,
          "mean" : 68822114.328492,
          "stddev" : 71127181.659606,
          "N" : 4682
        },
        "bw_min" : 71680,
        "bw_max" : 1630208,
        "bw_agg" : 100.000000,
        "bw_mean" : 238950.400000,
        "bw_dev" : 392205.577003,
        "bw_samples" : 40,
        "iops_min" : 70,
        "iops_max" : 1592,
        "iops_mean" : 233.350000,
        "iops_stddev" : 383.013259,
        "iops_samples" : 40
      },
      "trim" : {
        "io_bytes" : 0,
        "io_kbytes" : 0,
        "bw_bytes" : 0,
        "bw" : 0,
        "iops" : 0.000000,
        "runtime" : 0,
        "total_ios" : 0,
        "short_ios" : 0,
        "drop_ios" : 0,
        "slat_ns" : {
          "min" : 0,
          "max" : 0,
          "mean" : 0.000000,
          "stddev" : 0.000000,
          "N" : 0
        },
        "clat_ns" : {
          "min" : 0,
          "max" : 0,
          "mean" : 0.000000,
          "stddev" : 0.000000,
          "N" : 0
        },
        "lat_ns" : {
          "min" : 0,
          "max" : 0,
          "mean" : 0.000000,
          "stddev" : 0.000000,
          "N" : 0
        },
        "bw_min" : 0,
        "bw_max" : 0,
        "bw_agg" : 0.000000,
        "bw_mean" : 0.000000,
        "bw_dev" : 0.000000,
        "bw_samples" : 0,
        "iops_min" : 0,
        "iops_max" : 0,
        "iops_mean" : 0.000000,
        "iops_stddev" : 0.000000,
        "iops_samples" : 0
      },
      "sync" : {
        "total_ios" : 0,
        "lat_ns" : {
          "min" : 0,
          "max" : 0,
          "mean" : 0.000000,
          "stddev" : 0.000000,
          "N" : 0
        }
      },
      "job_runtime" : 20151,
      "usr_cpu" : 0.918069,
      "sys_cpu" : 4.560568,
      "ctx" : 4673,
      "majf" : 0,
      "minf" : 11,
      "iodepth_level" : {
        "1" : 0.100000,
        "2" : 0.100000,
        "4" : 0.100000,
        "8" : 0.170867,
        "16" : 99.679624,
        "32" : 0.000000,
        ">=64" : 0.000000
      },
      "iodepth_submit" : {
        "0" : 0.000000,
        "4" : 100.000000,
        "8" : 0.000000,
        "16" : 0.000000,
        "32" : 0.000000,
        "64" : 0.000000,
        ">=64" : 0.000000
      },
      "iodepth_complete" : {
        "0" : 0.000000,
        "4" : 99.978578,
        "8" : 0.000000,
        "16" : 0.100000,
        "32" : 0.000000,
        "64" : 0.000000,
        ">=64" : 0.000000
      },
      "latency_ns" : {
        "2" : 0.000000,
        "4" : 0.000000,
        "10" : 0.000000,
        "20" : 0.000000,
        "50" : 0.000000,
        "100" : 0.000000,
        "250" : 0.000000,
        "500" : 0.000000,
        "750" : 0.000000,
        "1000" : 0.000000
      },
      "latency_us" : {
        "2" : 0.000000,
        "4" : 0.000000,
        "10" : 0.000000,
        "20" : 0.000000,
        "50" : 0.000000,
        "100" : 0.000000,
        "250" : 0.000000,
        "500" : 0.000000,
        "750" : 0.000000,
        "1000" : 0.000000
      },
      "latency_ms" : {
        "2" : 0.000000,
        "4" : 0.106792,
        "10" : 50.192226,
        "20" : 4.784280,
        "50" : 1.516446,
        "100" : 2.648441,
        "250" : 39.876121,
        "500" : 0.875694,
        "750" : 0.000000,
        "1000" : 0.000000,
        "2000" : 0.000000,
        ">=2000" : 0.000000
      },
      "latency_depth" : 16,
      "latency_target" : 0,
      "latency_percentile" : 100.000000,
      "latency_window" : 0
    }
  ],
  "disk_util" : [
    {
      "name" : "nvme0n1",
      "read_ios" : 0,
      "write_ios" : 38153,
      "read_merges" : 0,
      "write_merges" : 22,
      "read_ticks" : 0,
      "write_ticks" : 2515477,
      "in_queue" : 2515701,
      "util" : 96.128362
    }
  ]
}
