{
  "fio version" : "fio-3.33",
  "timestamp" : 1778438379,
  "timestamp_ms" : 1778438379442,
  "time" : "Sun May 10 18:39:39 2026",
  "jobs" : [
    {
      "jobname" : "diskio",
      "groupid" : 0,
      "error" : 0,
      "eta" : 0,
      "elapsed" : 21,
      "job options" : {
        "name" : "diskio",
        "filename" : "/data/fio-testfile",
        "size" : "2G",
        "rw" : "write",
        "bs" : "16k",
        "direct" : "1",
        "ioengine" : "libaio",
        "iodepth" : "16",
        "numjobs" : "1",
        "runtime" : "20"
      },
      "read" : {
        "io_bytes" : 0,
        "io_kbytes" : 0,
        "bw_bytes" : 0,
        "bw" : 0,
        "iops" : 0.000000,
        "runtime" : 0,
        "total_ios" : 0,
        "short_ios" : 0,
        "drop_ios" : 0,
        "slat_ns" : {
          "min" : 0,
          "max" : 0,
          "mean" : 0.000000,
          "stddev" : 0.000000,
          "N" : 0
        },
        "clat_ns" : {
          "min" : 0,
          "max" : 0,
          "mean" : 0.000000,
          "stddev" : 0.000000,
          "N" : 0
        },
        "lat_ns" : {
          "min" : 0,
          "max" : 0,
          "mean" : 0.000000,
          "stddev" : 0.000000,
          "N" : 0
        },
        "bw_min" : 0,
        "bw_max" : 0,
        "bw_agg" : 0.000000,
        "bw_mean" : 0.000000,
        "bw_dev" : 0.000000,
        "bw_samples" : 0,
        "iops_min" : 0,
        "iops_max" : 0,
        "iops_mean" : 0.000000,
        "iops_stddev" : 0.000000,
        "iops_samples" : 0
      },
      "write" : {
        "io_bytes" : 6918864896,
        "io_kbytes" : 6756704,
        "bw_bytes" : 345925948,
        "bw" : 337818,
        "iops" : 21113.644318,
        "runtime" : 20001,
        "total_ios" : 422294,
        "short_ios" : 0,
        "drop_ios" : 0,
        "slat_ns" : {
          "min" : 6637,
          "max" : 167332,
          "mean" : 11223.638591,
          "stddev" : 5062.996187,
          "N" : 422294
        },
        "clat_ns" : {
          "min" : 31004,
          "max" : 57302051,
          "mean" : 741267.147430,
          "stddev" : 1833964.373876,
          "N" : 422294,
          "percentile" : {
            "1.000000" : 240640,
            "5.000000" : 242688,
            "10.000000" : 246784,
            "20.000000" : 248832,
            "30.000000" : 250880,
            "40.000000" : 252928,
            "50.000000" : 257024,
            "60.000000" : 264192,
            "70.000000" : 272384,
            "80.000000" : 362496,
            "90.000000" : 497664,
            "95.000000" : 6782976,
            "99.000000" : 7438336,
            "99.500000" : 8093696,
            "99.900000" : 12124160,
            "99.950000" : 25296896,
            "99.990000" : 28442624
          }
        },
        "lat_ns" : {
          "min" : 58657,
          "max" : 57344924,
          "mean" : 752490.786021,
          "stddev" : 1834701.864382,
          "N" : 422294
        },
        "bw_min" : 75520,
        "bw_max" : 935648,
        "bw_agg" : 100.000000,
        "bw_mean" : 343636.512821,
        "bw_dev" : 342378.218568,
        "bw_samples" : 39,
        "iops_min" : 4720,
        "iops_max" : 58478,
        "iops_mean" : 21477.282051,
        "iops_stddev" : 21398.638661,
        "iops_samples" : 39
      },
      "trim" : {
        "io_bytes" : 0,
        "io_kbytes" : 0,
        "bw_bytes" : 0,
        "bw" : 0,
        "iops" : 0.000000,
        "runtime" : 0,
        "total_ios" : 0,
        "short_ios" : 0,
        "drop_ios" : 0,
        "slat_ns" : {
          "min" : 0,
          "max" : 0,
          "mean" : 0.000000,
          "stddev" : 0.000000,
          "N" : 0
        },
        "clat_ns" : {
          "min" : 0,
          "max" : 0,
          "mean" : 0.000000,
          "stddev" : 0.000000,
          "N" : 0
        },
        "lat_ns" : {
          "min" : 0,
          "max" : 0,
          "mean" : 0.000000,
          "stddev" : 0.000000,
          "N" : 0
        },
        "bw_min" : 0,
        "bw_max" : 0,
        "bw_agg" : 0.000000,
        "bw_mean" : 0.000000,
        "bw_dev" : 0.000000,
        "bw_samples" : 0,
        "iops_min" : 0,
        "iops_max" : 0,
        "iops_mean" : 0.000000,
        "iops_stddev" : 0.000000,
        "iops_samples" : 0
      },
      "sync" : {
        "total_ios" : 0,
        "lat_ns" : {
          "min" : 0,
          "max" : 0,
          "mean" : 0.000000,
          "stddev" : 0.000000,
          "N" : 0
        }
      },
      "job_runtime" : 20000,
      "usr_cpu" : 4.910000,
      "sys_cpu" : 36.140000,
      "ctx" : 6446,
      "majf" : 0,
      "minf" : 11,
      "iodepth_level" : {
        "1" : 0.100000,
        "2" : 0.100000,
        "4" : 0.100000,
        "8" : 0.100000,
        "16" : 99.996448,
        "32" : 0.000000,
        ">=64" : 0.000000
      },
      "iodepth_submit" : {
        "0" : 0.000000,
        "4" : 100.000000,
        "8" : 0.000000,
        "16" : 0.000000,
        "32" : 0.000000,
        "64" : 0.000000,
        ">=64" : 0.000000
      },
      "iodepth_complete" : {
        "0" : 0.000000,
        "4" : 99.999763,
        "8" : 0.000000,
        "16" : 0.100000,
        "32" : 0.000000,
        "64" : 0.000000,
        ">=64" : 0.000000
      },
      "latency_ns" : {
        "2" : 0.000000,
        "4" : 0.000000,
        "10" : 0.000000,
        "20" : 0.000000,
        "50" : 0.000000,
        "100" : 0.000000,
        "250" : 0.000000,
        "500" : 0.000000,
        "750" : 0.000000,
        "1000" : 0.000000
      },
      "latency_us" : {
        "2" : 0.000000,
        "4" : 0.000000,
        "10" : 0.000000,
        "20" : 0.000000,
        "50" : 0.010000,
        "100" : 0.010000,
        "250" : 22.199937,
        "500" : 67.829995,
        "750" : 2.341260,
        "1000" : 0.627525
      },
      "latency_ms" : {
        "2" : 0.590347,
        "4" : 0.219989,
        "10" : 5.803066,
        "20" : 0.326313,
        "50" : 0.056832,
        "100" : 0.010000,
        "250" : 0.000000,
        "500" : 0.000000,
        "750" : 0.000000,
        "1000" : 0.000000,
        "2000" : 0.000000,
        ">=2000" : 0.000000
      },
      "latency_depth" : 16,
      "latency_target" : 0,
      "latency_percentile" : 100.000000,
      "latency_window" : 0
    }
  ],
  "disk_util" : [
    {
      "name" : "nvme0n1",
      "read_ios" : 0,
      "write_ios" : 422109,
      "read_merges" : 0,
      "write_merges" : 65,
      "read_ticks" : 0,
      "write_ticks" : 203004,
      "in_queue" : 203023,
      "util" : 86.157697
    }
  ]
}
