{
  "fio version" : "fio-3.33",
  "timestamp" : 1778438473,
  "timestamp_ms" : 1778438473134,
  "time" : "Sun May 10 18:41:13 2026",
  "jobs" : [
    {
      "jobname" : "diskio",
      "groupid" : 0,
      "error" : 0,
      "eta" : 0,
      "elapsed" : 21,
      "job options" : {
        "name" : "diskio",
        "filename" : "/data/fio-testfile",
        "size" : "2G",
        "rw" : "randwrite",
        "bs" : "16k",
        "direct" : "1",
        "ioengine" : "libaio",
        "iodepth" : "16",
        "numjobs" : "1",
        "runtime" : "20"
      },
      "read" : {
        "io_bytes" : 0,
        "io_kbytes" : 0,
        "bw_bytes" : 0,
        "bw" : 0,
        "iops" : 0.000000,
        "runtime" : 0,
        "total_ios" : 0,
        "short_ios" : 0,
        "drop_ios" : 0,
        "slat_ns" : {
          "min" : 0,
          "max" : 0,
          "mean" : 0.000000,
          "stddev" : 0.000000,
          "N" : 0
        },
        "clat_ns" : {
          "min" : 0,
          "max" : 0,
          "mean" : 0.000000,
          "stddev" : 0.000000,
          "N" : 0
        },
        "lat_ns" : {
          "min" : 0,
          "max" : 0,
          "mean" : 0.000000,
          "stddev" : 0.000000,
          "N" : 0
        },
        "bw_min" : 0,
        "bw_max" : 0,
        "bw_agg" : 0.000000,
        "bw_mean" : 0.000000,
        "bw_dev" : 0.000000,
        "bw_samples" : 0,
        "iops_min" : 0,
        "iops_max" : 0,
        "iops_mean" : 0.000000,
        "iops_stddev" : 0.000000,
        "iops_samples" : 0
      },
      "write" : {
        "io_bytes" : 6047514624,
        "io_kbytes" : 5905776,
        "bw_bytes" : 302315268,
        "bw" : 295229,
        "iops" : 18451.859628,
        "runtime" : 20004,
        "total_ios" : 369111,
        "short_ios" : 0,
        "drop_ios" : 0,
        "slat_ns" : {
          "min" : 7056,
          "max" : 210977,
          "mean" : 11740.107228,
          "stddev" : 5327.749439,
          "N" : 369111
        },
        "clat_ns" : {
          "min" : 227183,
          "max" : 47320079,
          "mean" : 849843.615216,
          "stddev" : 2059364.756319,
          "N" : 369111,
          "percentile" : {
            "1.000000" : 240640,
            "5.000000" : 244736,
            "10.000000" : 248832,
            "20.000000" : 252928,
            "30.000000" : 254976,
            "40.000000" : 257024,
            "50.000000" : 261120,
            "60.000000" : 268288,
            "70.000000" : 276480,
            "80.000000" : 436224,
            "90.000000" : 602112,
            "95.000000" : 7241728,
            "99.000000" : 8093696,
            "99.500000" : 10289152,
            "99.900000" : 14221312,
            "99.950000" : 26607616,
            "99.990000" : 33423360
          }
        },
        "lat_ns" : {
          "min" : 238012,
          "max" : 47358083,
          "mean" : 861583.722444,
          "stddev" : 2060084.353118,
          "N" : 369111
        },
        "bw_min" : 66016,
        "bw_max" : 929568,
        "bw_agg" : 100.000000,
        "bw_mean" : 301149.538462,
        "bw_dev" : 322548.580866,
        "bw_samples" : 39,
        "iops_min" : 4126,
        "iops_max" : 58098,
        "iops_mean" : 18821.846154,
        "iops_stddev" : 20159.286304,
        "iops_samples" : 39
      },
      "trim" : {
        "io_bytes" : 0,
        "io_kbytes" : 0,
        "bw_bytes" : 0,
        "bw" : 0,
        "iops" : 0.000000,
        "runtime" : 0,
        "total_ios" : 0,
        "short_ios" : 0,
        "drop_ios" : 0,
        "slat_ns" : {
          "min" : 0,
          "max" : 0,
          "mean" : 0.000000,
          "stddev" : 0.000000,
          "N" : 0
        },
        "clat_ns" : {
          "min" : 0,
          "max" : 0,
          "mean" : 0.000000,
          "stddev" : 0.000000,
          "N" : 0
        },
        "lat_ns" : {
          "min" : 0,
          "max" : 0,
          "mean" : 0.000000,
          "stddev" : 0.000000,
          "N" : 0
        },
        "bw_min" : 0,
        "bw_max" : 0,
        "bw_agg" : 0.000000,
        "bw_mean" : 0.000000,
        "bw_dev" : 0.000000,
        "bw_samples" : 0,
        "iops_min" : 0,
        "iops_max" : 0,
        "iops_mean" : 0.000000,
        "iops_stddev" : 0.000000,
        "iops_samples" : 0
      },
      "sync" : {
        "total_ios" : 0,
        "lat_ns" : {
          "min" : 0,
          "max" : 0,
          "mean" : 0.000000,
          "stddev" : 0.000000,
          "N" : 0
        }
      },
      "job_runtime" : 20003,
      "usr_cpu" : 4.424336,
      "sys_cpu" : 32.730090,
      "ctx" : 8254,
      "majf" : 0,
      "minf" : 11,
      "iodepth_level" : {
        "1" : 0.100000,
        "2" : 0.100000,
        "4" : 0.100000,
        "8" : 0.100000,
        "16" : 99.995936,
        "32" : 0.000000,
        ">=64" : 0.000000
      },
      "iodepth_submit" : {
        "0" : 0.000000,
        "4" : 100.000000,
        "8" : 0.000000,
        "16" : 0.000000,
        "32" : 0.000000,
        "64" : 0.000000,
        ">=64" : 0.000000
      },
      "iodepth_complete" : {
        "0" : 0.000000,
        "4" : 99.999729,
        "8" : 0.000000,
        "16" : 0.100000,
        "32" : 0.000000,
        "64" : 0.000000,
        ">=64" : 0.000000
      },
      "latency_ns" : {
        "2" : 0.000000,
        "4" : 0.000000,
        "10" : 0.000000,
        "20" : 0.000000,
        "50" : 0.000000,
        "100" : 0.000000,
        "250" : 0.000000,
        "500" : 0.000000,
        "750" : 0.000000,
        "1000" : 0.000000
      },
      "latency_us" : {
        "2" : 0.000000,
        "4" : 0.000000,
        "10" : 0.000000,
        "20" : 0.000000,
        "50" : 0.000000,
        "100" : 0.000000,
        "250" : 11.291183,
        "500" : 76.699150,
        "750" : 3.319056,
        "1000" : 0.620951
      },
      "latency_ms" : {
        "2" : 0.646960,
        "4" : 0.259272,
        "10" : 6.624836,
        "20" : 0.469236,
        "50" : 0.069356,
        "100" : 0.000000,
        "250" : 0.000000,
        "500" : 0.000000,
        "750" : 0.000000,
        "1000" : 0.000000,
        "2000" : 0.000000,
        ">=2000" : 0.000000
      },
      "latency_depth" : 16,
      "latency_target" : 0,
      "latency_percentile" : 100.000000,
      "latency_window" : 0
    }
  ],
  "disk_util" : [
    {
      "name" : "nvme0n1",
      "read_ios" : 3,
      "write_ios" : 369121,
      "read_merges" : 28,
      "write_merges" : 38,
      "read_ticks" : 5,
      "write_ticks" : 213814,
      "in_queue" : 213826,
      "util" : 85.732165
    }
  ]
}
