{
  "fio version" : "fio-3.33",
  "timestamp" : 1778438955,
  "timestamp_ms" : 1778438955386,
  "time" : "Sun May 10 18:49:15 2026",
  "jobs" : [
    {
      "jobname" : "diskio",
      "groupid" : 0,
      "error" : 0,
      "eta" : 0,
      "elapsed" : 21,
      "job options" : {
        "name" : "diskio",
        "filename" : "/data/fio-testfile",
        "size" : "2G",
        "rw" : "write",
        "bs" : "256k",
        "direct" : "1",
        "ioengine" : "libaio",
        "iodepth" : "16",
        "numjobs" : "1",
        "runtime" : "20"
      },
      "read" : {
        "io_bytes" : 0,
        "io_kbytes" : 0,
        "bw_bytes" : 0,
        "bw" : 0,
        "iops" : 0.000000,
        "runtime" : 0,
        "total_ios" : 0,
        "short_ios" : 0,
        "drop_ios" : 0,
        "slat_ns" : {
          "min" : 0,
          "max" : 0,
          "mean" : 0.000000,
          "stddev" : 0.000000,
          "N" : 0
        },
        "clat_ns" : {
          "min" : 0,
          "max" : 0,
          "mean" : 0.000000,
          "stddev" : 0.000000,
          "N" : 0
        },
        "lat_ns" : {
          "min" : 0,
          "max" : 0,
          "mean" : 0.000000,
          "stddev" : 0.000000,
          "N" : 0
        },
        "bw_min" : 0,
        "bw_max" : 0,
        "bw_agg" : 0.000000,
        "bw_mean" : 0.000000,
        "bw_dev" : 0.000000,
        "bw_samples" : 0,
        "iops_min" : 0,
        "iops_max" : 0,
        "iops_mean" : 0.000000,
        "iops_stddev" : 0.000000,
        "iops_samples" : 0
      },
      "write" : {
        "io_bytes" : 8093433856,
        "io_kbytes" : 7903744,
        "bw_bytes" : 404611001,
        "bw" : 395127,
        "iops" : 1543.468480,
        "runtime" : 20003,
        "total_ios" : 30874,
        "short_ios" : 0,
        "drop_ios" : 0,
        "slat_ns" : {
          "min" : 32412,
          "max" : 32443720,
          "mean" : 56214.832545,
          "stddev" : 274876.370725,
          "N" : 30874
        },
        "clat_ns" : {
          "min" : 997163,
          "max" : 95846501,
          "mean" : 10303578.881421,
          "stddev" : 15181860.215784,
          "N" : 30874,
          "percentile" : {
            "1.000000" : 2113536,
            "5.000000" : 2179072,
            "10.000000" : 2211840,
            "20.000000" : 2244608,
            "30.000000" : 2244608,
            "40.000000" : 2277376,
            "50.000000" : 2342912,
            "60.000000" : 2342912,
            "70.000000" : 2375680,
            "80.000000" : 32112640,
            "90.000000" : 33816576,
            "95.000000" : 36962304,
            "99.000000" : 57933824,
            "99.500000" : 70778880,
            "99.900000" : 88604672,
            "99.950000" : 91750400,
            "99.990000" : 95944704
          }
        },
        "lat_ns" : {
          "min" : 1140649,
          "max" : 95890509,
          "mean" : 10359793.713966,
          "stddev" : 15201530.691123,
          "N" : 30874
        },
        "bw_min" : 69632,
        "bw_max" : 1633280,
        "bw_agg" : 97.891333,
        "bw_mean" : 386796.307692,
        "bw_dev" : 557443.863065,
        "bw_samples" : 39,
        "iops_min" : 272,
        "iops_max" : 6380,
        "iops_mean" : 1510.923077,
        "iops_stddev" : 2177.515090,
        "iops_samples" : 39
      },
      "trim" : {
        "io_bytes" : 0,
        "io_kbytes" : 0,
        "bw_bytes" : 0,
        "bw" : 0,
        "iops" : 0.000000,
        "runtime" : 0,
        "total_ios" : 0,
        "short_ios" : 0,
        "drop_ios" : 0,
        "slat_ns" : {
          "min" : 0,
          "max" : 0,
          "mean" : 0.000000,
          "stddev" : 0.000000,
          "N" : 0
        },
        "clat_ns" : {
          "min" : 0,
          "max" : 0,
          "mean" : 0.000000,
          "stddev" : 0.000000,
          "N" : 0
        },
        "lat_ns" : {
          "min" : 0,
          "max" : 0,
          "mean" : 0.000000,
          "stddev" : 0.000000,
          "N" : 0
        },
        "bw_min" : 0,
        "bw_max" : 0,
        "bw_agg" : 0.000000,
        "bw_mean" : 0.000000,
        "bw_dev" : 0.000000,
        "bw_samples" : 0,
        "iops_min" : 0,
        "iops_max" : 0,
        "iops_mean" : 0.000000,
        "iops_stddev" : 0.000000,
        "iops_samples" : 0
      },
      "sync" : {
        "total_ios" : 0,
        "lat_ns" : {
          "min" : 0,
          "max" : 0,
          "mean" : 0.000000,
          "stddev" : 0.000000,
          "N" : 0
        }
      },
      "job_runtime" : 20002,
      "usr_cpu" : 1.414859,
      "sys_cpu" : 8.834117,
      "ctx" : 27503,
      "majf" : 0,
      "minf" : 13,
      "iodepth_level" : {
        "1" : 0.100000,
        "2" : 0.100000,
        "4" : 0.100000,
        "8" : 0.100000,
        "16" : 99.951415,
        "32" : 0.000000,
        ">=64" : 0.000000
      },
      "iodepth_submit" : {
        "0" : 0.000000,
        "4" : 100.000000,
        "8" : 0.000000,
        "16" : 0.000000,
        "32" : 0.000000,
        "64" : 0.000000,
        ">=64" : 0.000000
      },
      "iodepth_complete" : {
        "0" : 0.000000,
        "4" : 99.996760,
        "8" : 0.000000,
        "16" : 0.100000,
        "32" : 0.000000,
        "64" : 0.000000,
        ">=64" : 0.000000
      },
      "latency_ns" : {
        "2" : 0.000000,
        "4" : 0.000000,
        "10" : 0.000000,
        "20" : 0.000000,
        "50" : 0.000000,
        "100" : 0.000000,
        "250" : 0.000000,
        "500" : 0.000000,
        "750" : 0.000000,
        "1000" : 0.000000
      },
      "latency_us" : {
        "2" : 0.000000,
        "4" : 0.000000,
        "10" : 0.000000,
        "20" : 0.000000,
        "50" : 0.000000,
        "100" : 0.000000,
        "250" : 0.000000,
        "500" : 0.000000,
        "750" : 0.000000,
        "1000" : 0.010000
      },
      "latency_ms" : {
        "2" : 0.268835,
        "4" : 75.895576,
        "10" : 0.527952,
        "20" : 0.090691,
        "50" : 21.270325,
        "100" : 1.943383,
        "250" : 0.000000,
        "500" : 0.000000,
        "750" : 0.000000,
        "1000" : 0.000000,
        "2000" : 0.000000,
        ">=2000" : 0.000000
      },
      "latency_depth" : 16,
      "latency_target" : 0,
      "latency_percentile" : 100.000000,
      "latency_window" : 0
    }
  ],
  "disk_util" : [
    {
      "name" : "nvme0n1",
      "read_ios" : 1,
      "write_ios" : 61223,
      "read_merges" : 0,
      "write_merges" : 23,
      "read_ticks" : 3,
      "write_ticks" : 630280,
      "in_queue" : 630301,
      "util" : 92.576463
    }
  ]
}
