{
  "fio version" : "fio-3.33",
  "timestamp" : 1778438285,
  "timestamp_ms" : 1778438285689,
  "time" : "Sun May 10 18:38:05 2026",
  "jobs" : [
    {
      "jobname" : "diskio",
      "groupid" : 0,
      "error" : 0,
      "eta" : 0,
      "elapsed" : 21,
      "job options" : {
        "name" : "diskio",
        "filename" : "/data/fio-testfile",
        "size" : "2G",
        "rw" : "read",
        "bs" : "16k",
        "direct" : "1",
        "ioengine" : "libaio",
        "iodepth" : "16",
        "numjobs" : "1",
        "runtime" : "20"
      },
      "read" : {
        "io_bytes" : 16868048896,
        "io_kbytes" : 16472704,
        "bw_bytes" : 843360276,
        "bw" : 823594,
        "iops" : 51474.626269,
        "runtime" : 20001,
        "total_ios" : 1029544,
        "short_ios" : 0,
        "drop_ios" : 0,
        "slat_ns" : {
          "min" : 6145,
          "max" : 126881,
          "mean" : 11639.459530,
          "stddev" : 2933.423060,
          "N" : 1029544
        },
        "clat_ns" : {
          "min" : 86799,
          "max" : 12075348,
          "mean" : 294331.273840,
          "stddev" : 178984.112015,
          "N" : 1029544,
          "percentile" : {
            "1.000000" : 222208,
            "5.000000" : 236544,
            "10.000000" : 244736,
            "20.000000" : 268288,
            "30.000000" : 280576,
            "40.000000" : 288768,
            "50.000000" : 288768,
            "60.000000" : 292864,
            "70.000000" : 292864,
            "80.000000" : 301056,
            "90.000000" : 313344,
            "95.000000" : 325632,
            "99.000000" : 444416,
            "99.500000" : 610304,
            "99.900000" : 1712128,
            "99.950000" : 2670592,
            "99.990000" : 8847360
          }
        },
        "lat_ns" : {
          "min" : 95388,
          "max" : 12084007,
          "mean" : 305970.733369,
          "stddev" : 179046.568281,
          "N" : 1029544
        },
        "bw_min" : 763136,
        "bw_max" : 982496,
        "bw_agg" : 100.000000,
        "bw_mean" : 825050.256410,
        "bw_dev" : 50277.194879,
        "bw_samples" : 39,
        "iops_min" : 47696,
        "iops_max" : 61406,
        "iops_mean" : 51565.641026,
        "iops_stddev" : 3142.324680,
        "iops_samples" : 39
      },
      "write" : {
        "io_bytes" : 0,
        "io_kbytes" : 0,
        "bw_bytes" : 0,
        "bw" : 0,
        "iops" : 0.000000,
        "runtime" : 0,
        "total_ios" : 0,
        "short_ios" : 0,
        "drop_ios" : 0,
        "slat_ns" : {
          "min" : 0,
          "max" : 0,
          "mean" : 0.000000,
          "stddev" : 0.000000,
          "N" : 0
        },
        "clat_ns" : {
          "min" : 0,
          "max" : 0,
          "mean" : 0.000000,
          "stddev" : 0.000000,
          "N" : 0
        },
        "lat_ns" : {
          "min" : 0,
          "max" : 0,
          "mean" : 0.000000,
          "stddev" : 0.000000,
          "N" : 0
        },
        "bw_min" : 0,
        "bw_max" : 0,
        "bw_agg" : 0.000000,
        "bw_mean" : 0.000000,
        "bw_dev" : 0.000000,
        "bw_samples" : 0,
        "iops_min" : 0,
        "iops_max" : 0,
        "iops_mean" : 0.000000,
        "iops_stddev" : 0.000000,
        "iops_samples" : 0
      },
      "trim" : {
        "io_bytes" : 0,
        "io_kbytes" : 0,
        "bw_bytes" : 0,
        "bw" : 0,
        "iops" : 0.000000,
        "runtime" : 0,
        "total_ios" : 0,
        "short_ios" : 0,
        "drop_ios" : 0,
        "slat_ns" : {
          "min" : 0,
          "max" : 0,
          "mean" : 0.000000,
          "stddev" : 0.000000,
          "N" : 0
        },
        "clat_ns" : {
          "min" : 0,
          "max" : 0,
          "mean" : 0.000000,
          "stddev" : 0.000000,
          "N" : 0
        },
        "lat_ns" : {
          "min" : 0,
          "max" : 0,
          "mean" : 0.000000,
          "stddev" : 0.000000,
          "N" : 0
        },
        "bw_min" : 0,
        "bw_max" : 0,
        "bw_agg" : 0.000000,
        "bw_mean" : 0.000000,
        "bw_dev" : 0.000000,
        "bw_samples" : 0,
        "iops_min" : 0,
        "iops_max" : 0,
        "iops_mean" : 0.000000,
        "iops_stddev" : 0.000000,
        "iops_samples" : 0
      },
      "sync" : {
        "total_ios" : 0,
        "lat_ns" : {
          "min" : 0,
          "max" : 0,
          "mean" : 0.000000,
          "stddev" : 0.000000,
          "N" : 0
        }
      },
      "job_runtime" : 20000,
      "usr_cpu" : 7.790000,
      "sys_cpu" : 89.485000,
      "ctx" : 2277,
      "majf" : 0,
      "minf" : 77,
      "iodepth_level" : {
        "1" : 0.100000,
        "2" : 0.100000,
        "4" : 0.100000,
        "8" : 0.100000,
        "16" : 99.998543,
        "32" : 0.000000,
        ">=64" : 0.000000
      },
      "iodepth_submit" : {
        "0" : 0.000000,
        "4" : 100.000000,
        "8" : 0.000000,
        "16" : 0.000000,
        "32" : 0.000000,
        "64" : 0.000000,
        ">=64" : 0.000000
      },
      "iodepth_complete" : {
        "0" : 0.000000,
        "4" : 99.999903,
        "8" : 0.000000,
        "16" : 0.100000,
        "32" : 0.000000,
        "64" : 0.000000,
        ">=64" : 0.000000
      },
      "latency_ns" : {
        "2" : 0.000000,
        "4" : 0.000000,
        "10" : 0.000000,
        "20" : 0.000000,
        "50" : 0.000000,
        "100" : 0.000000,
        "250" : 0.000000,
        "500" : 0.000000,
        "750" : 0.000000,
        "1000" : 0.000000
      },
      "latency_us" : {
        "2" : 0.000000,
        "4" : 0.000000,
        "10" : 0.000000,
        "20" : 0.000000,
        "50" : 0.000000,
        "100" : 0.010000,
        "250" : 11.729950,
        "500" : 87.524477,
        "750" : 0.382014,
        "1000" : 0.116459
      },
      "latency_ms" : {
        "2" : 0.173475,
        "4" : 0.035744,
        "10" : 0.035744,
        "20" : 0.010000,
        "50" : 0.000000,
        "100" : 0.000000,
        "250" : 0.000000,
        "500" : 0.000000,
        "750" : 0.000000,
        "1000" : 0.000000,
        "2000" : 0.000000,
        ">=2000" : 0.000000
      },
      "latency_depth" : 16,
      "latency_target" : 0,
      "latency_percentile" : 100.000000,
      "latency_window" : 0
    }
  ],
  "disk_util" : [
    {
      "name" : "nvme0n1",
      "read_ios" : 1025413,
      "write_ios" : 42,
      "read_merges" : 0,
      "write_merges" : 42,
      "read_ticks" : 37076,
      "write_ticks" : 7,
      "in_queue" : 37086,
      "util" : 62.414294
    }
  ]
}
