{
  "fio version" : "fio-3.33",
  "timestamp" : 1778438861,
  "timestamp_ms" : 1778438861654,
  "time" : "Sun May 10 18:47:41 2026",
  "jobs" : [
    {
      "jobname" : "diskio",
      "groupid" : 0,
      "error" : 0,
      "eta" : 0,
      "elapsed" : 21,
      "job options" : {
        "name" : "diskio",
        "filename" : "/data/fio-testfile",
        "size" : "2G",
        "rw" : "read",
        "bs" : "256k",
        "direct" : "1",
        "ioengine" : "libaio",
        "iodepth" : "16",
        "numjobs" : "1",
        "runtime" : "20"
      },
      "read" : {
        "io_bytes" : 45772963840,
        "io_kbytes" : 44700160,
        "bw_bytes" : 2288419350,
        "bw" : 2234784,
        "iops" : 8729.627037,
        "runtime" : 20002,
        "total_ios" : 174610,
        "short_ios" : 0,
        "drop_ios" : 0,
        "slat_ns" : {
          "min" : 35130,
          "max" : 440911,
          "mean" : 43132.517038,
          "stddev" : 11685.038426,
          "N" : 174610
        },
        "clat_ns" : {
          "min" : 768819,
          "max" : 7209352,
          "mean" : 1784650.782475,
          "stddev" : 467589.784180,
          "N" : 174610,
          "percentile" : {
            "1.000000" : 1269760,
            "5.000000" : 1318912,
            "10.000000" : 1351680,
            "20.000000" : 1384448,
            "30.000000" : 1417216,
            "40.000000" : 1482752,
            "50.000000" : 1712128,
            "60.000000" : 1908736,
            "70.000000" : 2023424,
            "80.000000" : 2146304,
            "90.000000" : 2310144,
            "95.000000" : 2473984,
            "99.000000" : 3096576,
            "99.500000" : 3489792,
            "99.900000" : 6586368,
            "99.950000" : 6782976,
            "99.990000" : 7045120
          }
        },
        "lat_ns" : {
          "min" : 819174,
          "max" : 7250279,
          "mean" : 1827783.299513,
          "stddev" : 467249.406995,
          "N" : 174610
        },
        "bw_min" : 1984000,
        "bw_max" : 2323968,
        "bw_agg" : 100.000000,
        "bw_mean" : 2235654.564103,
        "bw_dev" : 90157.146340,
        "bw_samples" : 39,
        "iops_min" : 7750,
        "iops_max" : 9078,
        "iops_mean" : 8733.025641,
        "iops_stddev" : 352.176353,
        "iops_samples" : 39
      },
      "write" : {
        "io_bytes" : 0,
        "io_kbytes" : 0,
        "bw_bytes" : 0,
        "bw" : 0,
        "iops" : 0.000000,
        "runtime" : 0,
        "total_ios" : 0,
        "short_ios" : 0,
        "drop_ios" : 0,
        "slat_ns" : {
          "min" : 0,
          "max" : 0,
          "mean" : 0.000000,
          "stddev" : 0.000000,
          "N" : 0
        },
        "clat_ns" : {
          "min" : 0,
          "max" : 0,
          "mean" : 0.000000,
          "stddev" : 0.000000,
          "N" : 0
        },
        "lat_ns" : {
          "min" : 0,
          "max" : 0,
          "mean" : 0.000000,
          "stddev" : 0.000000,
          "N" : 0
        },
        "bw_min" : 0,
        "bw_max" : 0,
        "bw_agg" : 0.000000,
        "bw_mean" : 0.000000,
        "bw_dev" : 0.000000,
        "bw_samples" : 0,
        "iops_min" : 0,
        "iops_max" : 0,
        "iops_mean" : 0.000000,
        "iops_stddev" : 0.000000,
        "iops_samples" : 0
      },
      "trim" : {
        "io_bytes" : 0,
        "io_kbytes" : 0,
        "bw_bytes" : 0,
        "bw" : 0,
        "iops" : 0.000000,
        "runtime" : 0,
        "total_ios" : 0,
        "short_ios" : 0,
        "drop_ios" : 0,
        "slat_ns" : {
          "min" : 0,
          "max" : 0,
          "mean" : 0.000000,
          "stddev" : 0.000000,
          "N" : 0
        },
        "clat_ns" : {
          "min" : 0,
          "max" : 0,
          "mean" : 0.000000,
          "stddev" : 0.000000,
          "N" : 0
        },
        "lat_ns" : {
          "min" : 0,
          "max" : 0,
          "mean" : 0.000000,
          "stddev" : 0.000000,
          "N" : 0
        },
        "bw_min" : 0,
        "bw_max" : 0,
        "bw_agg" : 0.000000,
        "bw_mean" : 0.000000,
        "bw_dev" : 0.000000,
        "bw_samples" : 0,
        "iops_min" : 0,
        "iops_max" : 0,
        "iops_mean" : 0.000000,
        "iops_stddev" : 0.000000,
        "iops_samples" : 0
      },
      "sync" : {
        "total_ios" : 0,
        "lat_ns" : {
          "min" : 0,
          "max" : 0,
          "mean" : 0.000000,
          "stddev" : 0.000000,
          "N" : 0
        }
      },
      "job_runtime" : 20001,
      "usr_cpu" : 2.054897,
      "sys_cpu" : 49.112544,
      "ctx" : 149476,
      "majf" : 0,
      "minf" : 1035,
      "iodepth_level" : {
        "1" : 0.100000,
        "2" : 0.100000,
        "4" : 0.100000,
        "8" : 0.100000,
        "16" : 99.991409,
        "32" : 0.000000,
        ">=64" : 0.000000
      },
      "iodepth_submit" : {
        "0" : 0.000000,
        "4" : 100.000000,
        "8" : 0.000000,
        "16" : 0.000000,
        "32" : 0.000000,
        "64" : 0.000000,
        ">=64" : 0.000000
      },
      "iodepth_complete" : {
        "0" : 0.000000,
        "4" : 99.999427,
        "8" : 0.000000,
        "16" : 0.100000,
        "32" : 0.000000,
        "64" : 0.000000,
        ">=64" : 0.000000
      },
      "latency_ns" : {
        "2" : 0.000000,
        "4" : 0.000000,
        "10" : 0.000000,
        "20" : 0.000000,
        "50" : 0.000000,
        "100" : 0.000000,
        "250" : 0.000000,
        "500" : 0.000000,
        "750" : 0.000000,
        "1000" : 0.000000
      },
      "latency_us" : {
        "2" : 0.000000,
        "4" : 0.000000,
        "10" : 0.000000,
        "20" : 0.000000,
        "50" : 0.000000,
        "100" : 0.000000,
        "250" : 0.000000,
        "500" : 0.000000,
        "750" : 0.000000,
        "1000" : 0.154630
      },
      "latency_ms" : {
        "2" : 66.918275,
        "4" : 32.689995,
        "10" : 0.237100,
        "20" : 0.000000,
        "50" : 0.000000,
        "100" : 0.000000,
        "250" : 0.000000,
        "500" : 0.000000,
        "750" : 0.000000,
        "1000" : 0.000000,
        "2000" : 0.000000,
        ">=2000" : 0.000000
      },
      "latency_depth" : 16,
      "latency_target" : 0,
      "latency_percentile" : 100.000000,
      "latency_window" : 0
    }
  ],
  "disk_util" : [
    {
      "name" : "nvme0n1",
      "read_ios" : 353290,
      "write_ios" : 31,
      "read_merges" : 0,
      "write_merges" : 26,
      "read_ticks" : 621299,
      "write_ticks" : 34,
      "in_queue" : 621338,
      "util" : 81.392671
    }
  ]
}
