{
  "fio version" : "fio-3.33",
  "timestamp" : 1778439049,
  "timestamp_ms" : 1778439049252,
  "time" : "Sun May 10 18:50:49 2026",
  "jobs" : [
    {
      "jobname" : "diskio",
      "groupid" : 0,
      "error" : 0,
      "eta" : 0,
      "elapsed" : 21,
      "job options" : {
        "name" : "diskio",
        "filename" : "/data/fio-testfile",
        "size" : "2G",
        "rw" : "randwrite",
        "bs" : "256k",
        "direct" : "1",
        "ioengine" : "libaio",
        "iodepth" : "16",
        "numjobs" : "1",
        "runtime" : "20"
      },
      "read" : {
        "io_bytes" : 0,
        "io_kbytes" : 0,
        "bw_bytes" : 0,
        "bw" : 0,
        "iops" : 0.000000,
        "runtime" : 0,
        "total_ios" : 0,
        "short_ios" : 0,
        "drop_ios" : 0,
        "slat_ns" : {
          "min" : 0,
          "max" : 0,
          "mean" : 0.000000,
          "stddev" : 0.000000,
          "N" : 0
        },
        "clat_ns" : {
          "min" : 0,
          "max" : 0,
          "mean" : 0.000000,
          "stddev" : 0.000000,
          "N" : 0
        },
        "lat_ns" : {
          "min" : 0,
          "max" : 0,
          "mean" : 0.000000,
          "stddev" : 0.000000,
          "N" : 0
        },
        "bw_min" : 0,
        "bw_max" : 0,
        "bw_agg" : 0.000000,
        "bw_mean" : 0.000000,
        "bw_dev" : 0.000000,
        "bw_samples" : 0,
        "iops_min" : 0,
        "iops_max" : 0,
        "iops_mean" : 0.000000,
        "iops_stddev" : 0.000000,
        "iops_samples" : 0
      },
      "write" : {
        "io_bytes" : 5580259328,
        "io_kbytes" : 5449472,
        "bw_bytes" : 277156021,
        "bw" : 270660,
        "iops" : 1057.266316,
        "runtime" : 20134,
        "total_ios" : 21287,
        "short_ios" : 0,
        "drop_ios" : 0,
        "slat_ns" : {
          "min" : 33877,
          "max" : 126134479,
          "mean" : 65493.832809,
          "stddev" : 1229953.712307,
          "N" : 21287
        },
        "clat_ns" : {
          "min" : 757164,
          "max" : 642575016,
          "mean" : 15054677.228543,
          "stddev" : 36458518.392025,
          "N" : 21287,
          "percentile" : {
            "1.000000" : 2113536,
            "5.000000" : 2179072,
            "10.000000" : 2211840,
            "20.000000" : 2244608,
            "30.000000" : 2244608,
            "40.000000" : 2277376,
            "50.000000" : 2310144,
            "60.000000" : 2342912,
            "70.000000" : 2375680,
            "80.000000" : 2637824,
            "90.000000" : 35913728,
            "95.000000" : 124256256,
            "99.000000" : 135266304,
            "99.500000" : 158334976,
            "99.900000" : 267386880,
            "99.950000" : 471859200,
            "99.990000" : 641728512
          }
        },
        "lat_ns" : {
          "min" : 1242896,
          "max" : 642613573,
          "mean" : 15120171.061352,
          "stddev" : 36494734.136864,
          "N" : 21287
        },
        "bw_min" : 18432,
        "bw_max" : 1617920,
        "bw_agg" : 100.000000,
        "bw_mean" : 272281.600000,
        "bw_dev" : 483294.777824,
        "bw_samples" : 40,
        "iops_min" : 72,
        "iops_max" : 6320,
        "iops_mean" : 1063.600000,
        "iops_stddev" : 1887.870226,
        "iops_samples" : 40
      },
      "trim" : {
        "io_bytes" : 0,
        "io_kbytes" : 0,
        "bw_bytes" : 0,
        "bw" : 0,
        "iops" : 0.000000,
        "runtime" : 0,
        "total_ios" : 0,
        "short_ios" : 0,
        "drop_ios" : 0,
        "slat_ns" : {
          "min" : 0,
          "max" : 0,
          "mean" : 0.000000,
          "stddev" : 0.000000,
          "N" : 0
        },
        "clat_ns" : {
          "min" : 0,
          "max" : 0,
          "mean" : 0.000000,
          "stddev" : 0.000000,
          "N" : 0
        },
        "lat_ns" : {
          "min" : 0,
          "max" : 0,
          "mean" : 0.000000,
          "stddev" : 0.000000,
          "N" : 0
        },
        "bw_min" : 0,
        "bw_max" : 0,
        "bw_agg" : 0.000000,
        "bw_mean" : 0.000000,
        "bw_dev" : 0.000000,
        "bw_samples" : 0,
        "iops_min" : 0,
        "iops_max" : 0,
        "iops_mean" : 0.000000,
        "iops_stddev" : 0.000000,
        "iops_samples" : 0
      },
      "sync" : {
        "total_ios" : 0,
        "lat_ns" : {
          "min" : 0,
          "max" : 0,
          "mean" : 0.000000,
          "stddev" : 0.000000,
          "N" : 0
        }
      },
      "job_runtime" : 20133,
      "usr_cpu" : 0.918889,
      "sys_cpu" : 6.064670,
      "ctx" : 20178,
      "majf" : 0,
      "minf" : 11,
      "iodepth_level" : {
        "1" : 0.100000,
        "2" : 0.100000,
        "4" : 0.100000,
        "8" : 0.100000,
        "16" : 99.929534,
        "32" : 0.000000,
        ">=64" : 0.000000
      },
      "iodepth_submit" : {
        "0" : 0.000000,
        "4" : 100.000000,
        "8" : 0.000000,
        "16" : 0.000000,
        "32" : 0.000000,
        "64" : 0.000000,
        ">=64" : 0.000000
      },
      "iodepth_complete" : {
        "0" : 0.000000,
        "4" : 99.995299,
        "8" : 0.000000,
        "16" : 0.100000,
        "32" : 0.000000,
        "64" : 0.000000,
        ">=64" : 0.000000
      },
      "latency_ns" : {
        "2" : 0.000000,
        "4" : 0.000000,
        "10" : 0.000000,
        "20" : 0.000000,
        "50" : 0.000000,
        "100" : 0.000000,
        "250" : 0.000000,
        "500" : 0.000000,
        "750" : 0.000000,
        "1000" : 0.000000
      },
      "latency_us" : {
        "2" : 0.000000,
        "4" : 0.000000,
        "10" : 0.000000,
        "20" : 0.000000,
        "50" : 0.000000,
        "100" : 0.000000,
        "250" : 0.000000,
        "500" : 0.000000,
        "750" : 0.000000,
        "1000" : 0.010000
      },
      "latency_ms" : {
        "2" : 0.267769,
        "4" : 81.204491,
        "10" : 0.314746,
        "20" : 0.582515,
        "50" : 10.250388,
        "100" : 1.150937,
        "250" : 6.097618,
        "500" : 0.079861,
        "750" : 0.046977,
        "1000" : 0.000000,
        "2000" : 0.000000,
        ">=2000" : 0.000000
      },
      "latency_depth" : 16,
      "latency_target" : 0,
      "latency_percentile" : 100.000000,
      "latency_window" : 0
    }
  ],
  "disk_util" : [
    {
      "name" : "nvme0n1",
      "read_ios" : 0,
      "write_ios" : 43311,
      "read_merges" : 0,
      "write_merges" : 30,
      "read_ticks" : 0,
      "write_ticks" : 630310,
      "in_queue" : 630352,
      "util" : 94.091728
    }
  ]
}
