{
  "fio version" : "fio-3.33",
  "timestamp" : 1778438598,
  "timestamp_ms" : 1778438598818,
  "time" : "Sun May 10 18:43:18 2026",
  "jobs" : [
    {
      "jobname" : "diskio",
      "groupid" : 0,
      "error" : 0,
      "eta" : 0,
      "elapsed" : 21,
      "job options" : {
        "name" : "diskio",
        "filename" : "/data/fio-testfile",
        "size" : "2G",
        "rw" : "read",
        "bs" : "64k",
        "direct" : "1",
        "ioengine" : "libaio",
        "iodepth" : "16",
        "numjobs" : "1",
        "runtime" : "20"
      },
      "read" : {
        "io_bytes" : 38510067712,
        "io_kbytes" : 37607488,
        "bw_bytes" : 1925407115,
        "bw" : 1880280,
        "iops" : 29379.381031,
        "runtime" : 20001,
        "total_ios" : 587617,
        "short_ios" : 0,
        "drop_ios" : 0,
        "slat_ns" : {
          "min" : 11452,
          "max" : 226592,
          "mean" : 17883.528026,
          "stddev" : 5268.608132,
          "N" : 587617
        },
        "clat_ns" : {
          "min" : 271642,
          "max" : 11477259,
          "mean" : 521662.121594,
          "stddev" : 276178.521450,
          "N" : 587617,
          "percentile" : {
            "1.000000" : 321536,
            "5.000000" : 337920,
            "10.000000" : 362496,
            "20.000000" : 382976,
            "30.000000" : 395264,
            "40.000000" : 403456,
            "50.000000" : 415744,
            "60.000000" : 436224,
            "70.000000" : 505856,
            "80.000000" : 634880,
            "90.000000" : 823296,
            "95.000000" : 987136,
            "99.000000" : 1679360,
            "99.500000" : 1908736,
            "99.900000" : 2408448,
            "99.950000" : 2572288,
            "99.990000" : 10682368
          }
        },
        "lat_ns" : {
          "min" : 285468,
          "max" : 11505400,
          "mean" : 539545.649620,
          "stddev" : 275823.456586,
          "N" : 587617
        },
        "bw_min" : 1670144,
        "bw_max" : 2111360,
        "bw_agg" : 99.901005,
        "bw_mean" : 1878419.692308,
        "bw_dev" : 134275.864601,
        "bw_samples" : 39,
        "iops_min" : 26096,
        "iops_max" : 32990,
        "iops_mean" : 29350.307692,
        "iops_stddev" : 2098.060384,
        "iops_samples" : 39
      },
      "write" : {
        "io_bytes" : 0,
        "io_kbytes" : 0,
        "bw_bytes" : 0,
        "bw" : 0,
        "iops" : 0.000000,
        "runtime" : 0,
        "total_ios" : 0,
        "short_ios" : 0,
        "drop_ios" : 0,
        "slat_ns" : {
          "min" : 0,
          "max" : 0,
          "mean" : 0.000000,
          "stddev" : 0.000000,
          "N" : 0
        },
        "clat_ns" : {
          "min" : 0,
          "max" : 0,
          "mean" : 0.000000,
          "stddev" : 0.000000,
          "N" : 0
        },
        "lat_ns" : {
          "min" : 0,
          "max" : 0,
          "mean" : 0.000000,
          "stddev" : 0.000000,
          "N" : 0
        },
        "bw_min" : 0,
        "bw_max" : 0,
        "bw_agg" : 0.000000,
        "bw_mean" : 0.000000,
        "bw_dev" : 0.000000,
        "bw_samples" : 0,
        "iops_min" : 0,
        "iops_max" : 0,
        "iops_mean" : 0.000000,
        "iops_stddev" : 0.000000,
        "iops_samples" : 0
      },
      "trim" : {
        "io_bytes" : 0,
        "io_kbytes" : 0,
        "bw_bytes" : 0,
        "bw" : 0,
        "iops" : 0.000000,
        "runtime" : 0,
        "total_ios" : 0,
        "short_ios" : 0,
        "drop_ios" : 0,
        "slat_ns" : {
          "min" : 0,
          "max" : 0,
          "mean" : 0.000000,
          "stddev" : 0.000000,
          "N" : 0
        },
        "clat_ns" : {
          "min" : 0,
          "max" : 0,
          "mean" : 0.000000,
          "stddev" : 0.000000,
          "N" : 0
        },
        "lat_ns" : {
          "min" : 0,
          "max" : 0,
          "mean" : 0.000000,
          "stddev" : 0.000000,
          "N" : 0
        },
        "bw_min" : 0,
        "bw_max" : 0,
        "bw_agg" : 0.000000,
        "bw_mean" : 0.000000,
        "bw_dev" : 0.000000,
        "bw_samples" : 0,
        "iops_min" : 0,
        "iops_max" : 0,
        "iops_mean" : 0.000000,
        "iops_stddev" : 0.000000,
        "iops_samples" : 0
      },
      "sync" : {
        "total_ios" : 0,
        "lat_ns" : {
          "min" : 0,
          "max" : 0,
          "mean" : 0.000000,
          "stddev" : 0.000000,
          "N" : 0
        }
      },
      "job_runtime" : 20000,
      "usr_cpu" : 5.310000,
      "sys_cpu" : 71.745000,
      "ctx" : 34490,
      "majf" : 0,
      "minf" : 268,
      "iodepth_level" : {
        "1" : 0.100000,
        "2" : 0.100000,
        "4" : 0.100000,
        "8" : 0.100000,
        "16" : 99.997447,
        "32" : 0.000000,
        ">=64" : 0.000000
      },
      "iodepth_submit" : {
        "0" : 0.000000,
        "4" : 100.000000,
        "8" : 0.000000,
        "16" : 0.000000,
        "32" : 0.000000,
        "64" : 0.000000,
        ">=64" : 0.000000
      },
      "iodepth_complete" : {
        "0" : 0.000000,
        "4" : 99.999830,
        "8" : 0.000000,
        "16" : 0.100000,
        "32" : 0.000000,
        "64" : 0.000000,
        ">=64" : 0.000000
      },
      "latency_ns" : {
        "2" : 0.000000,
        "4" : 0.000000,
        "10" : 0.000000,
        "20" : 0.000000,
        "50" : 0.000000,
        "100" : 0.000000,
        "250" : 0.000000,
        "500" : 0.000000,
        "750" : 0.000000,
        "1000" : 0.000000
      },
      "latency_us" : {
        "2" : 0.000000,
        "4" : 0.000000,
        "10" : 0.000000,
        "20" : 0.000000,
        "50" : 0.000000,
        "100" : 0.000000,
        "250" : 0.000000,
        "500" : 69.183669,
        "750" : 17.877121,
        "1000" : 8.151058
      },
      "latency_ms" : {
        "2" : 4.454772,
        "4" : 0.322489,
        "10" : 0.000000,
        "20" : 0.010891,
        "50" : 0.000000,
        "100" : 0.000000,
        "250" : 0.000000,
        "500" : 0.000000,
        "750" : 0.000000,
        "1000" : 0.000000,
        "2000" : 0.000000,
        ">=2000" : 0.000000
      },
      "latency_depth" : 16,
      "latency_target" : 0,
      "latency_percentile" : 100.000000,
      "latency_window" : 0
    }
  ],
  "disk_util" : [
    {
      "name" : "nvme0n1",
      "read_ios" : 590145,
      "write_ios" : 66,
      "read_merges" : 0,
      "write_merges" : 101,
      "read_ticks" : 224638,
      "write_ticks" : 40,
      "in_queue" : 224689,
      "util" : 70.437481
    }
  ]
}
