{
  "fio version" : "fio-3.33",
  "timestamp" : 1778438622,
  "timestamp_ms" : 1778438622253,
  "time" : "Sun May 10 18:43:42 2026",
  "jobs" : [
    {
      "jobname" : "diskio",
      "groupid" : 0,
      "error" : 0,
      "eta" : 0,
      "elapsed" : 21,
      "job options" : {
        "name" : "diskio",
        "filename" : "/data/fio-testfile",
        "size" : "2G",
        "rw" : "write",
        "bs" : "64k",
        "direct" : "1",
        "ioengine" : "libaio",
        "iodepth" : "16",
        "numjobs" : "1",
        "runtime" : "20"
      },
      "read" : {
        "io_bytes" : 0,
        "io_kbytes" : 0,
        "bw_bytes" : 0,
        "bw" : 0,
        "iops" : 0.000000,
        "runtime" : 0,
        "total_ios" : 0,
        "short_ios" : 0,
        "drop_ios" : 0,
        "slat_ns" : {
          "min" : 0,
          "max" : 0,
          "mean" : 0.000000,
          "stddev" : 0.000000,
          "N" : 0
        },
        "clat_ns" : {
          "min" : 0,
          "max" : 0,
          "mean" : 0.000000,
          "stddev" : 0.000000,
          "N" : 0
        },
        "lat_ns" : {
          "min" : 0,
          "max" : 0,
          "mean" : 0.000000,
          "stddev" : 0.000000,
          "N" : 0
        },
        "bw_min" : 0,
        "bw_max" : 0,
        "bw_agg" : 0.000000,
        "bw_mean" : 0.000000,
        "bw_dev" : 0.000000,
        "bw_samples" : 0,
        "iops_min" : 0,
        "iops_max" : 0,
        "iops_mean" : 0.000000,
        "iops_stddev" : 0.000000,
        "iops_samples" : 0
      },
      "write" : {
        "io_bytes" : 20617560064,
        "io_kbytes" : 20134336,
        "bw_bytes" : 1030826461,
        "bw" : 1006666,
        "iops" : 15729.163542,
        "runtime" : 20001,
        "total_ios" : 314599,
        "short_ios" : 0,
        "drop_ios" : 0,
        "slat_ns" : {
          "min" : 11802,
          "max" : 362237,
          "mean" : 16872.314470,
          "stddev" : 6186.725075,
          "N" : 314599
        },
        "clat_ns" : {
          "min" : 309665,
          "max" : 75270240,
          "mean" : 995451.942520,
          "stddev" : 2277695.839646,
          "N" : 314599,
          "percentile" : {
            "1.000000" : 382976,
            "5.000000" : 452608,
            "10.000000" : 464896,
            "20.000000" : 473088,
            "30.000000" : 477184,
            "40.000000" : 485376,
            "50.000000" : 489472,
            "60.000000" : 505856,
            "70.000000" : 585728,
            "80.000000" : 790528,
            "90.000000" : 823296,
            "95.000000" : 905216,
            "99.000000" : 9109504,
            "99.500000" : 13697024,
            "99.900000" : 27656192,
            "99.950000" : 29491200,
            "99.990000" : 47448064
          }
        },
        "lat_ns" : {
          "min" : 324749,
          "max" : 75298455,
          "mean" : 1012324.256991,
          "stddev" : 2280058.907773,
          "N" : 314599
        },
        "bw_min" : 75392,
        "bw_max" : 1634560,
        "bw_agg" : 98.572371,
        "bw_mean" : 992295.384615,
        "bw_dev" : 710695.835167,
        "bw_samples" : 39,
        "iops_min" : 1178,
        "iops_max" : 25540,
        "iops_mean" : 15504.615385,
        "iops_stddev" : 11104.622424,
        "iops_samples" : 39
      },
      "trim" : {
        "io_bytes" : 0,
        "io_kbytes" : 0,
        "bw_bytes" : 0,
        "bw" : 0,
        "iops" : 0.000000,
        "runtime" : 0,
        "total_ios" : 0,
        "short_ios" : 0,
        "drop_ios" : 0,
        "slat_ns" : {
          "min" : 0,
          "max" : 0,
          "mean" : 0.000000,
          "stddev" : 0.000000,
          "N" : 0
        },
        "clat_ns" : {
          "min" : 0,
          "max" : 0,
          "mean" : 0.000000,
          "stddev" : 0.000000,
          "N" : 0
        },
        "lat_ns" : {
          "min" : 0,
          "max" : 0,
          "mean" : 0.000000,
          "stddev" : 0.000000,
          "N" : 0
        },
        "bw_min" : 0,
        "bw_max" : 0,
        "bw_agg" : 0.000000,
        "bw_mean" : 0.000000,
        "bw_dev" : 0.000000,
        "bw_samples" : 0,
        "iops_min" : 0,
        "iops_max" : 0,
        "iops_mean" : 0.000000,
        "iops_stddev" : 0.000000,
        "iops_samples" : 0
      },
      "sync" : {
        "total_ios" : 0,
        "lat_ns" : {
          "min" : 0,
          "max" : 0,
          "mean" : 0.000000,
          "stddev" : 0.000000,
          "N" : 0
        }
      },
      "job_runtime" : 20000,
      "usr_cpu" : 4.165000,
      "sys_cpu" : 35.710000,
      "ctx" : 132646,
      "majf" : 0,
      "minf" : 12,
      "iodepth_level" : {
        "1" : 0.100000,
        "2" : 0.100000,
        "4" : 0.100000,
        "8" : 0.100000,
        "16" : 99.995232,
        "32" : 0.000000,
        ">=64" : 0.000000
      },
      "iodepth_submit" : {
        "0" : 0.000000,
        "4" : 100.000000,
        "8" : 0.000000,
        "16" : 0.000000,
        "32" : 0.000000,
        "64" : 0.000000,
        ">=64" : 0.000000
      },
      "iodepth_complete" : {
        "0" : 0.000000,
        "4" : 99.999682,
        "8" : 0.000000,
        "16" : 0.100000,
        "32" : 0.000000,
        "64" : 0.000000,
        ">=64" : 0.000000
      },
      "latency_ns" : {
        "2" : 0.000000,
        "4" : 0.000000,
        "10" : 0.000000,
        "20" : 0.000000,
        "50" : 0.000000,
        "100" : 0.000000,
        "250" : 0.000000,
        "500" : 0.000000,
        "750" : 0.000000,
        "1000" : 0.000000
      },
      "latency_us" : {
        "2" : 0.000000,
        "4" : 0.000000,
        "10" : 0.000000,
        "20" : 0.000000,
        "50" : 0.000000,
        "100" : 0.000000,
        "250" : 0.000000,
        "500" : 57.264645,
        "750" : 17.748308,
        "1000" : 20.119581
      },
      "latency_ms" : {
        "2" : 0.236174,
        "4" : 0.115067,
        "10" : 3.779732,
        "20" : 0.509538,
        "50" : 0.218055,
        "100" : 0.010000,
        "250" : 0.000000,
        "500" : 0.000000,
        "750" : 0.000000,
        "1000" : 0.000000,
        "2000" : 0.000000,
        ">=2000" : 0.000000
      },
      "latency_depth" : 16,
      "latency_target" : 0,
      "latency_percentile" : 100.000000,
      "latency_window" : 0
    }
  ],
  "disk_util" : [
    {
      "name" : "nvme0n1",
      "read_ios" : 0,
      "write_ios" : 314868,
      "read_merges" : 0,
      "write_merges" : 35,
      "read_ticks" : 0,
      "write_ticks" : 302921,
      "in_queue" : 302932,
      "util" : 76.548030
    }
  ]
}
