{
  "fio version" : "fio-3.33",
  "timestamp" : 1778439096,
  "timestamp_ms" : 1778439096340,
  "time" : "Sun May 10 18:51:36 2026",
  "jobs" : [
    {
      "jobname" : "diskio",
      "groupid" : 0,
      "error" : 0,
      "eta" : 0,
      "elapsed" : 21,
      "job options" : {
        "name" : "diskio",
        "filename" : "/data/fio-testfile",
        "size" : "2G",
        "rw" : "randwrite",
        "bs" : "256k",
        "direct" : "1",
        "ioengine" : "libaio",
        "iodepth" : "16",
        "numjobs" : "1",
        "runtime" : "20"
      },
      "read" : {
        "io_bytes" : 0,
        "io_kbytes" : 0,
        "bw_bytes" : 0,
        "bw" : 0,
        "iops" : 0.000000,
        "runtime" : 0,
        "total_ios" : 0,
        "short_ios" : 0,
        "drop_ios" : 0,
        "slat_ns" : {
          "min" : 0,
          "max" : 0,
          "mean" : 0.000000,
          "stddev" : 0.000000,
          "N" : 0
        },
        "clat_ns" : {
          "min" : 0,
          "max" : 0,
          "mean" : 0.000000,
          "stddev" : 0.000000,
          "N" : 0
        },
        "lat_ns" : {
          "min" : 0,
          "max" : 0,
          "mean" : 0.000000,
          "stddev" : 0.000000,
          "N" : 0
        },
        "bw_min" : 0,
        "bw_max" : 0,
        "bw_agg" : 0.000000,
        "bw_mean" : 0.000000,
        "bw_dev" : 0.000000,
        "bw_samples" : 0,
        "iops_min" : 0,
        "iops_max" : 0,
        "iops_mean" : 0.000000,
        "iops_stddev" : 0.000000,
        "iops_samples" : 0
      },
      "write" : {
        "io_bytes" : 5281153024,
        "io_kbytes" : 5157376,
        "bw_bytes" : 263477999,
        "bw" : 257302,
        "iops" : 1005.088805,
        "runtime" : 20044,
        "total_ios" : 20146,
        "short_ios" : 0,
        "drop_ios" : 0,
        "slat_ns" : {
          "min" : 30523,
          "max" : 150074325,
          "mean" : 69667.663556,
          "stddev" : 1130474.582045,
          "N" : 20146
        },
        "clat_ns" : {
          "min" : 761897,
          "max" : 471333535,
          "mean" : 15840617.459248,
          "stddev" : 21512489.783542,
          "N" : 20146,
          "percentile" : {
            "1.000000" : 2113536,
            "5.000000" : 2211840,
            "10.000000" : 2211840,
            "20.000000" : 2244608,
            "30.000000" : 2277376,
            "40.000000" : 2342912,
            "50.000000" : 2342912,
            "60.000000" : 2637824,
            "70.000000" : 32374784,
            "80.000000" : 33816576,
            "90.000000" : 34865152,
            "95.000000" : 41680896,
            "99.000000" : 70778880,
            "99.500000" : 87556096,
            "99.900000" : 252706816,
            "99.950000" : 325058560,
            "99.990000" : 438304768
          }
        },
        "lat_ns" : {
          "min" : 891953,
          "max" : 471413021,
          "mean" : 15910285.122804,
          "stddev" : 21553051.024485,
          "N" : 20146
        },
        "bw_min" : 17408,
        "bw_max" : 1591808,
        "bw_agg" : 100.000000,
        "bw_mean" : 257676.800000,
        "bw_dev" : 411599.647932,
        "bw_samples" : 40,
        "iops_min" : 68,
        "iops_max" : 6218,
        "iops_mean" : 1006.550000,
        "iops_stddev" : 1607.811125,
        "iops_samples" : 40
      },
      "trim" : {
        "io_bytes" : 0,
        "io_kbytes" : 0,
        "bw_bytes" : 0,
        "bw" : 0,
        "iops" : 0.000000,
        "runtime" : 0,
        "total_ios" : 0,
        "short_ios" : 0,
        "drop_ios" : 0,
        "slat_ns" : {
          "min" : 0,
          "max" : 0,
          "mean" : 0.000000,
          "stddev" : 0.000000,
          "N" : 0
        },
        "clat_ns" : {
          "min" : 0,
          "max" : 0,
          "mean" : 0.000000,
          "stddev" : 0.000000,
          "N" : 0
        },
        "lat_ns" : {
          "min" : 0,
          "max" : 0,
          "mean" : 0.000000,
          "stddev" : 0.000000,
          "N" : 0
        },
        "bw_min" : 0,
        "bw_max" : 0,
        "bw_agg" : 0.000000,
        "bw_mean" : 0.000000,
        "bw_dev" : 0.000000,
        "bw_samples" : 0,
        "iops_min" : 0,
        "iops_max" : 0,
        "iops_mean" : 0.000000,
        "iops_stddev" : 0.000000,
        "iops_samples" : 0
      },
      "sync" : {
        "total_ios" : 0,
        "lat_ns" : {
          "min" : 0,
          "max" : 0,
          "mean" : 0.000000,
          "stddev" : 0.000000,
          "N" : 0
        }
      },
      "job_runtime" : 20043,
      "usr_cpu" : 1.087662,
      "sys_cpu" : 6.186699,
      "ctx" : 16391,
      "majf" : 0,
      "minf" : 12,
      "iodepth_level" : {
        "1" : 0.100000,
        "2" : 0.100000,
        "4" : 0.100000,
        "8" : 0.100000,
        "16" : 99.925544,
        "32" : 0.000000,
        ">=64" : 0.000000
      },
      "iodepth_submit" : {
        "0" : 0.000000,
        "4" : 100.000000,
        "8" : 0.000000,
        "16" : 0.000000,
        "32" : 0.000000,
        "64" : 0.000000,
        ">=64" : 0.000000
      },
      "iodepth_complete" : {
        "0" : 0.000000,
        "4" : 99.995033,
        "8" : 0.000000,
        "16" : 0.100000,
        "32" : 0.000000,
        "64" : 0.000000,
        ">=64" : 0.000000
      },
      "latency_ns" : {
        "2" : 0.000000,
        "4" : 0.000000,
        "10" : 0.000000,
        "20" : 0.000000,
        "50" : 0.000000,
        "100" : 0.000000,
        "250" : 0.000000,
        "500" : 0.000000,
        "750" : 0.000000,
        "1000" : 0.000000
      },
      "latency_us" : {
        "2" : 0.000000,
        "4" : 0.000000,
        "10" : 0.000000,
        "20" : 0.000000,
        "50" : 0.000000,
        "100" : 0.000000,
        "250" : 0.000000,
        "500" : 0.000000,
        "750" : 0.000000,
        "1000" : 0.024819
      },
      "latency_ms" : {
        "2" : 0.317681,
        "4" : 60.686985,
        "10" : 0.143949,
        "20" : 0.685000,
        "50" : 35.292366,
        "100" : 2.561302,
        "250" : 0.183659,
        "500" : 0.104239,
        "750" : 0.000000,
        "1000" : 0.000000,
        "2000" : 0.000000,
        ">=2000" : 0.000000
      },
      "latency_depth" : 16,
      "latency_target" : 0,
      "latency_percentile" : 100.000000,
      "latency_window" : 0
    }
  ],
  "disk_util" : [
    {
      "name" : "nvme0n1",
      "read_ios" : 1,
      "write_ios" : 40914,
      "read_merges" : 0,
      "write_merges" : 52,
      "read_ticks" : 277,
      "write_ticks" : 630917,
      "in_queue" : 631226,
      "util" : 94.833283
    }
  ]
}
