{
  "fio version" : "fio-3.33",
  "timestamp" : 1778438838,
  "timestamp_ms" : 1778438838217,
  "time" : "Sun May 10 18:47:18 2026",
  "jobs" : [
    {
      "jobname" : "diskio",
      "groupid" : 0,
      "error" : 0,
      "eta" : 0,
      "elapsed" : 21,
      "job options" : {
        "name" : "diskio",
        "filename" : "/data/fio-testfile",
        "size" : "2G",
        "rw" : "read",
        "bs" : "256k",
        "direct" : "1",
        "ioengine" : "libaio",
        "iodepth" : "16",
        "numjobs" : "1",
        "runtime" : "20"
      },
      "read" : {
        "io_bytes" : 45038960640,
        "io_kbytes" : 43983360,
        "bw_bytes" : 2251722859,
        "bw" : 2198948,
        "iops" : 8589.641036,
        "runtime" : 20002,
        "total_ios" : 171810,
        "short_ios" : 0,
        "drop_ios" : 0,
        "slat_ns" : {
          "min" : 34486,
          "max" : 430441,
          "mean" : 41290.314138,
          "stddev" : 12212.033657,
          "N" : 171810
        },
        "clat_ns" : {
          "min" : 661558,
          "max" : 7133510,
          "mean" : 1820671.519440,
          "stddev" : 485418.234765,
          "N" : 171810,
          "percentile" : {
            "1.000000" : 1286144,
            "5.000000" : 1335296,
            "10.000000" : 1368064,
            "20.000000" : 1400832,
            "30.000000" : 1417216,
            "40.000000" : 1499136,
            "50.000000" : 1744896,
            "60.000000" : 1957888,
            "70.000000" : 2072576,
            "80.000000" : 2211840,
            "90.000000" : 2375680,
            "95.000000" : 2539520,
            "99.000000" : 3162112,
            "99.500000" : 3522560,
            "99.900000" : 6520832,
            "99.950000" : 6651904,
            "99.990000" : 6848512
          }
        },
        "lat_ns" : {
          "min" : 722575,
          "max" : 7169449,
          "mean" : 1861961.833578,
          "stddev" : 485316.262415,
          "N" : 171810
        },
        "bw_min" : 1866240,
        "bw_max" : 2314240,
        "bw_agg" : 100.000000,
        "bw_mean" : 2199079.384615,
        "bw_dev" : 106100.797697,
        "bw_samples" : 39,
        "iops_min" : 7290,
        "iops_max" : 9040,
        "iops_mean" : 8590.153846,
        "iops_stddev" : 414.456241,
        "iops_samples" : 39
      },
      "write" : {
        "io_bytes" : 0,
        "io_kbytes" : 0,
        "bw_bytes" : 0,
        "bw" : 0,
        "iops" : 0.000000,
        "runtime" : 0,
        "total_ios" : 0,
        "short_ios" : 0,
        "drop_ios" : 0,
        "slat_ns" : {
          "min" : 0,
          "max" : 0,
          "mean" : 0.000000,
          "stddev" : 0.000000,
          "N" : 0
        },
        "clat_ns" : {
          "min" : 0,
          "max" : 0,
          "mean" : 0.000000,
          "stddev" : 0.000000,
          "N" : 0
        },
        "lat_ns" : {
          "min" : 0,
          "max" : 0,
          "mean" : 0.000000,
          "stddev" : 0.000000,
          "N" : 0
        },
        "bw_min" : 0,
        "bw_max" : 0,
        "bw_agg" : 0.000000,
        "bw_mean" : 0.000000,
        "bw_dev" : 0.000000,
        "bw_samples" : 0,
        "iops_min" : 0,
        "iops_max" : 0,
        "iops_mean" : 0.000000,
        "iops_stddev" : 0.000000,
        "iops_samples" : 0
      },
      "trim" : {
        "io_bytes" : 0,
        "io_kbytes" : 0,
        "bw_bytes" : 0,
        "bw" : 0,
        "iops" : 0.000000,
        "runtime" : 0,
        "total_ios" : 0,
        "short_ios" : 0,
        "drop_ios" : 0,
        "slat_ns" : {
          "min" : 0,
          "max" : 0,
          "mean" : 0.000000,
          "stddev" : 0.000000,
          "N" : 0
        },
        "clat_ns" : {
          "min" : 0,
          "max" : 0,
          "mean" : 0.000000,
          "stddev" : 0.000000,
          "N" : 0
        },
        "lat_ns" : {
          "min" : 0,
          "max" : 0,
          "mean" : 0.000000,
          "stddev" : 0.000000,
          "N" : 0
        },
        "bw_min" : 0,
        "bw_max" : 0,
        "bw_agg" : 0.000000,
        "bw_mean" : 0.000000,
        "bw_dev" : 0.000000,
        "bw_samples" : 0,
        "iops_min" : 0,
        "iops_max" : 0,
        "iops_mean" : 0.000000,
        "iops_stddev" : 0.000000,
        "iops_samples" : 0
      },
      "sync" : {
        "total_ios" : 0,
        "lat_ns" : {
          "min" : 0,
          "max" : 0,
          "mean" : 0.000000,
          "stddev" : 0.000000,
          "N" : 0
        }
      },
      "job_runtime" : 20001,
      "usr_cpu" : 1.269937,
      "sys_cpu" : 42.257887,
      "ctx" : 157405,
      "majf" : 0,
      "minf" : 1035,
      "iodepth_level" : {
        "1" : 0.100000,
        "2" : 0.100000,
        "4" : 0.100000,
        "8" : 0.100000,
        "16" : 99.991269,
        "32" : 0.000000,
        ">=64" : 0.000000
      },
      "iodepth_submit" : {
        "0" : 0.000000,
        "4" : 100.000000,
        "8" : 0.000000,
        "16" : 0.000000,
        "32" : 0.000000,
        "64" : 0.000000,
        ">=64" : 0.000000
      },
      "iodepth_complete" : {
        "0" : 0.000000,
        "4" : 99.999418,
        "8" : 0.000000,
        "16" : 0.100000,
        "32" : 0.000000,
        "64" : 0.000000,
        ">=64" : 0.000000
      },
      "latency_ns" : {
        "2" : 0.000000,
        "4" : 0.000000,
        "10" : 0.000000,
        "20" : 0.000000,
        "50" : 0.000000,
        "100" : 0.000000,
        "250" : 0.000000,
        "500" : 0.000000,
        "750" : 0.000000,
        "1000" : 0.000000
      },
      "latency_us" : {
        "2" : 0.000000,
        "4" : 0.000000,
        "10" : 0.000000,
        "20" : 0.000000,
        "50" : 0.000000,
        "100" : 0.000000,
        "250" : 0.000000,
        "500" : 0.000000,
        "750" : 0.010000,
        "1000" : 0.031430
      },
      "latency_ms" : {
        "2" : 63.109831,
        "4" : 36.624760,
        "10" : 0.228159,
        "20" : 0.000000,
        "50" : 0.000000,
        "100" : 0.000000,
        "250" : 0.000000,
        "500" : 0.000000,
        "750" : 0.000000,
        "1000" : 0.000000,
        "2000" : 0.000000,
        ">=2000" : 0.000000
      },
      "latency_depth" : 16,
      "latency_target" : 0,
      "latency_percentile" : 100.000000,
      "latency_window" : 0
    }
  ],
  "disk_util" : [
    {
      "name" : "nvme0n1",
      "read_ios" : 347668,
      "write_ios" : 53,
      "read_merges" : 0,
      "write_merges" : 39,
      "read_ticks" : 624623,
      "write_ticks" : 51,
      "in_queue" : 624680,
      "util" : 81.835928
    }
  ]
}
