{
  "fio version" : "fio-3.33",
  "timestamp" : 1778438496,
  "timestamp_ms" : 1778438496559,
  "time" : "Sun May 10 18:41:36 2026",
  "jobs" : [
    {
      "jobname" : "diskio",
      "groupid" : 0,
      "error" : 0,
      "eta" : 0,
      "elapsed" : 21,
      "job options" : {
        "name" : "diskio",
        "filename" : "/data/fio-testfile",
        "size" : "2G",
        "rw" : "randwrite",
        "bs" : "16k",
        "direct" : "1",
        "ioengine" : "libaio",
        "iodepth" : "16",
        "numjobs" : "1",
        "runtime" : "20"
      },
      "read" : {
        "io_bytes" : 0,
        "io_kbytes" : 0,
        "bw_bytes" : 0,
        "bw" : 0,
        "iops" : 0.000000,
        "runtime" : 0,
        "total_ios" : 0,
        "short_ios" : 0,
        "drop_ios" : 0,
        "slat_ns" : {
          "min" : 0,
          "max" : 0,
          "mean" : 0.000000,
          "stddev" : 0.000000,
          "N" : 0
        },
        "clat_ns" : {
          "min" : 0,
          "max" : 0,
          "mean" : 0.000000,
          "stddev" : 0.000000,
          "N" : 0
        },
        "lat_ns" : {
          "min" : 0,
          "max" : 0,
          "mean" : 0.000000,
          "stddev" : 0.000000,
          "N" : 0
        },
        "bw_min" : 0,
        "bw_max" : 0,
        "bw_agg" : 0.000000,
        "bw_mean" : 0.000000,
        "bw_dev" : 0.000000,
        "bw_samples" : 0,
        "iops_min" : 0,
        "iops_max" : 0,
        "iops_mean" : 0.000000,
        "iops_stddev" : 0.000000,
        "iops_samples" : 0
      },
      "write" : {
        "io_bytes" : 4223827968,
        "io_kbytes" : 4124832,
        "bw_bytes" : 211170281,
        "bw" : 206220,
        "iops" : 12888.811119,
        "runtime" : 20002,
        "total_ios" : 257802,
        "short_ios" : 0,
        "drop_ios" : 0,
        "slat_ns" : {
          "min" : 7195,
          "max" : 236271,
          "mean" : 13232.851273,
          "stddev" : 6408.280597,
          "N" : 257802
        },
        "clat_ns" : {
          "min" : 229354,
          "max" : 35090679,
          "mean" : 1222400.064794,
          "stddev" : 2442246.404422,
          "N" : 257802,
          "percentile" : {
            "1.000000" : 242688,
            "5.000000" : 246784,
            "10.000000" : 252928,
            "20.000000" : 257024,
            "30.000000" : 259072,
            "40.000000" : 264192,
            "50.000000" : 272384,
            "60.000000" : 325632,
            "70.000000" : 456704,
            "80.000000" : 505856,
            "90.000000" : 6848512,
            "95.000000" : 7307264,
            "99.000000" : 8290304,
            "99.500000" : 10289152,
            "99.900000" : 18219008,
            "99.950000" : 26083328,
            "99.990000" : 33816576
          }
        },
        "lat_ns" : {
          "min" : 238435,
          "max" : 35099272,
          "mean" : 1235632.916067,
          "stddev" : 2442660.680263,
          "N" : 257802
        },
        "bw_min" : 69152,
        "bw_max" : 907872,
        "bw_agg" : 100.000000,
        "bw_mean" : 208616.205128,
        "bw_dev" : 254630.565386,
        "bw_samples" : 39,
        "iops_min" : 4322,
        "iops_max" : 56742,
        "iops_mean" : 13038.512821,
        "iops_stddev" : 15914.410337,
        "iops_samples" : 39
      },
      "trim" : {
        "io_bytes" : 0,
        "io_kbytes" : 0,
        "bw_bytes" : 0,
        "bw" : 0,
        "iops" : 0.000000,
        "runtime" : 0,
        "total_ios" : 0,
        "short_ios" : 0,
        "drop_ios" : 0,
        "slat_ns" : {
          "min" : 0,
          "max" : 0,
          "mean" : 0.000000,
          "stddev" : 0.000000,
          "N" : 0
        },
        "clat_ns" : {
          "min" : 0,
          "max" : 0,
          "mean" : 0.000000,
          "stddev" : 0.000000,
          "N" : 0
        },
        "lat_ns" : {
          "min" : 0,
          "max" : 0,
          "mean" : 0.000000,
          "stddev" : 0.000000,
          "N" : 0
        },
        "bw_min" : 0,
        "bw_max" : 0,
        "bw_agg" : 0.000000,
        "bw_mean" : 0.000000,
        "bw_dev" : 0.000000,
        "bw_samples" : 0,
        "iops_min" : 0,
        "iops_max" : 0,
        "iops_mean" : 0.000000,
        "iops_stddev" : 0.000000,
        "iops_samples" : 0
      },
      "sync" : {
        "total_ios" : 0,
        "lat_ns" : {
          "min" : 0,
          "max" : 0,
          "mean" : 0.000000,
          "stddev" : 0.000000,
          "N" : 0
        }
      },
      "job_runtime" : 20001,
      "usr_cpu" : 3.984801,
      "sys_cpu" : 24.723764,
      "ctx" : 5514,
      "majf" : 0,
      "minf" : 11,
      "iodepth_level" : {
        "1" : 0.100000,
        "2" : 0.100000,
        "4" : 0.100000,
        "8" : 0.100000,
        "16" : 99.994182,
        "32" : 0.000000,
        ">=64" : 0.000000
      },
      "iodepth_submit" : {
        "0" : 0.000000,
        "4" : 100.000000,
        "8" : 0.000000,
        "16" : 0.000000,
        "32" : 0.000000,
        "64" : 0.000000,
        ">=64" : 0.000000
      },
      "iodepth_complete" : {
        "0" : 0.000000,
        "4" : 99.999612,
        "8" : 0.000000,
        "16" : 0.100000,
        "32" : 0.000000,
        "64" : 0.000000,
        ">=64" : 0.000000
      },
      "latency_ns" : {
        "2" : 0.000000,
        "4" : 0.000000,
        "10" : 0.000000,
        "20" : 0.000000,
        "50" : 0.000000,
        "100" : 0.000000,
        "250" : 0.000000,
        "500" : 0.000000,
        "750" : 0.000000,
        "1000" : 0.000000
      },
      "latency_us" : {
        "2" : 0.000000,
        "4" : 0.000000,
        "10" : 0.000000,
        "20" : 0.000000,
        "50" : 0.000000,
        "100" : 0.000000,
        "250" : 7.851374,
        "500" : 71.299680,
        "750" : 5.837038,
        "1000" : 1.285095
      },
      "latency_ms" : {
        "2" : 1.099293,
        "4" : 0.419702,
        "10" : 11.486722,
        "20" : 0.628001,
        "50" : 0.093095,
        "100" : 0.000000,
        "250" : 0.000000,
        "500" : 0.000000,
        "750" : 0.000000,
        "1000" : 0.000000,
        "2000" : 0.000000,
        ">=2000" : 0.000000
      },
      "latency_depth" : 16,
      "latency_target" : 0,
      "latency_percentile" : 100.000000,
      "latency_window" : 0
    }
  ],
  "disk_util" : [
    {
      "name" : "nvme0n1",
      "read_ios" : 1,
      "write_ios" : 257405,
      "read_merges" : 0,
      "write_merges" : 53,
      "read_ticks" : 2,
      "write_ticks" : 241020,
      "in_queue" : 241030,
      "util" : 85.747897
    }
  ]
}
