{
  "fio version" : "fio-3.33",
  "timestamp" : 1778438645,
  "timestamp_ms" : 1778438645664,
  "time" : "Sun May 10 18:44:05 2026",
  "jobs" : [
    {
      "jobname" : "diskio",
      "groupid" : 0,
      "error" : 0,
      "eta" : 0,
      "elapsed" : 21,
      "job options" : {
        "name" : "diskio",
        "filename" : "/data/fio-testfile",
        "size" : "2G",
        "rw" : "write",
        "bs" : "64k",
        "direct" : "1",
        "ioengine" : "libaio",
        "iodepth" : "16",
        "numjobs" : "1",
        "runtime" : "20"
      },
      "read" : {
        "io_bytes" : 0,
        "io_kbytes" : 0,
        "bw_bytes" : 0,
        "bw" : 0,
        "iops" : 0.000000,
        "runtime" : 0,
        "total_ios" : 0,
        "short_ios" : 0,
        "drop_ios" : 0,
        "slat_ns" : {
          "min" : 0,
          "max" : 0,
          "mean" : 0.000000,
          "stddev" : 0.000000,
          "N" : 0
        },
        "clat_ns" : {
          "min" : 0,
          "max" : 0,
          "mean" : 0.000000,
          "stddev" : 0.000000,
          "N" : 0
        },
        "lat_ns" : {
          "min" : 0,
          "max" : 0,
          "mean" : 0.000000,
          "stddev" : 0.000000,
          "N" : 0
        },
        "bw_min" : 0,
        "bw_max" : 0,
        "bw_agg" : 0.000000,
        "bw_mean" : 0.000000,
        "bw_dev" : 0.000000,
        "bw_samples" : 0,
        "iops_min" : 0,
        "iops_max" : 0,
        "iops_mean" : 0.000000,
        "iops_stddev" : 0.000000,
        "iops_samples" : 0
      },
      "write" : {
        "io_bytes" : 8711110656,
        "io_kbytes" : 8506944,
        "bw_bytes" : 435533756,
        "bw" : 425325,
        "iops" : 6645.717714,
        "runtime" : 20001,
        "total_ios" : 132921,
        "short_ios" : 0,
        "drop_ios" : 0,
        "slat_ns" : {
          "min" : 11941,
          "max" : 14290269,
          "mean" : 19399.044026,
          "stddev" : 51433.132089,
          "N" : 132921
        },
        "clat_ns" : {
          "min" : 309669,
          "max" : 78371776,
          "mean" : 2382896.708255,
          "stddev" : 3979995.409455,
          "N" : 132921,
          "percentile" : {
            "1.000000" : 411648,
            "5.000000" : 456704,
            "10.000000" : 464896,
            "20.000000" : 477184,
            "30.000000" : 481280,
            "40.000000" : 489472,
            "50.000000" : 505856,
            "60.000000" : 716800,
            "70.000000" : 806912,
            "80.000000" : 6193152,
            "90.000000" : 8355840,
            "95.000000" : 8847360,
            "99.000000" : 15925248,
            "99.500000" : 18743296,
            "99.900000" : 31064064,
            "99.950000" : 37486592,
            "99.990000" : 66322432
          }
        },
        "lat_ns" : {
          "min" : 324056,
          "max" : 78386722,
          "mean" : 2402295.752281,
          "stddev" : 3985375.920129,
          "N" : 132921
        },
        "bw_min" : 71296,
        "bw_max" : 1617920,
        "bw_agg" : 93.118940,
        "bw_mean" : 396059.025641,
        "bw_dev" : 541932.000316,
        "bw_samples" : 39,
        "iops_min" : 1114,
        "iops_max" : 25280,
        "iops_mean" : 6188.410256,
        "iops_stddev" : 8467.693953,
        "iops_samples" : 39
      },
      "trim" : {
        "io_bytes" : 0,
        "io_kbytes" : 0,
        "bw_bytes" : 0,
        "bw" : 0,
        "iops" : 0.000000,
        "runtime" : 0,
        "total_ios" : 0,
        "short_ios" : 0,
        "drop_ios" : 0,
        "slat_ns" : {
          "min" : 0,
          "max" : 0,
          "mean" : 0.000000,
          "stddev" : 0.000000,
          "N" : 0
        },
        "clat_ns" : {
          "min" : 0,
          "max" : 0,
          "mean" : 0.000000,
          "stddev" : 0.000000,
          "N" : 0
        },
        "lat_ns" : {
          "min" : 0,
          "max" : 0,
          "mean" : 0.000000,
          "stddev" : 0.000000,
          "N" : 0
        },
        "bw_min" : 0,
        "bw_max" : 0,
        "bw_agg" : 0.000000,
        "bw_mean" : 0.000000,
        "bw_dev" : 0.000000,
        "bw_samples" : 0,
        "iops_min" : 0,
        "iops_max" : 0,
        "iops_mean" : 0.000000,
        "iops_stddev" : 0.000000,
        "iops_samples" : 0
      },
      "sync" : {
        "total_ios" : 0,
        "lat_ns" : {
          "min" : 0,
          "max" : 0,
          "mean" : 0.000000,
          "stddev" : 0.000000,
          "N" : 0
        }
      },
      "job_runtime" : 20000,
      "usr_cpu" : 2.120000,
      "sys_cpu" : 16.920000,
      "ctx" : 46891,
      "majf" : 0,
      "minf" : 11,
      "iodepth_level" : {
        "1" : 0.100000,
        "2" : 0.100000,
        "4" : 0.100000,
        "8" : 0.100000,
        "16" : 99.988715,
        "32" : 0.000000,
        ">=64" : 0.000000
      },
      "iodepth_submit" : {
        "0" : 0.000000,
        "4" : 100.000000,
        "8" : 0.000000,
        "16" : 0.000000,
        "32" : 0.000000,
        "64" : 0.000000,
        ">=64" : 0.000000
      },
      "iodepth_complete" : {
        "0" : 0.000000,
        "4" : 99.999248,
        "8" : 0.000000,
        "16" : 0.100000,
        "32" : 0.000000,
        "64" : 0.000000,
        ">=64" : 0.000000
      },
      "latency_ns" : {
        "2" : 0.000000,
        "4" : 0.000000,
        "10" : 0.000000,
        "20" : 0.000000,
        "50" : 0.000000,
        "100" : 0.000000,
        "250" : 0.000000,
        "500" : 0.000000,
        "750" : 0.000000,
        "1000" : 0.000000
      },
      "latency_us" : {
        "2" : 0.000000,
        "4" : 0.000000,
        "10" : 0.000000,
        "20" : 0.000000,
        "50" : 0.000000,
        "100" : 0.000000,
        "250" : 0.000000,
        "500" : 47.607225,
        "750" : 14.297214,
        "1000" : 16.792681
      },
      "latency_ms" : {
        "2" : 0.346070,
        "4" : 0.164007,
        "10" : 18.261223,
        "20" : 2.124570,
        "50" : 0.376163,
        "100" : 0.030845,
        "250" : 0.000000,
        "500" : 0.000000,
        "750" : 0.000000,
        "1000" : 0.000000,
        "2000" : 0.000000,
        ">=2000" : 0.000000
      },
      "latency_depth" : 16,
      "latency_target" : 0,
      "latency_percentile" : 100.000000,
      "latency_window" : 0
    }
  ],
  "disk_util" : [
    {
      "name" : "nvme0n1",
      "read_ios" : 0,
      "write_ios" : 131232,
      "read_merges" : 0,
      "write_merges" : 24,
      "read_ticks" : 0,
      "write_ticks" : 309475,
      "in_queue" : 309478,
      "util" : 88.098338
    }
  ]
}
