{
  "fio version" : "fio-3.33",
  "timestamp" : 1778438402,
  "timestamp_ms" : 1778438402864,
  "time" : "Sun May 10 18:40:02 2026",
  "jobs" : [
    {
      "jobname" : "diskio",
      "groupid" : 0,
      "error" : 0,
      "eta" : 0,
      "elapsed" : 21,
      "job options" : {
        "name" : "diskio",
        "filename" : "/data/fio-testfile",
        "size" : "2G",
        "rw" : "randread",
        "bs" : "16k",
        "direct" : "1",
        "ioengine" : "libaio",
        "iodepth" : "16",
        "numjobs" : "1",
        "runtime" : "20"
      },
      "read" : {
        "io_bytes" : 16351248384,
        "io_kbytes" : 15968016,
        "bw_bytes" : 817521543,
        "bw" : 798360,
        "iops" : 49897.555122,
        "runtime" : 20001,
        "total_ios" : 998001,
        "short_ios" : 0,
        "drop_ios" : 0,
        "slat_ns" : {
          "min" : 6146,
          "max" : 187016,
          "mean" : 10872.037693,
          "stddev" : 3811.081058,
          "N" : 998001
        },
        "clat_ns" : {
          "min" : 46233,
          "max" : 2768749,
          "mean" : 304172.871409,
          "stddev" : 114689.215286,
          "N" : 998001,
          "percentile" : {
            "1.000000" : 100864,
            "5.000000" : 148480,
            "10.000000" : 181248,
            "20.000000" : 218112,
            "30.000000" : 242688,
            "40.000000" : 264192,
            "50.000000" : 284672,
            "60.000000" : 309248,
            "70.000000" : 337920,
            "80.000000" : 378880,
            "90.000000" : 448512,
            "95.000000" : 518144,
            "99.000000" : 667648,
            "99.500000" : 733184,
            "99.900000" : 913408,
            "99.950000" : 1019904,
            "99.990000" : 1417216
          }
        },
        "lat_ns" : {
          "min" : 55382,
          "max" : 2857926,
          "mean" : 315044.909102,
          "stddev" : 114738.972861,
          "N" : 998001
        },
        "bw_min" : 782496,
        "bw_max" : 871776,
        "bw_agg" : 100.000000,
        "bw_mean" : 799350.153846,
        "bw_dev" : 20164.867788,
        "bw_samples" : 39,
        "iops_min" : 48906,
        "iops_max" : 54486,
        "iops_mean" : 49959.384615,
        "iops_stddev" : 1260.304237,
        "iops_samples" : 39
      },
      "write" : {
        "io_bytes" : 0,
        "io_kbytes" : 0,
        "bw_bytes" : 0,
        "bw" : 0,
        "iops" : 0.000000,
        "runtime" : 0,
        "total_ios" : 0,
        "short_ios" : 0,
        "drop_ios" : 0,
        "slat_ns" : {
          "min" : 0,
          "max" : 0,
          "mean" : 0.000000,
          "stddev" : 0.000000,
          "N" : 0
        },
        "clat_ns" : {
          "min" : 0,
          "max" : 0,
          "mean" : 0.000000,
          "stddev" : 0.000000,
          "N" : 0
        },
        "lat_ns" : {
          "min" : 0,
          "max" : 0,
          "mean" : 0.000000,
          "stddev" : 0.000000,
          "N" : 0
        },
        "bw_min" : 0,
        "bw_max" : 0,
        "bw_agg" : 0.000000,
        "bw_mean" : 0.000000,
        "bw_dev" : 0.000000,
        "bw_samples" : 0,
        "iops_min" : 0,
        "iops_max" : 0,
        "iops_mean" : 0.000000,
        "iops_stddev" : 0.000000,
        "iops_samples" : 0
      },
      "trim" : {
        "io_bytes" : 0,
        "io_kbytes" : 0,
        "bw_bytes" : 0,
        "bw" : 0,
        "iops" : 0.000000,
        "runtime" : 0,
        "total_ios" : 0,
        "short_ios" : 0,
        "drop_ios" : 0,
        "slat_ns" : {
          "min" : 0,
          "max" : 0,
          "mean" : 0.000000,
          "stddev" : 0.000000,
          "N" : 0
        },
        "clat_ns" : {
          "min" : 0,
          "max" : 0,
          "mean" : 0.000000,
          "stddev" : 0.000000,
          "N" : 0
        },
        "lat_ns" : {
          "min" : 0,
          "max" : 0,
          "mean" : 0.000000,
          "stddev" : 0.000000,
          "N" : 0
        },
        "bw_min" : 0,
        "bw_max" : 0,
        "bw_agg" : 0.000000,
        "bw_mean" : 0.000000,
        "bw_dev" : 0.000000,
        "bw_samples" : 0,
        "iops_min" : 0,
        "iops_max" : 0,
        "iops_mean" : 0.000000,
        "iops_stddev" : 0.000000,
        "iops_samples" : 0
      },
      "sync" : {
        "total_ios" : 0,
        "lat_ns" : {
          "min" : 0,
          "max" : 0,
          "mean" : 0.000000,
          "stddev" : 0.000000,
          "N" : 0
        }
      },
      "job_runtime" : 20000,
      "usr_cpu" : 9.150000,
      "sys_cpu" : 87.910000,
      "ctx" : 17211,
      "majf" : 0,
      "minf" : 74,
      "iodepth_level" : {
        "1" : 0.100000,
        "2" : 0.100000,
        "4" : 0.100000,
        "8" : 0.100000,
        "16" : 99.998497,
        "32" : 0.000000,
        ">=64" : 0.000000
      },
      "iodepth_submit" : {
        "0" : 0.000000,
        "4" : 100.000000,
        "8" : 0.000000,
        "16" : 0.000000,
        "32" : 0.000000,
        "64" : 0.000000,
        ">=64" : 0.000000
      },
      "iodepth_complete" : {
        "0" : 0.000000,
        "4" : 99.999900,
        "8" : 0.000000,
        "16" : 0.100000,
        "32" : 0.000000,
        "64" : 0.000000,
        ">=64" : 0.000000
      },
      "latency_ns" : {
        "2" : 0.000000,
        "4" : 0.000000,
        "10" : 0.000000,
        "20" : 0.000000,
        "50" : 0.000000,
        "100" : 0.000000,
        "250" : 0.000000,
        "500" : 0.000000,
        "750" : 0.000000,
        "1000" : 0.000000
      },
      "latency_us" : {
        "2" : 0.000000,
        "4" : 0.000000,
        "10" : 0.000000,
        "20" : 0.000000,
        "50" : 0.010000,
        "100" : 0.925751,
        "250" : 31.989948,
        "500" : 61.166071,
        "750" : 5.507409,
        "1000" : 0.353206
      },
      "latency_ms" : {
        "2" : 0.054409,
        "4" : 0.010000,
        "10" : 0.000000,
        "20" : 0.000000,
        "50" : 0.000000,
        "100" : 0.000000,
        "250" : 0.000000,
        "500" : 0.000000,
        "750" : 0.000000,
        "1000" : 0.000000,
        "2000" : 0.000000,
        ">=2000" : 0.000000
      },
      "latency_depth" : 16,
      "latency_target" : 0,
      "latency_percentile" : 100.000000,
      "latency_window" : 0
    }
  ],
  "disk_util" : [
    {
      "name" : "nvme0n1",
      "read_ios" : 993981,
      "write_ios" : 31,
      "read_merges" : 0,
      "write_merges" : 23,
      "read_ticks" : 180483,
      "write_ticks" : 5,
      "in_queue" : 180488,
      "util" : 65.009761
    }
  ]
}
