{
  "fio version" : "fio-3.33",
  "timestamp" : 1778439072,
  "timestamp_ms" : 1778439072868,
  "time" : "Sun May 10 18:51:12 2026",
  "jobs" : [
    {
      "jobname" : "diskio",
      "groupid" : 0,
      "error" : 0,
      "eta" : 0,
      "elapsed" : 21,
      "job options" : {
        "name" : "diskio",
        "filename" : "/data/fio-testfile",
        "size" : "2G",
        "rw" : "randwrite",
        "bs" : "256k",
        "direct" : "1",
        "ioengine" : "libaio",
        "iodepth" : "16",
        "numjobs" : "1",
        "runtime" : "20"
      },
      "read" : {
        "io_bytes" : 0,
        "io_kbytes" : 0,
        "bw_bytes" : 0,
        "bw" : 0,
        "iops" : 0.000000,
        "runtime" : 0,
        "total_ios" : 0,
        "short_ios" : 0,
        "drop_ios" : 0,
        "slat_ns" : {
          "min" : 0,
          "max" : 0,
          "mean" : 0.000000,
          "stddev" : 0.000000,
          "N" : 0
        },
        "clat_ns" : {
          "min" : 0,
          "max" : 0,
          "mean" : 0.000000,
          "stddev" : 0.000000,
          "N" : 0
        },
        "lat_ns" : {
          "min" : 0,
          "max" : 0,
          "mean" : 0.000000,
          "stddev" : 0.000000,
          "N" : 0
        },
        "bw_min" : 0,
        "bw_max" : 0,
        "bw_agg" : 0.000000,
        "bw_mean" : 0.000000,
        "bw_dev" : 0.000000,
        "bw_samples" : 0,
        "iops_min" : 0,
        "iops_max" : 0,
        "iops_mean" : 0.000000,
        "iops_stddev" : 0.000000,
        "iops_samples" : 0
      },
      "write" : {
        "io_bytes" : 438566912,
        "io_kbytes" : 428288,
        "bw_bytes" : 21706934,
        "bw" : 21198,
        "iops" : 82.805385,
        "runtime" : 20204,
        "total_ios" : 1673,
        "short_ios" : 0,
        "drop_ios" : 0,
        "slat_ns" : {
          "min" : 32619,
          "max" : 208655822,
          "mean" : 558142.257023,
          "stddev" : 9383654.647434,
          "N" : 1673
        },
        "clat_ns" : {
          "min" : 6652771,
          "max" : 464834796,
          "mean" : 192519571.947998,
          "stddev" : 57305966.539237,
          "N" : 1673,
          "percentile" : {
            "1.000000" : 43778048,
            "5.000000" : 127401984,
            "10.000000" : 129499136,
            "20.000000" : 137363456,
            "30.000000" : 152043520,
            "40.000000" : 193986560,
            "50.000000" : 200278016,
            "60.000000" : 204472320,
            "70.000000" : 212860928,
            "80.000000" : 221249536,
            "90.000000" : 233832448,
            "95.000000" : 299892736,
            "99.000000" : 392167424,
            "99.500000" : 421527552,
            "99.900000" : 463470592,
            "99.950000" : 463470592,
            "99.990000" : 463470592
          }
        },
        "lat_ns" : {
          "min" : 6734214,
          "max" : 464947810,
          "mean" : 193077714.205021,
          "stddev" : 56736935.697972,
          "N" : 1673
        },
        "bw_min" : 9216,
        "bw_max" : 31744,
        "bw_agg" : 100.000000,
        "bw_mean" : 21222.400000,
        "bw_dev" : 4923.166194,
        "bw_samples" : 40,
        "iops_min" : 36,
        "iops_max" : 124,
        "iops_mean" : 82.900000,
        "iops_stddev" : 19.231118,
        "iops_samples" : 40
      },
      "trim" : {
        "io_bytes" : 0,
        "io_kbytes" : 0,
        "bw_bytes" : 0,
        "bw" : 0,
        "iops" : 0.000000,
        "runtime" : 0,
        "total_ios" : 0,
        "short_ios" : 0,
        "drop_ios" : 0,
        "slat_ns" : {
          "min" : 0,
          "max" : 0,
          "mean" : 0.000000,
          "stddev" : 0.000000,
          "N" : 0
        },
        "clat_ns" : {
          "min" : 0,
          "max" : 0,
          "mean" : 0.000000,
          "stddev" : 0.000000,
          "N" : 0
        },
        "lat_ns" : {
          "min" : 0,
          "max" : 0,
          "mean" : 0.000000,
          "stddev" : 0.000000,
          "N" : 0
        },
        "bw_min" : 0,
        "bw_max" : 0,
        "bw_agg" : 0.000000,
        "bw_mean" : 0.000000,
        "bw_dev" : 0.000000,
        "bw_samples" : 0,
        "iops_min" : 0,
        "iops_max" : 0,
        "iops_mean" : 0.000000,
        "iops_stddev" : 0.000000,
        "iops_samples" : 0
      },
      "sync" : {
        "total_ios" : 0,
        "lat_ns" : {
          "min" : 0,
          "max" : 0,
          "mean" : 0.000000,
          "stddev" : 0.000000,
          "N" : 0
        }
      },
      "job_runtime" : 20203,
      "usr_cpu" : 0.202940,
      "sys_cpu" : 0.965203,
      "ctx" : 1609,
      "majf" : 0,
      "minf" : 10,
      "iodepth_level" : {
        "1" : 0.100000,
        "2" : 0.119546,
        "4" : 0.239091,
        "8" : 0.478183,
        "16" : 99.103407,
        "32" : 0.000000,
        ">=64" : 0.000000
      },
      "iodepth_submit" : {
        "0" : 0.000000,
        "4" : 100.000000,
        "8" : 0.000000,
        "16" : 0.000000,
        "32" : 0.000000,
        "64" : 0.000000,
        ">=64" : 0.000000
      },
      "iodepth_complete" : {
        "0" : 0.000000,
        "4" : 99.939723,
        "8" : 0.000000,
        "16" : 0.100000,
        "32" : 0.000000,
        "64" : 0.000000,
        ">=64" : 0.000000
      },
      "latency_ns" : {
        "2" : 0.000000,
        "4" : 0.000000,
        "10" : 0.000000,
        "20" : 0.000000,
        "50" : 0.000000,
        "100" : 0.000000,
        "250" : 0.000000,
        "500" : 0.000000,
        "750" : 0.000000,
        "1000" : 0.000000
      },
      "latency_us" : {
        "2" : 0.000000,
        "4" : 0.000000,
        "10" : 0.000000,
        "20" : 0.000000,
        "50" : 0.000000,
        "100" : 0.000000,
        "250" : 0.000000,
        "500" : 0.000000,
        "750" : 0.000000,
        "1000" : 0.000000
      },
      "latency_ms" : {
        "2" : 0.000000,
        "4" : 0.000000,
        "10" : 0.119546,
        "20" : 0.119546,
        "50" : 1.016139,
        "100" : 1.374776,
        "250" : 90.197250,
        "500" : 7.172744,
        "750" : 0.000000,
        "1000" : 0.000000,
        "2000" : 0.000000,
        ">=2000" : 0.000000
      },
      "latency_depth" : 16,
      "latency_target" : 0,
      "latency_percentile" : 100.000000,
      "latency_window" : 0
    }
  ],
  "disk_util" : [
    {
      "name" : "nvme0n1",
      "read_ios" : 0,
      "write_ios" : 3422,
      "read_merges" : 0,
      "write_merges" : 31,
      "read_ticks" : 0,
      "write_ticks" : 636405,
      "in_queue" : 636528,
      "util" : 98.076638
    }
  ]
}
