{
  "fio version" : "fio-3.33",
  "timestamp" : 1778438519,
  "timestamp_ms" : 1778438519968,
  "time" : "Sun May 10 18:41:59 2026",
  "jobs" : [
    {
      "jobname" : "diskio",
      "groupid" : 0,
      "error" : 0,
      "eta" : 0,
      "elapsed" : 21,
      "job options" : {
        "name" : "diskio",
        "filename" : "/data/fio-testfile",
        "size" : "2G",
        "rw" : "randwrite",
        "bs" : "16k",
        "direct" : "1",
        "ioengine" : "libaio",
        "iodepth" : "16",
        "numjobs" : "1",
        "runtime" : "20"
      },
      "read" : {
        "io_bytes" : 0,
        "io_kbytes" : 0,
        "bw_bytes" : 0,
        "bw" : 0,
        "iops" : 0.000000,
        "runtime" : 0,
        "total_ios" : 0,
        "short_ios" : 0,
        "drop_ios" : 0,
        "slat_ns" : {
          "min" : 0,
          "max" : 0,
          "mean" : 0.000000,
          "stddev" : 0.000000,
          "N" : 0
        },
        "clat_ns" : {
          "min" : 0,
          "max" : 0,
          "mean" : 0.000000,
          "stddev" : 0.000000,
          "N" : 0
        },
        "lat_ns" : {
          "min" : 0,
          "max" : 0,
          "mean" : 0.000000,
          "stddev" : 0.000000,
          "N" : 0
        },
        "bw_min" : 0,
        "bw_max" : 0,
        "bw_agg" : 0.000000,
        "bw_mean" : 0.000000,
        "bw_dev" : 0.000000,
        "bw_samples" : 0,
        "iops_min" : 0,
        "iops_max" : 0,
        "iops_mean" : 0.000000,
        "iops_stddev" : 0.000000,
        "iops_samples" : 0
      },
      "write" : {
        "io_bytes" : 4183719936,
        "io_kbytes" : 4085664,
        "bw_bytes" : 209165080,
        "bw" : 204262,
        "iops" : 12766.423358,
        "runtime" : 20002,
        "total_ios" : 255354,
        "short_ios" : 0,
        "drop_ios" : 0,
        "slat_ns" : {
          "min" : 7040,
          "max" : 165469,
          "mean" : 13215.578424,
          "stddev" : 6381.794194,
          "N" : 255354
        },
        "clat_ns" : {
          "min" : 227748,
          "max" : 45706096,
          "mean" : 1234371.667654,
          "stddev" : 2473458.949965,
          "N" : 255354,
          "percentile" : {
            "1.000000" : 242688,
            "5.000000" : 246784,
            "10.000000" : 250880,
            "20.000000" : 254976,
            "30.000000" : 257024,
            "40.000000" : 261120,
            "50.000000" : 272384,
            "60.000000" : 337920,
            "70.000000" : 452608,
            "80.000000" : 505856,
            "90.000000" : 6848512,
            "95.000000" : 7307264,
            "99.000000" : 8355840,
            "99.500000" : 10551296,
            "99.900000" : 18219008,
            "99.950000" : 26607616,
            "99.990000" : 34340864
          }
        },
        "lat_ns" : {
          "min" : 237180,
          "max" : 45715597,
          "mean" : 1247587.246078,
          "stddev" : 2473915.833657,
          "N" : 255354
        },
        "bw_min" : 70304,
        "bw_max" : 890112,
        "bw_agg" : 100.000000,
        "bw_mean" : 206525.538462,
        "bw_dev" : 255631.654834,
        "bw_samples" : 39,
        "iops_min" : 4394,
        "iops_max" : 55632,
        "iops_mean" : 12907.846154,
        "iops_stddev" : 15976.978427,
        "iops_samples" : 39
      },
      "trim" : {
        "io_bytes" : 0,
        "io_kbytes" : 0,
        "bw_bytes" : 0,
        "bw" : 0,
        "iops" : 0.000000,
        "runtime" : 0,
        "total_ios" : 0,
        "short_ios" : 0,
        "drop_ios" : 0,
        "slat_ns" : {
          "min" : 0,
          "max" : 0,
          "mean" : 0.000000,
          "stddev" : 0.000000,
          "N" : 0
        },
        "clat_ns" : {
          "min" : 0,
          "max" : 0,
          "mean" : 0.000000,
          "stddev" : 0.000000,
          "N" : 0
        },
        "lat_ns" : {
          "min" : 0,
          "max" : 0,
          "mean" : 0.000000,
          "stddev" : 0.000000,
          "N" : 0
        },
        "bw_min" : 0,
        "bw_max" : 0,
        "bw_agg" : 0.000000,
        "bw_mean" : 0.000000,
        "bw_dev" : 0.000000,
        "bw_samples" : 0,
        "iops_min" : 0,
        "iops_max" : 0,
        "iops_mean" : 0.000000,
        "iops_stddev" : 0.000000,
        "iops_samples" : 0
      },
      "sync" : {
        "total_ios" : 0,
        "lat_ns" : {
          "min" : 0,
          "max" : 0,
          "mean" : 0.000000,
          "stddev" : 0.000000,
          "N" : 0
        }
      },
      "job_runtime" : 20001,
      "usr_cpu" : 3.569822,
      "sys_cpu" : 24.878756,
      "ctx" : 4609,
      "majf" : 0,
      "minf" : 10,
      "iodepth_level" : {
        "1" : 0.100000,
        "2" : 0.100000,
        "4" : 0.100000,
        "8" : 0.100000,
        "16" : 99.994126,
        "32" : 0.000000,
        ">=64" : 0.000000
      },
      "iodepth_submit" : {
        "0" : 0.000000,
        "4" : 100.000000,
        "8" : 0.000000,
        "16" : 0.000000,
        "32" : 0.000000,
        "64" : 0.000000,
        ">=64" : 0.000000
      },
      "iodepth_complete" : {
        "0" : 0.000000,
        "4" : 99.999608,
        "8" : 0.000000,
        "16" : 0.100000,
        "32" : 0.000000,
        "64" : 0.000000,
        ">=64" : 0.000000
      },
      "latency_ns" : {
        "2" : 0.000000,
        "4" : 0.000000,
        "10" : 0.000000,
        "20" : 0.000000,
        "50" : 0.000000,
        "100" : 0.000000,
        "250" : 0.000000,
        "500" : 0.000000,
        "750" : 0.000000,
        "1000" : 0.000000
      },
      "latency_us" : {
        "2" : 0.000000,
        "4" : 0.000000,
        "10" : 0.000000,
        "20" : 0.000000,
        "50" : 0.000000,
        "100" : 0.000000,
        "250" : 8.604525,
        "500" : 70.612561,
        "750" : 5.664685,
        "1000" : 1.217917
      },
      "latency_ms" : {
        "2" : 1.048740,
        "4" : 0.448789,
        "10" : 11.646577,
        "20" : 0.668092,
        "50" : 0.088113,
        "100" : 0.000000,
        "250" : 0.000000,
        "500" : 0.000000,
        "750" : 0.000000,
        "1000" : 0.000000,
        "2000" : 0.000000,
        ">=2000" : 0.000000
      },
      "latency_depth" : 16,
      "latency_target" : 0,
      "latency_percentile" : 100.000000,
      "latency_window" : 0
    }
  ],
  "disk_util" : [
    {
      "name" : "nvme0n1",
      "read_ios" : 0,
      "write_ios" : 254991,
      "read_merges" : 0,
      "write_merges" : 21,
      "read_ticks" : 0,
      "write_ticks" : 242204,
      "in_queue" : 242207,
      "util" : 87.267812
    }
  ]
}
