{
  "fio version" : "fio-3.33",
  "timestamp" : 1778438575,
  "timestamp_ms" : 1778438575385,
  "time" : "Sun May 10 18:42:55 2026",
  "jobs" : [
    {
      "jobname" : "diskio",
      "groupid" : 0,
      "error" : 0,
      "eta" : 0,
      "elapsed" : 21,
      "job options" : {
        "name" : "diskio",
        "filename" : "/data/fio-testfile",
        "size" : "2G",
        "rw" : "read",
        "bs" : "64k",
        "direct" : "1",
        "ioengine" : "libaio",
        "iodepth" : "16",
        "numjobs" : "1",
        "runtime" : "20"
      },
      "read" : {
        "io_bytes" : 42075226112,
        "io_kbytes" : 41089088,
        "bw_bytes" : 2103656122,
        "bw" : 2054351,
        "iops" : 32099.245038,
        "runtime" : 20001,
        "total_ios" : 642017,
        "short_ios" : 0,
        "drop_ios" : 0,
        "slat_ns" : {
          "min" : 11730,
          "max" : 380512,
          "mean" : 15954.327216,
          "stddev" : 3773.916582,
          "N" : 642017
        },
        "clat_ns" : {
          "min" : 50204,
          "max" : 3064473,
          "mean" : 477853.836317,
          "stddev" : 261618.319185,
          "N" : 642017,
          "percentile" : {
            "1.000000" : 309248,
            "5.000000" : 317440,
            "10.000000" : 321536,
            "20.000000" : 329728,
            "30.000000" : 337920,
            "40.000000" : 354304,
            "50.000000" : 378880,
            "60.000000" : 399360,
            "70.000000" : 423936,
            "80.000000" : 561152,
            "90.000000" : 856064,
            "95.000000" : 978944,
            "99.000000" : 1564672,
            "99.500000" : 1859584,
            "99.900000" : 2408448,
            "99.950000" : 2572288,
            "99.990000" : 2768896
          }
        },
        "lat_ns" : {
          "min" : 64937,
          "max" : 3078996,
          "mean" : 493808.163533,
          "stddev" : 261597.760842,
          "N" : 642017
        },
        "bw_min" : 1876864,
        "bw_max" : 2144896,
        "bw_agg" : 100.000000,
        "bw_mean" : 2054649.435897,
        "bw_dev" : 63736.687460,
        "bw_samples" : 39,
        "iops_min" : 29326,
        "iops_max" : 33514,
        "iops_mean" : 32103.897436,
        "iops_stddev" : 995.917133,
        "iops_samples" : 39
      },
      "write" : {
        "io_bytes" : 0,
        "io_kbytes" : 0,
        "bw_bytes" : 0,
        "bw" : 0,
        "iops" : 0.000000,
        "runtime" : 0,
        "total_ios" : 0,
        "short_ios" : 0,
        "drop_ios" : 0,
        "slat_ns" : {
          "min" : 0,
          "max" : 0,
          "mean" : 0.000000,
          "stddev" : 0.000000,
          "N" : 0
        },
        "clat_ns" : {
          "min" : 0,
          "max" : 0,
          "mean" : 0.000000,
          "stddev" : 0.000000,
          "N" : 0
        },
        "lat_ns" : {
          "min" : 0,
          "max" : 0,
          "mean" : 0.000000,
          "stddev" : 0.000000,
          "N" : 0
        },
        "bw_min" : 0,
        "bw_max" : 0,
        "bw_agg" : 0.000000,
        "bw_mean" : 0.000000,
        "bw_dev" : 0.000000,
        "bw_samples" : 0,
        "iops_min" : 0,
        "iops_max" : 0,
        "iops_mean" : 0.000000,
        "iops_stddev" : 0.000000,
        "iops_samples" : 0
      },
      "trim" : {
        "io_bytes" : 0,
        "io_kbytes" : 0,
        "bw_bytes" : 0,
        "bw" : 0,
        "iops" : 0.000000,
        "runtime" : 0,
        "total_ios" : 0,
        "short_ios" : 0,
        "drop_ios" : 0,
        "slat_ns" : {
          "min" : 0,
          "max" : 0,
          "mean" : 0.000000,
          "stddev" : 0.000000,
          "N" : 0
        },
        "clat_ns" : {
          "min" : 0,
          "max" : 0,
          "mean" : 0.000000,
          "stddev" : 0.000000,
          "N" : 0
        },
        "lat_ns" : {
          "min" : 0,
          "max" : 0,
          "mean" : 0.000000,
          "stddev" : 0.000000,
          "N" : 0
        },
        "bw_min" : 0,
        "bw_max" : 0,
        "bw_agg" : 0.000000,
        "bw_mean" : 0.000000,
        "bw_dev" : 0.000000,
        "bw_samples" : 0,
        "iops_min" : 0,
        "iops_max" : 0,
        "iops_mean" : 0.000000,
        "iops_stddev" : 0.000000,
        "iops_samples" : 0
      },
      "sync" : {
        "total_ios" : 0,
        "lat_ns" : {
          "min" : 0,
          "max" : 0,
          "mean" : 0.000000,
          "stddev" : 0.000000,
          "N" : 0
        }
      },
      "job_runtime" : 20000,
      "usr_cpu" : 5.605000,
      "sys_cpu" : 69.265000,
      "ctx" : 30462,
      "majf" : 0,
      "minf" : 268,
      "iodepth_level" : {
        "1" : 0.100000,
        "2" : 0.100000,
        "4" : 0.100000,
        "8" : 0.100000,
        "16" : 99.997664,
        "32" : 0.000000,
        ">=64" : 0.000000
      },
      "iodepth_submit" : {
        "0" : 0.000000,
        "4" : 100.000000,
        "8" : 0.000000,
        "16" : 0.000000,
        "32" : 0.000000,
        "64" : 0.000000,
        ">=64" : 0.000000
      },
      "iodepth_complete" : {
        "0" : 0.000000,
        "4" : 99.999844,
        "8" : 0.000000,
        "16" : 0.100000,
        "32" : 0.000000,
        "64" : 0.000000,
        ">=64" : 0.000000
      },
      "latency_ns" : {
        "2" : 0.000000,
        "4" : 0.000000,
        "10" : 0.000000,
        "20" : 0.000000,
        "50" : 0.000000,
        "100" : 0.000000,
        "250" : 0.000000,
        "500" : 0.000000,
        "750" : 0.000000,
        "1000" : 0.000000
      },
      "latency_us" : {
        "2" : 0.000000,
        "4" : 0.000000,
        "10" : 0.000000,
        "20" : 0.000000,
        "50" : 0.000000,
        "100" : 0.010000,
        "250" : 0.010000,
        "500" : 78.110704,
        "750" : 8.079537,
        "1000" : 9.188386
      },
      "latency_ms" : {
        "2" : 4.355959,
        "4" : 0.264323,
        "10" : 0.000000,
        "20" : 0.000000,
        "50" : 0.000000,
        "100" : 0.000000,
        "250" : 0.000000,
        "500" : 0.000000,
        "750" : 0.000000,
        "1000" : 0.000000,
        "2000" : 0.000000,
        ">=2000" : 0.000000
      },
      "latency_depth" : 16,
      "latency_target" : 0,
      "latency_percentile" : 100.000000,
      "latency_window" : 0
    }
  ],
  "disk_util" : [
    {
      "name" : "nvme0n1",
      "read_ios" : 644750,
      "write_ios" : 37,
      "read_merges" : 0,
      "write_merges" : 35,
      "read_ticks" : 262888,
      "write_ticks" : 14,
      "in_queue" : 262904,
      "util" : 62.804084
    }
  ]
}
