{
  "fio version" : "fio-3.33",
  "timestamp" : 1778438716,
  "timestamp_ms" : 1778438716013,
  "time" : "Sun May 10 18:45:16 2026",
  "jobs" : [
    {
      "jobname" : "diskio",
      "groupid" : 0,
      "error" : 0,
      "eta" : 0,
      "elapsed" : 21,
      "job options" : {
        "name" : "diskio",
        "filename" : "/data/fio-testfile",
        "size" : "2G",
        "rw" : "randread",
        "bs" : "64k",
        "direct" : "1",
        "ioengine" : "libaio",
        "iodepth" : "16",
        "numjobs" : "1",
        "runtime" : "20"
      },
      "read" : {
        "io_bytes" : 19209256960,
        "io_kbytes" : 18759040,
        "bw_bytes" : 960414827,
        "bw" : 937905,
        "iops" : 14654.767262,
        "runtime" : 20001,
        "total_ios" : 293110,
        "short_ios" : 0,
        "drop_ios" : 0,
        "slat_ns" : {
          "min" : 11943,
          "max" : 261194,
          "mean" : 16141.627505,
          "stddev" : 4110.246166,
          "N" : 293110
        },
        "clat_ns" : {
          "min" : 311477,
          "max" : 32252872,
          "mean" : 1070441.641421,
          "stddev" : 1000500.985097,
          "N" : 293110,
          "percentile" : {
            "1.000000" : 577536,
            "5.000000" : 684032,
            "10.000000" : 741376,
            "20.000000" : 823296,
            "30.000000" : 888832,
            "40.000000" : 946176,
            "50.000000" : 1003520,
            "60.000000" : 1056768,
            "70.000000" : 1122304,
            "80.000000" : 1220608,
            "90.000000" : 1335296,
            "95.000000" : 1449984,
            "99.000000" : 1695744,
            "99.500000" : 1810432,
            "99.900000" : 19791872,
            "99.950000" : 25296896,
            "99.990000" : 30801920
          }
        },
        "lat_ns" : {
          "min" : 346744,
          "max" : 32268026,
          "mean" : 1086583.268926,
          "stddev" : 1000480.009341,
          "N" : 293110
        },
        "bw_min" : 826624,
        "bw_max" : 987136,
        "bw_agg" : 100.000000,
        "bw_mean" : 938906.256410,
        "bw_dev" : 36990.603413,
        "bw_samples" : 39,
        "iops_min" : 12916,
        "iops_max" : 15424,
        "iops_mean" : 14670.410256,
        "iops_stddev" : 577.978178,
        "iops_samples" : 39
      },
      "write" : {
        "io_bytes" : 0,
        "io_kbytes" : 0,
        "bw_bytes" : 0,
        "bw" : 0,
        "iops" : 0.000000,
        "runtime" : 0,
        "total_ios" : 0,
        "short_ios" : 0,
        "drop_ios" : 0,
        "slat_ns" : {
          "min" : 0,
          "max" : 0,
          "mean" : 0.000000,
          "stddev" : 0.000000,
          "N" : 0
        },
        "clat_ns" : {
          "min" : 0,
          "max" : 0,
          "mean" : 0.000000,
          "stddev" : 0.000000,
          "N" : 0
        },
        "lat_ns" : {
          "min" : 0,
          "max" : 0,
          "mean" : 0.000000,
          "stddev" : 0.000000,
          "N" : 0
        },
        "bw_min" : 0,
        "bw_max" : 0,
        "bw_agg" : 0.000000,
        "bw_mean" : 0.000000,
        "bw_dev" : 0.000000,
        "bw_samples" : 0,
        "iops_min" : 0,
        "iops_max" : 0,
        "iops_mean" : 0.000000,
        "iops_stddev" : 0.000000,
        "iops_samples" : 0
      },
      "trim" : {
        "io_bytes" : 0,
        "io_kbytes" : 0,
        "bw_bytes" : 0,
        "bw" : 0,
        "iops" : 0.000000,
        "runtime" : 0,
        "total_ios" : 0,
        "short_ios" : 0,
        "drop_ios" : 0,
        "slat_ns" : {
          "min" : 0,
          "max" : 0,
          "mean" : 0.000000,
          "stddev" : 0.000000,
          "N" : 0
        },
        "clat_ns" : {
          "min" : 0,
          "max" : 0,
          "mean" : 0.000000,
          "stddev" : 0.000000,
          "N" : 0
        },
        "lat_ns" : {
          "min" : 0,
          "max" : 0,
          "mean" : 0.000000,
          "stddev" : 0.000000,
          "N" : 0
        },
        "bw_min" : 0,
        "bw_max" : 0,
        "bw_agg" : 0.000000,
        "bw_mean" : 0.000000,
        "bw_dev" : 0.000000,
        "bw_samples" : 0,
        "iops_min" : 0,
        "iops_max" : 0,
        "iops_mean" : 0.000000,
        "iops_stddev" : 0.000000,
        "iops_samples" : 0
      },
      "sync" : {
        "total_ios" : 0,
        "lat_ns" : {
          "min" : 0,
          "max" : 0,
          "mean" : 0.000000,
          "stddev" : 0.000000,
          "N" : 0
        }
      },
      "job_runtime" : 20000,
      "usr_cpu" : 3.475000,
      "sys_cpu" : 38.105000,
      "ctx" : 181756,
      "majf" : 0,
      "minf" : 267,
      "iodepth_level" : {
        "1" : 0.100000,
        "2" : 0.100000,
        "4" : 0.100000,
        "8" : 0.100000,
        "16" : 99.994882,
        "32" : 0.000000,
        ">=64" : 0.000000
      },
      "iodepth_submit" : {
        "0" : 0.000000,
        "4" : 100.000000,
        "8" : 0.000000,
        "16" : 0.000000,
        "32" : 0.000000,
        "64" : 0.000000,
        ">=64" : 0.000000
      },
      "iodepth_complete" : {
        "0" : 0.000000,
        "4" : 99.999659,
        "8" : 0.000000,
        "16" : 0.100000,
        "32" : 0.000000,
        "64" : 0.000000,
        ">=64" : 0.000000
      },
      "latency_ns" : {
        "2" : 0.000000,
        "4" : 0.000000,
        "10" : 0.000000,
        "20" : 0.000000,
        "50" : 0.000000,
        "100" : 0.000000,
        "250" : 0.000000,
        "500" : 0.000000,
        "750" : 0.000000,
        "1000" : 0.000000
      },
      "latency_us" : {
        "2" : 0.000000,
        "4" : 0.000000,
        "10" : 0.000000,
        "20" : 0.000000,
        "50" : 0.000000,
        "100" : 0.000000,
        "250" : 0.000000,
        "500" : 0.197878,
        "750" : 10.420661,
        "1000" : 39.222135
      },
      "latency_ms" : {
        "2" : 49.866944,
        "4" : 0.041281,
        "10" : 0.000000,
        "20" : 0.153185,
        "50" : 0.097915,
        "100" : 0.000000,
        "250" : 0.000000,
        "500" : 0.000000,
        "750" : 0.000000,
        "1000" : 0.000000,
        "2000" : 0.000000,
        ">=2000" : 0.000000
      },
      "latency_depth" : 16,
      "latency_target" : 0,
      "latency_percentile" : 100.000000,
      "latency_window" : 0
    }
  ],
  "disk_util" : [
    {
      "name" : "nvme0n1",
      "read_ios" : 294363,
      "write_ios" : 28,
      "read_merges" : 0,
      "write_merges" : 38,
      "read_ticks" : 312599,
      "write_ticks" : 14,
      "in_queue" : 312618,
      "util" : 72.249474
    }
  ]
}
