{
  "fio version" : "fio-3.33",
  "timestamp" : 1778439542,
  "timestamp_ms" : 1778439542759,
  "time" : "Sun May 10 18:59:02 2026",
  "jobs" : [
    {
      "jobname" : "diskio",
      "groupid" : 0,
      "error" : 0,
      "eta" : 0,
      "elapsed" : 21,
      "job options" : {
        "name" : "diskio",
        "filename" : "/tmp/fio-testfile",
        "size" : "2G",
        "rw" : "write",
        "bs" : "16k",
        "direct" : "1",
        "ioengine" : "libaio",
        "iodepth" : "16",
        "numjobs" : "1",
        "runtime" : "20"
      },
      "read" : {
        "io_bytes" : 0,
        "io_kbytes" : 0,
        "bw_bytes" : 0,
        "bw" : 0,
        "iops" : 0.000000,
        "runtime" : 0,
        "total_ios" : 0,
        "short_ios" : 0,
        "drop_ios" : 0,
        "slat_ns" : {
          "min" : 0,
          "max" : 0,
          "mean" : 0.000000,
          "stddev" : 0.000000,
          "N" : 0
        },
        "clat_ns" : {
          "min" : 0,
          "max" : 0,
          "mean" : 0.000000,
          "stddev" : 0.000000,
          "N" : 0
        },
        "lat_ns" : {
          "min" : 0,
          "max" : 0,
          "mean" : 0.000000,
          "stddev" : 0.000000,
          "N" : 0
        },
        "bw_min" : 0,
        "bw_max" : 0,
        "bw_agg" : 0.000000,
        "bw_mean" : 0.000000,
        "bw_dev" : 0.000000,
        "bw_samples" : 0,
        "iops_min" : 0,
        "iops_max" : 0,
        "iops_mean" : 0.000000,
        "iops_stddev" : 0.000000,
        "iops_samples" : 0
      },
      "write" : {
        "io_bytes" : 8468529152,
        "io_kbytes" : 8270048,
        "bw_bytes" : 423151409,
        "bw" : 413233,
        "iops" : 25827.112377,
        "runtime" : 20013,
        "total_ios" : 516878,
        "short_ios" : 0,
        "drop_ios" : 0,
        "slat_ns" : {
          "min" : 1780,
          "max" : 301577,
          "mean" : 3662.281585,
          "stddev" : 4347.565199,
          "N" : 516878
        },
        "clat_ns" : {
          "min" : 49027,
          "max" : 207016577,
          "mean" : 615257.789250,
          "stddev" : 4255208.726463,
          "N" : 516878,
          "percentile" : {
            "1.000000" : 218112,
            "5.000000" : 228352,
            "10.000000" : 234496,
            "20.000000" : 238592,
            "30.000000" : 244736,
            "40.000000" : 252928,
            "50.000000" : 261120,
            "60.000000" : 268288,
            "70.000000" : 276480,
            "80.000000" : 284672,
            "90.000000" : 305152,
            "95.000000" : 460800,
            "99.000000" : 10944512,
            "99.500000" : 17694720,
            "99.900000" : 50593792,
            "99.950000" : 63700992,
            "99.990000" : 204472320
          }
        },
        "lat_ns" : {
          "min" : 110712,
          "max" : 207018667,
          "mean" : 618920.070835,
          "stddev" : 4255237.397363,
          "N" : 516878
        },
        "bw_min" : 4096,
        "bw_max" : 1020416,
        "bw_agg" : 100.000000,
        "bw_mean" : 420095.179487,
        "bw_dev" : 362699.501939,
        "bw_samples" : 39,
        "iops_min" : 256,
        "iops_max" : 63776,
        "iops_mean" : 26256.000000,
        "iops_stddev" : 22668.793342,
        "iops_samples" : 39
      },
      "trim" : {
        "io_bytes" : 0,
        "io_kbytes" : 0,
        "bw_bytes" : 0,
        "bw" : 0,
        "iops" : 0.000000,
        "runtime" : 0,
        "total_ios" : 0,
        "short_ios" : 0,
        "drop_ios" : 0,
        "slat_ns" : {
          "min" : 0,
          "max" : 0,
          "mean" : 0.000000,
          "stddev" : 0.000000,
          "N" : 0
        },
        "clat_ns" : {
          "min" : 0,
          "max" : 0,
          "mean" : 0.000000,
          "stddev" : 0.000000,
          "N" : 0
        },
        "lat_ns" : {
          "min" : 0,
          "max" : 0,
          "mean" : 0.000000,
          "stddev" : 0.000000,
          "N" : 0
        },
        "bw_min" : 0,
        "bw_max" : 0,
        "bw_agg" : 0.000000,
        "bw_mean" : 0.000000,
        "bw_dev" : 0.000000,
        "bw_samples" : 0,
        "iops_min" : 0,
        "iops_max" : 0,
        "iops_mean" : 0.000000,
        "iops_stddev" : 0.000000,
        "iops_samples" : 0
      },
      "sync" : {
        "total_ios" : 0,
        "lat_ns" : {
          "min" : 0,
          "max" : 0,
          "mean" : 0.000000,
          "stddev" : 0.000000,
          "N" : 0
        }
      },
      "job_runtime" : 20012,
      "usr_cpu" : 4.062562,
      "sys_cpu" : 8.689786,
      "ctx" : 32434,
      "majf" : 0,
      "minf" : 11,
      "iodepth_level" : {
        "1" : 0.100000,
        "2" : 0.100000,
        "4" : 0.100000,
        "8" : 0.100000,
        "16" : 99.997098,
        "32" : 0.000000,
        ">=64" : 0.000000
      },
      "iodepth_submit" : {
        "0" : 0.000000,
        "4" : 100.000000,
        "8" : 0.000000,
        "16" : 0.000000,
        "32" : 0.000000,
        "64" : 0.000000,
        ">=64" : 0.000000
      },
      "iodepth_complete" : {
        "0" : 0.000000,
        "4" : 99.999807,
        "8" : 0.000000,
        "16" : 0.100000,
        "32" : 0.000000,
        "64" : 0.000000,
        ">=64" : 0.000000
      },
      "latency_ns" : {
        "2" : 0.000000,
        "4" : 0.000000,
        "10" : 0.000000,
        "20" : 0.000000,
        "50" : 0.000000,
        "100" : 0.000000,
        "250" : 0.000000,
        "500" : 0.000000,
        "750" : 0.000000,
        "1000" : 0.000000
      },
      "latency_us" : {
        "2" : 0.000000,
        "4" : 0.000000,
        "10" : 0.000000,
        "20" : 0.000000,
        "50" : 0.010000,
        "100" : 0.010000,
        "250" : 37.604618,
        "500" : 57.934948,
        "750" : 2.736816,
        "1000" : 0.040048
      },
      "latency_ms" : {
        "2" : 0.010000,
        "4" : 0.000000,
        "10" : 0.545583,
        "20" : 0.675982,
        "50" : 0.347858,
        "100" : 0.077388,
        "250" : 0.030955,
        "500" : 0.000000,
        "750" : 0.000000,
        "1000" : 0.000000,
        "2000" : 0.000000,
        ">=2000" : 0.000000
      },
      "latency_depth" : 16,
      "latency_target" : 0,
      "latency_percentile" : 100.000000,
      "latency_window" : 0
    }
  ],
  "disk_util" : [
    {
      "name" : "vdb",
      "read_ios" : 0,
      "write_ios" : 644885,
      "read_merges" : 0,
      "write_merges" : 0,
      "read_ticks" : 0,
      "write_ticks" : 354120,
      "in_queue" : 354120,
      "util" : 87.380488
    }
  ]
}
