{
  "fio version" : "fio-3.33",
  "timestamp" : 1778440525,
  "timestamp_ms" : 1778440525389,
  "time" : "Sun May 10 19:15:25 2026",
  "jobs" : [
    {
      "jobname" : "diskio",
      "groupid" : 0,
      "error" : 0,
      "eta" : 0,
      "elapsed" : 21,
      "job options" : {
        "name" : "diskio",
        "filename" : "/tmp/fio-testfile",
        "size" : "2G",
        "rw" : "randwrite",
        "bs" : "1m",
        "direct" : "1",
        "ioengine" : "libaio",
        "iodepth" : "16",
        "numjobs" : "1",
        "runtime" : "20"
      },
      "read" : {
        "io_bytes" : 0,
        "io_kbytes" : 0,
        "bw_bytes" : 0,
        "bw" : 0,
        "iops" : 0.000000,
        "runtime" : 0,
        "total_ios" : 0,
        "short_ios" : 0,
        "drop_ios" : 0,
        "slat_ns" : {
          "min" : 0,
          "max" : 0,
          "mean" : 0.000000,
          "stddev" : 0.000000,
          "N" : 0
        },
        "clat_ns" : {
          "min" : 0,
          "max" : 0,
          "mean" : 0.000000,
          "stddev" : 0.000000,
          "N" : 0
        },
        "lat_ns" : {
          "min" : 0,
          "max" : 0,
          "mean" : 0.000000,
          "stddev" : 0.000000,
          "N" : 0
        },
        "bw_min" : 0,
        "bw_max" : 0,
        "bw_agg" : 0.000000,
        "bw_mean" : 0.000000,
        "bw_dev" : 0.000000,
        "bw_samples" : 0,
        "iops_min" : 0,
        "iops_max" : 0,
        "iops_mean" : 0.000000,
        "iops_stddev" : 0.000000,
        "iops_samples" : 0
      },
      "write" : {
        "io_bytes" : 53353644032,
        "io_kbytes" : 52103168,
        "bw_bytes" : 2667148771,
        "bw" : 2604637,
        "iops" : 2543.591282,
        "runtime" : 20004,
        "total_ios" : 50882,
        "short_ios" : 0,
        "drop_ios" : 0,
        "slat_ns" : {
          "min" : 24953,
          "max" : 210780692,
          "mean" : 389052.260505,
          "stddev" : 1400412.954527,
          "N" : 50882
        },
        "clat_ns" : {
          "min" : 1664535,
          "max" : 213646739,
          "mean" : 5898607.135372,
          "stddev" : 4842632.942708,
          "N" : 50882,
          "percentile" : {
            "1.000000" : 2703360,
            "5.000000" : 3620864,
            "10.000000" : 3915776,
            "20.000000" : 4292608,
            "30.000000" : 4489216,
            "40.000000" : 4751360,
            "50.000000" : 4947968,
            "60.000000" : 5210112,
            "70.000000" : 5603328,
            "80.000000" : 6062080,
            "90.000000" : 6914048,
            "95.000000" : 13303808,
            "99.000000" : 20578304,
            "99.500000" : 23199744,
            "99.900000" : 31064064,
            "99.950000" : 35389440,
            "99.990000" : 212860928
          }
        },
        "lat_ns" : {
          "min" : 2185757,
          "max" : 216317898,
          "mean" : 6287659.395877,
          "stddev" : 5003761.958576,
          "N" : 50882
        },
        "bw_min" : 1472512,
        "bw_max" : 3147776,
        "bw_agg" : 99.626955,
        "bw_mean" : 2594921.025641,
        "bw_dev" : 449156.292697,
        "bw_samples" : 39,
        "iops_min" : 1438,
        "iops_max" : 3074,
        "iops_mean" : 2534.102564,
        "iops_stddev" : 438.629192,
        "iops_samples" : 39
      },
      "trim" : {
        "io_bytes" : 0,
        "io_kbytes" : 0,
        "bw_bytes" : 0,
        "bw" : 0,
        "iops" : 0.000000,
        "runtime" : 0,
        "total_ios" : 0,
        "short_ios" : 0,
        "drop_ios" : 0,
        "slat_ns" : {
          "min" : 0,
          "max" : 0,
          "mean" : 0.000000,
          "stddev" : 0.000000,
          "N" : 0
        },
        "clat_ns" : {
          "min" : 0,
          "max" : 0,
          "mean" : 0.000000,
          "stddev" : 0.000000,
          "N" : 0
        },
        "lat_ns" : {
          "min" : 0,
          "max" : 0,
          "mean" : 0.000000,
          "stddev" : 0.000000,
          "N" : 0
        },
        "bw_min" : 0,
        "bw_max" : 0,
        "bw_agg" : 0.000000,
        "bw_mean" : 0.000000,
        "bw_dev" : 0.000000,
        "bw_samples" : 0,
        "iops_min" : 0,
        "iops_max" : 0,
        "iops_mean" : 0.000000,
        "iops_stddev" : 0.000000,
        "iops_samples" : 0
      },
      "sync" : {
        "total_ios" : 0,
        "lat_ns" : {
          "min" : 0,
          "max" : 0,
          "mean" : 0.000000,
          "stddev" : 0.000000,
          "N" : 0
        }
      },
      "job_runtime" : 20003,
      "usr_cpu" : 12.313153,
      "sys_cpu" : 12.078188,
      "ctx" : 17594,
      "majf" : 0,
      "minf" : 10,
      "iodepth_level" : {
        "1" : 0.100000,
        "2" : 0.100000,
        "4" : 0.100000,
        "8" : 0.100000,
        "16" : 99.970520,
        "32" : 0.000000,
        ">=64" : 0.000000
      },
      "iodepth_submit" : {
        "0" : 0.000000,
        "4" : 100.000000,
        "8" : 0.000000,
        "16" : 0.000000,
        "32" : 0.000000,
        "64" : 0.000000,
        ">=64" : 0.000000
      },
      "iodepth_complete" : {
        "0" : 0.000000,
        "4" : 99.998034,
        "8" : 0.000000,
        "16" : 0.100000,
        "32" : 0.000000,
        "64" : 0.000000,
        ">=64" : 0.000000
      },
      "latency_ns" : {
        "2" : 0.000000,
        "4" : 0.000000,
        "10" : 0.000000,
        "20" : 0.000000,
        "50" : 0.000000,
        "100" : 0.000000,
        "250" : 0.000000,
        "500" : 0.000000,
        "750" : 0.000000,
        "1000" : 0.000000
      },
      "latency_us" : {
        "2" : 0.000000,
        "4" : 0.000000,
        "10" : 0.000000,
        "20" : 0.000000,
        "50" : 0.000000,
        "100" : 0.000000,
        "250" : 0.000000,
        "500" : 0.000000,
        "750" : 0.000000,
        "1000" : 0.000000
      },
      "latency_ms" : {
        "2" : 0.047168,
        "4" : 11.658347,
        "10" : 79.735466,
        "20" : 7.415196,
        "50" : 1.114343,
        "100" : 0.000000,
        "250" : 0.029480,
        "500" : 0.000000,
        "750" : 0.000000,
        "1000" : 0.000000,
        "2000" : 0.000000,
        ">=2000" : 0.000000
      },
      "latency_depth" : 16,
      "latency_target" : 0,
      "latency_percentile" : 100.000000,
      "latency_window" : 0
    }
  ],
  "disk_util" : [
    {
      "name" : "vdb",
      "read_ios" : 0,
      "write_ios" : 662601,
      "read_merges" : 0,
      "write_merges" : 0,
      "read_ticks" : 0,
      "write_ticks" : 2295571,
      "in_queue" : 2295571,
      "util" : 99.574511
    }
  ]
}
