{
  "fio version" : "fio-3.33",
  "timestamp" : 1778440336,
  "timestamp_ms" : 1778440336640,
  "time" : "Sun May 10 19:12:16 2026",
  "jobs" : [
    {
      "jobname" : "diskio",
      "groupid" : 0,
      "error" : 0,
      "eta" : 0,
      "elapsed" : 21,
      "job options" : {
        "name" : "diskio",
        "filename" : "/tmp/fio-testfile",
        "size" : "2G",
        "rw" : "read",
        "bs" : "1m",
        "direct" : "1",
        "ioengine" : "libaio",
        "iodepth" : "16",
        "numjobs" : "1",
        "runtime" : "20"
      },
      "read" : {
        "io_bytes" : 72686239744,
        "io_kbytes" : 70982656,
        "bw_bytes" : 3633948592,
        "bw" : 3548777,
        "iops" : 3465.603440,
        "runtime" : 20002,
        "total_ios" : 69319,
        "short_ios" : 0,
        "drop_ios" : 0,
        "slat_ns" : {
          "min" : 14622,
          "max" : 4735091,
          "mean" : 222370.290901,
          "stddev" : 642134.856251,
          "N" : 69319
        },
        "clat_ns" : {
          "min" : 617212,
          "max" : 6311260,
          "mean" : 4392243.056449,
          "stddev" : 715006.950575,
          "N" : 69319,
          "percentile" : {
            "1.000000" : 1138688,
            "5.000000" : 2899968,
            "10.000000" : 3817472,
            "20.000000" : 4227072,
            "30.000000" : 4358144,
            "40.000000" : 4489216,
            "50.000000" : 4554752,
            "60.000000" : 4620288,
            "70.000000" : 4685824,
            "80.000000" : 4751360,
            "90.000000" : 4882432,
            "95.000000" : 5013504,
            "99.000000" : 5341184,
            "99.500000" : 5472256,
            "99.900000" : 5734400,
            "99.950000" : 5865472,
            "99.990000" : 5996544
          }
        },
        "lat_ns" : {
          "min" : 1492403,
          "max" : 6700428,
          "mean" : 4614613.347351,
          "stddev" : 399618.064549,
          "N" : 69319
        },
        "bw_min" : 3446784,
        "bw_max" : 3661824,
        "bw_agg" : 100.000000,
        "bw_mean" : 3551684.051282,
        "bw_dev" : 47446.061565,
        "bw_samples" : 39,
        "iops_min" : 3366,
        "iops_max" : 3576,
        "iops_mean" : 3468.435897,
        "iops_stddev" : 46.343565,
        "iops_samples" : 39
      },
      "write" : {
        "io_bytes" : 0,
        "io_kbytes" : 0,
        "bw_bytes" : 0,
        "bw" : 0,
        "iops" : 0.000000,
        "runtime" : 0,
        "total_ios" : 0,
        "short_ios" : 0,
        "drop_ios" : 0,
        "slat_ns" : {
          "min" : 0,
          "max" : 0,
          "mean" : 0.000000,
          "stddev" : 0.000000,
          "N" : 0
        },
        "clat_ns" : {
          "min" : 0,
          "max" : 0,
          "mean" : 0.000000,
          "stddev" : 0.000000,
          "N" : 0
        },
        "lat_ns" : {
          "min" : 0,
          "max" : 0,
          "mean" : 0.000000,
          "stddev" : 0.000000,
          "N" : 0
        },
        "bw_min" : 0,
        "bw_max" : 0,
        "bw_agg" : 0.000000,
        "bw_mean" : 0.000000,
        "bw_dev" : 0.000000,
        "bw_samples" : 0,
        "iops_min" : 0,
        "iops_max" : 0,
        "iops_mean" : 0.000000,
        "iops_stddev" : 0.000000,
        "iops_samples" : 0
      },
      "trim" : {
        "io_bytes" : 0,
        "io_kbytes" : 0,
        "bw_bytes" : 0,
        "bw" : 0,
        "iops" : 0.000000,
        "runtime" : 0,
        "total_ios" : 0,
        "short_ios" : 0,
        "drop_ios" : 0,
        "slat_ns" : {
          "min" : 0,
          "max" : 0,
          "mean" : 0.000000,
          "stddev" : 0.000000,
          "N" : 0
        },
        "clat_ns" : {
          "min" : 0,
          "max" : 0,
          "mean" : 0.000000,
          "stddev" : 0.000000,
          "N" : 0
        },
        "lat_ns" : {
          "min" : 0,
          "max" : 0,
          "mean" : 0.000000,
          "stddev" : 0.000000,
          "N" : 0
        },
        "bw_min" : 0,
        "bw_max" : 0,
        "bw_agg" : 0.000000,
        "bw_mean" : 0.000000,
        "bw_dev" : 0.000000,
        "bw_samples" : 0,
        "iops_min" : 0,
        "iops_max" : 0,
        "iops_mean" : 0.000000,
        "iops_stddev" : 0.000000,
        "iops_samples" : 0
      },
      "sync" : {
        "total_ios" : 0,
        "lat_ns" : {
          "min" : 0,
          "max" : 0,
          "mean" : 0.000000,
          "stddev" : 0.000000,
          "N" : 0
        }
      },
      "job_runtime" : 20001,
      "usr_cpu" : 0.879956,
      "sys_cpu" : 15.039248,
      "ctx" : 51301,
      "majf" : 0,
      "minf" : 4106,
      "iodepth_level" : {
        "1" : 0.100000,
        "2" : 0.100000,
        "4" : 0.100000,
        "8" : 0.100000,
        "16" : 99.978361,
        "32" : 0.000000,
        ">=64" : 0.000000
      },
      "iodepth_submit" : {
        "0" : 0.000000,
        "4" : 100.000000,
        "8" : 0.000000,
        "16" : 0.000000,
        "32" : 0.000000,
        "64" : 0.000000,
        ">=64" : 0.000000
      },
      "iodepth_complete" : {
        "0" : 0.000000,
        "4" : 99.998557,
        "8" : 0.000000,
        "16" : 0.100000,
        "32" : 0.000000,
        "64" : 0.000000,
        ">=64" : 0.000000
      },
      "latency_ns" : {
        "2" : 0.000000,
        "4" : 0.000000,
        "10" : 0.000000,
        "20" : 0.000000,
        "50" : 0.000000,
        "100" : 0.000000,
        "250" : 0.000000,
        "500" : 0.000000,
        "750" : 0.000000,
        "1000" : 0.000000
      },
      "latency_us" : {
        "2" : 0.000000,
        "4" : 0.000000,
        "10" : 0.000000,
        "20" : 0.000000,
        "50" : 0.000000,
        "100" : 0.000000,
        "250" : 0.000000,
        "500" : 0.000000,
        "750" : 0.144261,
        "1000" : 0.558288
      },
      "latency_ms" : {
        "2" : 2.201417,
        "4" : 9.260087,
        "10" : 87.835947,
        "20" : 0.000000,
        "50" : 0.000000,
        "100" : 0.000000,
        "250" : 0.000000,
        "500" : 0.000000,
        "750" : 0.000000,
        "1000" : 0.000000,
        "2000" : 0.000000,
        ">=2000" : 0.000000
      },
      "latency_depth" : 16,
      "latency_target" : 0,
      "latency_percentile" : 100.000000,
      "latency_window" : 0
    }
  ],
  "disk_util" : [
    {
      "name" : "vdb",
      "read_ios" : 1407255,
      "write_ios" : 43,
      "read_merges" : 0,
      "write_merges" : 0,
      "read_ticks" : 2260817,
      "write_ticks" : 36,
      "in_queue" : 2260853,
      "util" : 99.569526
    }
  ]
}
