{
  "fio version" : "fio-3.33",
  "timestamp" : 1778440431,
  "timestamp_ms" : 1778440431066,
  "time" : "Sun May 10 19:13:51 2026",
  "jobs" : [
    {
      "jobname" : "diskio",
      "groupid" : 0,
      "error" : 0,
      "eta" : 0,
      "elapsed" : 21,
      "job options" : {
        "name" : "diskio",
        "filename" : "/tmp/fio-testfile",
        "size" : "2G",
        "rw" : "write",
        "bs" : "1m",
        "direct" : "1",
        "ioengine" : "libaio",
        "iodepth" : "16",
        "numjobs" : "1",
        "runtime" : "20"
      },
      "read" : {
        "io_bytes" : 0,
        "io_kbytes" : 0,
        "bw_bytes" : 0,
        "bw" : 0,
        "iops" : 0.000000,
        "runtime" : 0,
        "total_ios" : 0,
        "short_ios" : 0,
        "drop_ios" : 0,
        "slat_ns" : {
          "min" : 0,
          "max" : 0,
          "mean" : 0.000000,
          "stddev" : 0.000000,
          "N" : 0
        },
        "clat_ns" : {
          "min" : 0,
          "max" : 0,
          "mean" : 0.000000,
          "stddev" : 0.000000,
          "N" : 0
        },
        "lat_ns" : {
          "min" : 0,
          "max" : 0,
          "mean" : 0.000000,
          "stddev" : 0.000000,
          "N" : 0
        },
        "bw_min" : 0,
        "bw_max" : 0,
        "bw_agg" : 0.000000,
        "bw_mean" : 0.000000,
        "bw_dev" : 0.000000,
        "bw_samples" : 0,
        "iops_min" : 0,
        "iops_max" : 0,
        "iops_mean" : 0.000000,
        "iops_stddev" : 0.000000,
        "iops_samples" : 0
      },
      "write" : {
        "io_bytes" : 8032092160,
        "io_kbytes" : 7843840,
        "bw_bytes" : 400483254,
        "bw" : 391096,
        "iops" : 381.930594,
        "runtime" : 20056,
        "total_ios" : 7660,
        "short_ios" : 0,
        "drop_ios" : 0,
        "slat_ns" : {
          "min" : 30935,
          "max" : 133610246,
          "mean" : 2613237.384073,
          "stddev" : 8465592.410519,
          "N" : 7660
        },
        "clat_ns" : {
          "min" : 1231950,
          "max" : 242220012,
          "mean" : 39270256.330157,
          "stddev" : 38011749.546851,
          "N" : 7660,
          "percentile" : {
            "1.000000" : 9240576,
            "5.000000" : 10158080,
            "10.000000" : 10682368,
            "20.000000" : 11993088,
            "30.000000" : 12517376,
            "40.000000" : 13041664,
            "50.000000" : 21889024,
            "60.000000" : 38010880,
            "70.000000" : 46399488,
            "80.000000" : 57933824,
            "90.000000" : 99090432,
            "95.000000" : 125304832,
            "99.000000" : 166723584,
            "99.500000" : 191889408,
            "99.900000" : 204472320,
            "99.950000" : 240123904,
            "99.990000" : 242221056
          }
        },
        "lat_ns" : {
          "min" : 9234193,
          "max" : 242469810,
          "mean" : 41883493.714230,
          "stddev" : 39751246.404940,
          "N" : 7660
        },
        "bw_min" : 98304,
        "bw_max" : 1337344,
        "bw_agg" : 100.000000,
        "bw_mean" : 391372.800000,
        "bw_dev" : 357474.369005,
        "bw_samples" : 40,
        "iops_min" : 96,
        "iops_max" : 1306,
        "iops_mean" : 382.200000,
        "iops_stddev" : 349.096063,
        "iops_samples" : 40
      },
      "trim" : {
        "io_bytes" : 0,
        "io_kbytes" : 0,
        "bw_bytes" : 0,
        "bw" : 0,
        "iops" : 0.000000,
        "runtime" : 0,
        "total_ios" : 0,
        "short_ios" : 0,
        "drop_ios" : 0,
        "slat_ns" : {
          "min" : 0,
          "max" : 0,
          "mean" : 0.000000,
          "stddev" : 0.000000,
          "N" : 0
        },
        "clat_ns" : {
          "min" : 0,
          "max" : 0,
          "mean" : 0.000000,
          "stddev" : 0.000000,
          "N" : 0
        },
        "lat_ns" : {
          "min" : 0,
          "max" : 0,
          "mean" : 0.000000,
          "stddev" : 0.000000,
          "N" : 0
        },
        "bw_min" : 0,
        "bw_max" : 0,
        "bw_agg" : 0.000000,
        "bw_mean" : 0.000000,
        "bw_dev" : 0.000000,
        "bw_samples" : 0,
        "iops_min" : 0,
        "iops_max" : 0,
        "iops_mean" : 0.000000,
        "iops_stddev" : 0.000000,
        "iops_samples" : 0
      },
      "sync" : {
        "total_ios" : 0,
        "lat_ns" : {
          "min" : 0,
          "max" : 0,
          "mean" : 0.000000,
          "stddev" : 0.000000,
          "N" : 0
        }
      },
      "job_runtime" : 20055,
      "usr_cpu" : 1.096983,
      "sys_cpu" : 3.400648,
      "ctx" : 11137,
      "majf" : 0,
      "minf" : 11,
      "iodepth_level" : {
        "1" : 0.100000,
        "2" : 0.100000,
        "4" : 0.100000,
        "8" : 0.104439,
        "16" : 99.804178,
        "32" : 0.000000,
        ">=64" : 0.000000
      },
      "iodepth_submit" : {
        "0" : 0.000000,
        "4" : 100.000000,
        "8" : 0.000000,
        "16" : 0.000000,
        "32" : 0.000000,
        "64" : 0.000000,
        ">=64" : 0.000000
      },
      "iodepth_complete" : {
        "0" : 0.000000,
        "4" : 99.986921,
        "8" : 0.000000,
        "16" : 0.100000,
        "32" : 0.000000,
        "64" : 0.000000,
        ">=64" : 0.000000
      },
      "latency_ns" : {
        "2" : 0.000000,
        "4" : 0.000000,
        "10" : 0.000000,
        "20" : 0.000000,
        "50" : 0.000000,
        "100" : 0.000000,
        "250" : 0.000000,
        "500" : 0.000000,
        "750" : 0.000000,
        "1000" : 0.000000
      },
      "latency_us" : {
        "2" : 0.000000,
        "4" : 0.000000,
        "10" : 0.000000,
        "20" : 0.000000,
        "50" : 0.000000,
        "100" : 0.000000,
        "250" : 0.000000,
        "500" : 0.000000,
        "750" : 0.000000,
        "1000" : 0.000000
      },
      "latency_ms" : {
        "2" : 0.013055,
        "4" : 0.000000,
        "10" : 4.138381,
        "20" : 43.133159,
        "50" : 26.057441,
        "100" : 16.801567,
        "250" : 9.856397,
        "500" : 0.000000,
        "750" : 0.000000,
        "1000" : 0.000000,
        "2000" : 0.000000,
        ">=2000" : 0.000000
      },
      "latency_depth" : 16,
      "latency_target" : 0,
      "latency_percentile" : 100.000000,
      "latency_window" : 0
    }
  ],
  "disk_util" : [
    {
      "name" : "vdb",
      "read_ios" : 0,
      "write_ios" : 618208,
      "read_merges" : 0,
      "write_merges" : 0,
      "read_ticks" : 0,
      "write_ticks" : 2488292,
      "in_queue" : 2488292,
      "util" : 99.519520
    }
  ]
}
