{
  "fio version" : "fio-3.33",
  "timestamp" : 1778439826,
  "timestamp_ms" : 1778439826768,
  "time" : "Sun May 10 19:03:46 2026",
  "jobs" : [
    {
      "jobname" : "diskio",
      "groupid" : 0,
      "error" : 0,
      "eta" : 0,
      "elapsed" : 21,
      "job options" : {
        "name" : "diskio",
        "filename" : "/tmp/fio-testfile",
        "size" : "2G",
        "rw" : "write",
        "bs" : "64k",
        "direct" : "1",
        "ioengine" : "libaio",
        "iodepth" : "16",
        "numjobs" : "1",
        "runtime" : "20"
      },
      "read" : {
        "io_bytes" : 0,
        "io_kbytes" : 0,
        "bw_bytes" : 0,
        "bw" : 0,
        "iops" : 0.000000,
        "runtime" : 0,
        "total_ios" : 0,
        "short_ios" : 0,
        "drop_ios" : 0,
        "slat_ns" : {
          "min" : 0,
          "max" : 0,
          "mean" : 0.000000,
          "stddev" : 0.000000,
          "N" : 0
        },
        "clat_ns" : {
          "min" : 0,
          "max" : 0,
          "mean" : 0.000000,
          "stddev" : 0.000000,
          "N" : 0
        },
        "lat_ns" : {
          "min" : 0,
          "max" : 0,
          "mean" : 0.000000,
          "stddev" : 0.000000,
          "N" : 0
        },
        "bw_min" : 0,
        "bw_max" : 0,
        "bw_agg" : 0.000000,
        "bw_mean" : 0.000000,
        "bw_dev" : 0.000000,
        "bw_samples" : 0,
        "iops_min" : 0,
        "iops_max" : 0,
        "iops_mean" : 0.000000,
        "iops_stddev" : 0.000000,
        "iops_samples" : 0
      },
      "write" : {
        "io_bytes" : 12860063744,
        "io_kbytes" : 12558656,
        "bw_bytes" : 642971038,
        "bw" : 627901,
        "iops" : 9810.959452,
        "runtime" : 20001,
        "total_ios" : 196229,
        "short_ios" : 0,
        "drop_ios" : 0,
        "slat_ns" : {
          "min" : 3201,
          "max" : 302654,
          "mean" : 20445.783926,
          "stddev" : 20671.329865,
          "N" : 196229
        },
        "clat_ns" : {
          "min" : 478035,
          "max" : 86075078,
          "mean" : 1609646.009453,
          "stddev" : 3735392.289647,
          "N" : 196229,
          "percentile" : {
            "1.000000" : 667648,
            "5.000000" : 716800,
            "10.000000" : 749568,
            "20.000000" : 798720,
            "30.000000" : 839680,
            "40.000000" : 897024,
            "50.000000" : 1105920,
            "60.000000" : 1236992,
            "70.000000" : 1302528,
            "80.000000" : 1384448,
            "90.000000" : 1482752,
            "95.000000" : 1630208,
            "99.000000" : 13828096,
            "99.500000" : 26869760,
            "99.900000" : 52166656,
            "99.950000" : 71827456,
            "99.990000" : 84410368
          }
        },
        "lat_ns" : {
          "min" : 520251,
          "max" : 86089591,
          "mean" : 1630091.793379,
          "stddev" : 3736704.235953,
          "N" : 196229
        },
        "bw_min" : 97792,
        "bw_max" : 950400,
        "bw_agg" : 99.763752,
        "bw_mean" : 626418.871795,
        "bw_dev" : 261520.415871,
        "bw_samples" : 39,
        "iops_min" : 1528,
        "iops_max" : 14850,
        "iops_mean" : 9787.794872,
        "iops_stddev" : 4086.256498,
        "iops_samples" : 39
      },
      "trim" : {
        "io_bytes" : 0,
        "io_kbytes" : 0,
        "bw_bytes" : 0,
        "bw" : 0,
        "iops" : 0.000000,
        "runtime" : 0,
        "total_ios" : 0,
        "short_ios" : 0,
        "drop_ios" : 0,
        "slat_ns" : {
          "min" : 0,
          "max" : 0,
          "mean" : 0.000000,
          "stddev" : 0.000000,
          "N" : 0
        },
        "clat_ns" : {
          "min" : 0,
          "max" : 0,
          "mean" : 0.000000,
          "stddev" : 0.000000,
          "N" : 0
        },
        "lat_ns" : {
          "min" : 0,
          "max" : 0,
          "mean" : 0.000000,
          "stddev" : 0.000000,
          "N" : 0
        },
        "bw_min" : 0,
        "bw_max" : 0,
        "bw_agg" : 0.000000,
        "bw_mean" : 0.000000,
        "bw_dev" : 0.000000,
        "bw_samples" : 0,
        "iops_min" : 0,
        "iops_max" : 0,
        "iops_mean" : 0.000000,
        "iops_stddev" : 0.000000,
        "iops_samples" : 0
      },
      "sync" : {
        "total_ios" : 0,
        "lat_ns" : {
          "min" : 0,
          "max" : 0,
          "mean" : 0.000000,
          "stddev" : 0.000000,
          "N" : 0
        }
      },
      "job_runtime" : 20000,
      "usr_cpu" : 2.485000,
      "sys_cpu" : 11.265000,
      "ctx" : 99152,
      "majf" : 0,
      "minf" : 11,
      "iodepth_level" : {
        "1" : 0.100000,
        "2" : 0.100000,
        "4" : 0.100000,
        "8" : 0.100000,
        "16" : 99.992356,
        "32" : 0.000000,
        ">=64" : 0.000000
      },
      "iodepth_submit" : {
        "0" : 0.000000,
        "4" : 100.000000,
        "8" : 0.000000,
        "16" : 0.000000,
        "32" : 0.000000,
        "64" : 0.000000,
        ">=64" : 0.000000
      },
      "iodepth_complete" : {
        "0" : 0.000000,
        "4" : 99.999490,
        "8" : 0.000000,
        "16" : 0.100000,
        "32" : 0.000000,
        "64" : 0.000000,
        ">=64" : 0.000000
      },
      "latency_ns" : {
        "2" : 0.000000,
        "4" : 0.000000,
        "10" : 0.000000,
        "20" : 0.000000,
        "50" : 0.000000,
        "100" : 0.000000,
        "250" : 0.000000,
        "500" : 0.000000,
        "750" : 0.000000,
        "1000" : 0.000000
      },
      "latency_us" : {
        "2" : 0.000000,
        "4" : 0.000000,
        "10" : 0.000000,
        "20" : 0.000000,
        "50" : 0.000000,
        "100" : 0.000000,
        "250" : 0.000000,
        "500" : 0.010000,
        "750" : 9.992916,
        "1000" : 37.861376
      },
      "latency_ms" : {
        "2" : 48.265547,
        "4" : 0.120777,
        "10" : 1.855485,
        "20" : 1.327021,
        "50" : 0.441831,
        "100" : 0.134537,
        "250" : 0.000000,
        "500" : 0.000000,
        "750" : 0.000000,
        "1000" : 0.000000,
        "2000" : 0.000000,
        ">=2000" : 0.000000
      },
      "latency_depth" : 16,
      "latency_target" : 0,
      "latency_percentile" : 100.000000,
      "latency_window" : 0
    }
  ],
  "disk_util" : [
    {
      "name" : "vdb",
      "read_ios" : 0,
      "write_ios" : 1536857,
      "read_merges" : 0,
      "write_merges" : 0,
      "read_ticks" : 0,
      "write_ticks" : 2207621,
      "in_queue" : 2207620,
      "util" : 99.574596
    }
  ]
}
