{
  "fio version" : "fio-3.33",
  "timestamp" : 1778439684,
  "timestamp_ms" : 1778439684144,
  "time" : "Sun May 10 19:01:24 2026",
  "jobs" : [
    {
      "jobname" : "diskio",
      "groupid" : 0,
      "error" : 0,
      "eta" : 0,
      "elapsed" : 21,
      "job options" : {
        "name" : "diskio",
        "filename" : "/tmp/fio-testfile",
        "size" : "2G",
        "rw" : "randwrite",
        "bs" : "16k",
        "direct" : "1",
        "ioengine" : "libaio",
        "iodepth" : "16",
        "numjobs" : "1",
        "runtime" : "20"
      },
      "read" : {
        "io_bytes" : 0,
        "io_kbytes" : 0,
        "bw_bytes" : 0,
        "bw" : 0,
        "iops" : 0.000000,
        "runtime" : 0,
        "total_ios" : 0,
        "short_ios" : 0,
        "drop_ios" : 0,
        "slat_ns" : {
          "min" : 0,
          "max" : 0,
          "mean" : 0.000000,
          "stddev" : 0.000000,
          "N" : 0
        },
        "clat_ns" : {
          "min" : 0,
          "max" : 0,
          "mean" : 0.000000,
          "stddev" : 0.000000,
          "N" : 0
        },
        "lat_ns" : {
          "min" : 0,
          "max" : 0,
          "mean" : 0.000000,
          "stddev" : 0.000000,
          "N" : 0
        },
        "bw_min" : 0,
        "bw_max" : 0,
        "bw_agg" : 0.000000,
        "bw_mean" : 0.000000,
        "bw_dev" : 0.000000,
        "bw_samples" : 0,
        "iops_min" : 0,
        "iops_max" : 0,
        "iops_mean" : 0.000000,
        "iops_stddev" : 0.000000,
        "iops_samples" : 0
      },
      "write" : {
        "io_bytes" : 4752490496,
        "io_kbytes" : 4641104,
        "bw_bytes" : 237612644,
        "bw" : 232043,
        "iops" : 14502.724864,
        "runtime" : 20001,
        "total_ios" : 290069,
        "short_ios" : 0,
        "drop_ios" : 0,
        "slat_ns" : {
          "min" : 1790,
          "max" : 245273,
          "mean" : 5003.228759,
          "stddev" : 5513.572054,
          "N" : 290069
        },
        "clat_ns" : {
          "min" : 70350,
          "max" : 148587321,
          "mean" : 1097437.907167,
          "stddev" : 3485141.015118,
          "N" : 290069,
          "percentile" : {
            "1.000000" : 610304,
            "5.000000" : 634880,
            "10.000000" : 651264,
            "20.000000" : 667648,
            "30.000000" : 675840,
            "40.000000" : 684032,
            "50.000000" : 692224,
            "60.000000" : 708608,
            "70.000000" : 716800,
            "80.000000" : 741376,
            "90.000000" : 798720,
            "95.000000" : 929792,
            "99.000000" : 10289152,
            "99.500000" : 28704768,
            "99.900000" : 46923776,
            "99.950000" : 52166656,
            "99.990000" : 143654912
          }
        },
        "lat_ns" : {
          "min" : 178315,
          "max" : 148590471,
          "mean" : 1102441.135926,
          "stddev" : 3485101.441826,
          "N" : 290069
        },
        "bw_min" : 59392,
        "bw_max" : 369984,
        "bw_agg" : 100.000000,
        "bw_mean" : 234656.820513,
        "bw_dev" : 119783.200872,
        "bw_samples" : 39,
        "iops_min" : 3712,
        "iops_max" : 23124,
        "iops_mean" : 14666.051282,
        "iops_stddev" : 7486.450054,
        "iops_samples" : 39
      },
      "trim" : {
        "io_bytes" : 0,
        "io_kbytes" : 0,
        "bw_bytes" : 0,
        "bw" : 0,
        "iops" : 0.000000,
        "runtime" : 0,
        "total_ios" : 0,
        "short_ios" : 0,
        "drop_ios" : 0,
        "slat_ns" : {
          "min" : 0,
          "max" : 0,
          "mean" : 0.000000,
          "stddev" : 0.000000,
          "N" : 0
        },
        "clat_ns" : {
          "min" : 0,
          "max" : 0,
          "mean" : 0.000000,
          "stddev" : 0.000000,
          "N" : 0
        },
        "lat_ns" : {
          "min" : 0,
          "max" : 0,
          "mean" : 0.000000,
          "stddev" : 0.000000,
          "N" : 0
        },
        "bw_min" : 0,
        "bw_max" : 0,
        "bw_agg" : 0.000000,
        "bw_mean" : 0.000000,
        "bw_dev" : 0.000000,
        "bw_samples" : 0,
        "iops_min" : 0,
        "iops_max" : 0,
        "iops_mean" : 0.000000,
        "iops_stddev" : 0.000000,
        "iops_samples" : 0
      },
      "sync" : {
        "total_ios" : 0,
        "lat_ns" : {
          "min" : 0,
          "max" : 0,
          "mean" : 0.000000,
          "stddev" : 0.000000,
          "N" : 0
        }
      },
      "job_runtime" : 20000,
      "usr_cpu" : 2.720000,
      "sys_cpu" : 6.715000,
      "ctx" : 18162,
      "majf" : 0,
      "minf" : 13,
      "iodepth_level" : {
        "1" : 0.100000,
        "2" : 0.100000,
        "4" : 0.100000,
        "8" : 0.100000,
        "16" : 99.994829,
        "32" : 0.000000,
        ">=64" : 0.000000
      },
      "iodepth_submit" : {
        "0" : 0.000000,
        "4" : 100.000000,
        "8" : 0.000000,
        "16" : 0.000000,
        "32" : 0.000000,
        "64" : 0.000000,
        ">=64" : 0.000000
      },
      "iodepth_complete" : {
        "0" : 0.000000,
        "4" : 99.999655,
        "8" : 0.000000,
        "16" : 0.100000,
        "32" : 0.000000,
        "64" : 0.000000,
        ">=64" : 0.000000
      },
      "latency_ns" : {
        "2" : 0.000000,
        "4" : 0.000000,
        "10" : 0.000000,
        "20" : 0.000000,
        "50" : 0.000000,
        "100" : 0.000000,
        "250" : 0.000000,
        "500" : 0.000000,
        "750" : 0.000000,
        "1000" : 0.000000
      },
      "latency_us" : {
        "2" : 0.000000,
        "4" : 0.000000,
        "10" : 0.000000,
        "20" : 0.000000,
        "50" : 0.000000,
        "100" : 0.010000,
        "250" : 0.010000,
        "500" : 0.011032,
        "750" : 83.420841,
        "1000" : 12.105740
      },
      "latency_ms" : {
        "2" : 2.123977,
        "4" : 0.010000,
        "10" : 1.227639,
        "20" : 0.465751,
        "50" : 0.574001,
        "100" : 0.049299,
        "250" : 0.011032,
        "500" : 0.000000,
        "750" : 0.000000,
        "1000" : 0.000000,
        "2000" : 0.000000,
        ">=2000" : 0.000000
      },
      "latency_depth" : 16,
      "latency_target" : 0,
      "latency_percentile" : 100.000000,
      "latency_window" : 0
    }
  ],
  "disk_util" : [
    {
      "name" : "vdb",
      "read_ios" : 0,
      "write_ios" : 994638,
      "read_merges" : 0,
      "write_merges" : 0,
      "read_ticks" : 0,
      "write_ticks" : 1006180,
      "in_queue" : 1006180,
      "util" : 92.757395
    }
  ]
}
