{
  "fio version" : "fio-3.33",
  "timestamp" : 1778439991,
  "timestamp_ms" : 1778439991764,
  "time" : "Sun May 10 19:06:31 2026",
  "jobs" : [
    {
      "jobname" : "diskio",
      "groupid" : 0,
      "error" : 0,
      "eta" : 0,
      "elapsed" : 21,
      "job options" : {
        "name" : "diskio",
        "filename" : "/tmp/fio-testfile",
        "size" : "2G",
        "rw" : "randwrite",
        "bs" : "64k",
        "direct" : "1",
        "ioengine" : "libaio",
        "iodepth" : "16",
        "numjobs" : "1",
        "runtime" : "20"
      },
      "read" : {
        "io_bytes" : 0,
        "io_kbytes" : 0,
        "bw_bytes" : 0,
        "bw" : 0,
        "iops" : 0.000000,
        "runtime" : 0,
        "total_ios" : 0,
        "short_ios" : 0,
        "drop_ios" : 0,
        "slat_ns" : {
          "min" : 0,
          "max" : 0,
          "mean" : 0.000000,
          "stddev" : 0.000000,
          "N" : 0
        },
        "clat_ns" : {
          "min" : 0,
          "max" : 0,
          "mean" : 0.000000,
          "stddev" : 0.000000,
          "N" : 0
        },
        "lat_ns" : {
          "min" : 0,
          "max" : 0,
          "mean" : 0.000000,
          "stddev" : 0.000000,
          "N" : 0
        },
        "bw_min" : 0,
        "bw_max" : 0,
        "bw_agg" : 0.000000,
        "bw_mean" : 0.000000,
        "bw_dev" : 0.000000,
        "bw_samples" : 0,
        "iops_min" : 0,
        "iops_max" : 0,
        "iops_mean" : 0.000000,
        "iops_stddev" : 0.000000,
        "iops_samples" : 0
      },
      "write" : {
        "io_bytes" : 7478312960,
        "io_kbytes" : 7303040,
        "bw_bytes" : 373560765,
        "bw" : 364805,
        "iops" : 5700.084919,
        "runtime" : 20019,
        "total_ios" : 114110,
        "short_ios" : 0,
        "drop_ios" : 0,
        "slat_ns" : {
          "min" : 2981,
          "max" : 379122,
          "mean" : 15216.807388,
          "stddev" : 17840.482195,
          "N" : 114110
        },
        "clat_ns" : {
          "min" : 295446,
          "max" : 91124375,
          "mean" : 2790794.006117,
          "stddev" : 5657307.041558,
          "N" : 114110,
          "percentile" : {
            "1.000000" : 708608,
            "5.000000" : 757760,
            "10.000000" : 782336,
            "20.000000" : 815104,
            "30.000000" : 847872,
            "40.000000" : 872448,
            "50.000000" : 921600,
            "60.000000" : 1019904,
            "70.000000" : 1400832,
            "80.000000" : 1531904,
            "90.000000" : 9240576,
            "95.000000" : 13041664,
            "99.000000" : 29753344,
            "99.500000" : 33161216,
            "99.900000" : 43778048,
            "99.950000" : 46923776,
            "99.990000" : 60030976
          }
        },
        "lat_ns" : {
          "min" : 346604,
          "max" : 91231612,
          "mean" : 2806010.813505,
          "stddev" : 5659006.580630,
          "N" : 114110
        },
        "bw_min" : 89472,
        "bw_max" : 999808,
        "bw_agg" : 100.000000,
        "bw_mean" : 365100.800000,
        "bw_dev" : 344921.560775,
        "bw_samples" : 40,
        "iops_min" : 1398,
        "iops_max" : 15622,
        "iops_mean" : 5704.700000,
        "iops_stddev" : 5389.399387,
        "iops_samples" : 40
      },
      "trim" : {
        "io_bytes" : 0,
        "io_kbytes" : 0,
        "bw_bytes" : 0,
        "bw" : 0,
        "iops" : 0.000000,
        "runtime" : 0,
        "total_ios" : 0,
        "short_ios" : 0,
        "drop_ios" : 0,
        "slat_ns" : {
          "min" : 0,
          "max" : 0,
          "mean" : 0.000000,
          "stddev" : 0.000000,
          "N" : 0
        },
        "clat_ns" : {
          "min" : 0,
          "max" : 0,
          "mean" : 0.000000,
          "stddev" : 0.000000,
          "N" : 0
        },
        "lat_ns" : {
          "min" : 0,
          "max" : 0,
          "mean" : 0.000000,
          "stddev" : 0.000000,
          "N" : 0
        },
        "bw_min" : 0,
        "bw_max" : 0,
        "bw_agg" : 0.000000,
        "bw_mean" : 0.000000,
        "bw_dev" : 0.000000,
        "bw_samples" : 0,
        "iops_min" : 0,
        "iops_max" : 0,
        "iops_mean" : 0.000000,
        "iops_stddev" : 0.000000,
        "iops_samples" : 0
      },
      "sync" : {
        "total_ios" : 0,
        "lat_ns" : {
          "min" : 0,
          "max" : 0,
          "mean" : 0.000000,
          "stddev" : 0.000000,
          "N" : 0
        }
      },
      "job_runtime" : 20018,
      "usr_cpu" : 1.768408,
      "sys_cpu" : 5.540014,
      "ctx" : 38706,
      "majf" : 0,
      "minf" : 12,
      "iodepth_level" : {
        "1" : 0.100000,
        "2" : 0.100000,
        "4" : 0.100000,
        "8" : 0.100000,
        "16" : 99.986855,
        "32" : 0.000000,
        ">=64" : 0.000000
      },
      "iodepth_submit" : {
        "0" : 0.000000,
        "4" : 100.000000,
        "8" : 0.000000,
        "16" : 0.000000,
        "32" : 0.000000,
        "64" : 0.000000,
        ">=64" : 0.000000
      },
      "iodepth_complete" : {
        "0" : 0.000000,
        "4" : 99.999124,
        "8" : 0.000000,
        "16" : 0.100000,
        "32" : 0.000000,
        "64" : 0.000000,
        ">=64" : 0.000000
      },
      "latency_ns" : {
        "2" : 0.000000,
        "4" : 0.000000,
        "10" : 0.000000,
        "20" : 0.000000,
        "50" : 0.000000,
        "100" : 0.000000,
        "250" : 0.000000,
        "500" : 0.000000,
        "750" : 0.000000,
        "1000" : 0.000000
      },
      "latency_us" : {
        "2" : 0.000000,
        "4" : 0.000000,
        "10" : 0.000000,
        "20" : 0.000000,
        "50" : 0.000000,
        "100" : 0.000000,
        "250" : 0.000000,
        "500" : 0.010516,
        "750" : 4.266935,
        "1000" : 54.738410
      },
      "latency_ms" : {
        "2" : 29.028131,
        "4" : 0.361055,
        "10" : 2.729822,
        "20" : 5.681360,
        "50" : 3.163614,
        "100" : 0.020156,
        "250" : 0.000000,
        "500" : 0.000000,
        "750" : 0.000000,
        "1000" : 0.000000,
        "2000" : 0.000000,
        ">=2000" : 0.000000
      },
      "latency_depth" : 16,
      "latency_target" : 0,
      "latency_percentile" : 100.000000,
      "latency_window" : 0
    }
  ],
  "disk_util" : [
    {
      "name" : "vdb",
      "read_ios" : 0,
      "write_ios" : 761778,
      "read_merges" : 0,
      "write_merges" : 0,
      "read_ticks" : 0,
      "write_ticks" : 1932949,
      "in_queue" : 1932950,
      "util" : 99.584564
    }
  ]
}
