{
  "fio version" : "fio-3.33",
  "timestamp" : 1778440313,
  "timestamp_ms" : 1778440313057,
  "time" : "Sun May 10 19:11:53 2026",
  "jobs" : [
    {
      "jobname" : "diskio",
      "groupid" : 0,
      "error" : 0,
      "eta" : 0,
      "elapsed" : 21,
      "job options" : {
        "name" : "diskio",
        "filename" : "/tmp/fio-testfile",
        "size" : "2G",
        "rw" : "read",
        "bs" : "1m",
        "direct" : "1",
        "ioengine" : "libaio",
        "iodepth" : "16",
        "numjobs" : "1",
        "runtime" : "20"
      },
      "read" : {
        "io_bytes" : 26072842240,
        "io_kbytes" : 25461760,
        "bw_bytes" : 1303511760,
        "bw" : 1272960,
        "iops" : 1243.125687,
        "runtime" : 20002,
        "total_ios" : 24865,
        "short_ios" : 0,
        "drop_ios" : 0,
        "slat_ns" : {
          "min" : 15303,
          "max" : 3340607,
          "mean" : 800194.285180,
          "stddev" : 855222.199655,
          "N" : 24865
        },
        "clat_ns" : {
          "min" : 531527,
          "max" : 14518503,
          "mean" : 12062004.922019,
          "stddev" : 944424.012832,
          "N" : 24865,
          "percentile" : {
            "1.000000" : 10289152,
            "5.000000" : 10551296,
            "10.000000" : 10813440,
            "20.000000" : 11075584,
            "30.000000" : 11337728,
            "40.000000" : 11730944,
            "50.000000" : 12386304,
            "60.000000" : 12517376,
            "70.000000" : 12779520,
            "80.000000" : 12910592,
            "90.000000" : 13172736,
            "95.000000" : 13303808,
            "99.000000" : 13697024,
            "99.500000" : 13828096,
            "99.900000" : 14090240,
            "99.950000" : 14221312,
            "99.990000" : 14352384
          }
        },
        "lat_ns" : {
          "min" : 2177674,
          "max" : 14981757,
          "mean" : 12862199.207199,
          "stddev" : 434258.687136,
          "N" : 24865
        },
        "bw_min" : 1179337,
        "bw_max" : 1320960,
        "bw_agg" : 100.000000,
        "bw_mean" : 1273217.871795,
        "bw_dev" : 23487.959599,
        "bw_samples" : 39,
        "iops_min" : 1151,
        "iops_max" : 1290,
        "iops_mean" : 1243.358974,
        "iops_stddev" : 23.010852,
        "iops_samples" : 39
      },
      "write" : {
        "io_bytes" : 0,
        "io_kbytes" : 0,
        "bw_bytes" : 0,
        "bw" : 0,
        "iops" : 0.000000,
        "runtime" : 0,
        "total_ios" : 0,
        "short_ios" : 0,
        "drop_ios" : 0,
        "slat_ns" : {
          "min" : 0,
          "max" : 0,
          "mean" : 0.000000,
          "stddev" : 0.000000,
          "N" : 0
        },
        "clat_ns" : {
          "min" : 0,
          "max" : 0,
          "mean" : 0.000000,
          "stddev" : 0.000000,
          "N" : 0
        },
        "lat_ns" : {
          "min" : 0,
          "max" : 0,
          "mean" : 0.000000,
          "stddev" : 0.000000,
          "N" : 0
        },
        "bw_min" : 0,
        "bw_max" : 0,
        "bw_agg" : 0.000000,
        "bw_mean" : 0.000000,
        "bw_dev" : 0.000000,
        "bw_samples" : 0,
        "iops_min" : 0,
        "iops_max" : 0,
        "iops_mean" : 0.000000,
        "iops_stddev" : 0.000000,
        "iops_samples" : 0
      },
      "trim" : {
        "io_bytes" : 0,
        "io_kbytes" : 0,
        "bw_bytes" : 0,
        "bw" : 0,
        "iops" : 0.000000,
        "runtime" : 0,
        "total_ios" : 0,
        "short_ios" : 0,
        "drop_ios" : 0,
        "slat_ns" : {
          "min" : 0,
          "max" : 0,
          "mean" : 0.000000,
          "stddev" : 0.000000,
          "N" : 0
        },
        "clat_ns" : {
          "min" : 0,
          "max" : 0,
          "mean" : 0.000000,
          "stddev" : 0.000000,
          "N" : 0
        },
        "lat_ns" : {
          "min" : 0,
          "max" : 0,
          "mean" : 0.000000,
          "stddev" : 0.000000,
          "N" : 0
        },
        "bw_min" : 0,
        "bw_max" : 0,
        "bw_agg" : 0.000000,
        "bw_mean" : 0.000000,
        "bw_dev" : 0.000000,
        "bw_samples" : 0,
        "iops_min" : 0,
        "iops_max" : 0,
        "iops_mean" : 0.000000,
        "iops_stddev" : 0.000000,
        "iops_samples" : 0
      },
      "sync" : {
        "total_ios" : 0,
        "lat_ns" : {
          "min" : 0,
          "max" : 0,
          "mean" : 0.000000,
          "stddev" : 0.000000,
          "N" : 0
        }
      },
      "job_runtime" : 20001,
      "usr_cpu" : 0.339983,
      "sys_cpu" : 13.364332,
      "ctx" : 45791,
      "majf" : 0,
      "minf" : 4106,
      "iodepth_level" : {
        "1" : 0.100000,
        "2" : 0.100000,
        "4" : 0.100000,
        "8" : 0.100000,
        "16" : 99.939674,
        "32" : 0.000000,
        ">=64" : 0.000000
      },
      "iodepth_submit" : {
        "0" : 0.000000,
        "4" : 100.000000,
        "8" : 0.000000,
        "16" : 0.000000,
        "32" : 0.000000,
        "64" : 0.000000,
        ">=64" : 0.000000
      },
      "iodepth_complete" : {
        "0" : 0.000000,
        "4" : 99.995976,
        "8" : 0.000000,
        "16" : 0.100000,
        "32" : 0.000000,
        "64" : 0.000000,
        ">=64" : 0.000000
      },
      "latency_ns" : {
        "2" : 0.000000,
        "4" : 0.000000,
        "10" : 0.000000,
        "20" : 0.000000,
        "50" : 0.000000,
        "100" : 0.000000,
        "250" : 0.000000,
        "500" : 0.000000,
        "750" : 0.000000,
        "1000" : 0.000000
      },
      "latency_us" : {
        "2" : 0.000000,
        "4" : 0.000000,
        "10" : 0.000000,
        "20" : 0.000000,
        "50" : 0.000000,
        "100" : 0.000000,
        "250" : 0.000000,
        "500" : 0.000000,
        "750" : 0.010000,
        "1000" : 0.000000
      },
      "latency_ms" : {
        "2" : 0.000000,
        "4" : 0.010000,
        "10" : 0.184999,
        "20" : 99.806958,
        "50" : 0.000000,
        "100" : 0.000000,
        "250" : 0.000000,
        "500" : 0.000000,
        "750" : 0.000000,
        "1000" : 0.000000,
        "2000" : 0.000000,
        ">=2000" : 0.000000
      },
      "latency_depth" : 16,
      "latency_target" : 0,
      "latency_percentile" : 100.000000,
      "latency_window" : 0
    }
  ],
  "disk_util" : [
    {
      "name" : "vdb",
      "read_ios" : 2805967,
      "write_ios" : 4,
      "read_merges" : 0,
      "write_merges" : 0,
      "read_ticks" : 2438192,
      "write_ticks" : 2,
      "in_queue" : 2438195,
      "util" : 99.569613
    }
  ]
}
