{
  "fio version" : "fio-3.33",
  "timestamp" : 1778439803,
  "timestamp_ms" : 1778439803228,
  "time" : "Sun May 10 19:03:23 2026",
  "jobs" : [
    {
      "jobname" : "diskio",
      "groupid" : 0,
      "error" : 0,
      "eta" : 0,
      "elapsed" : 21,
      "job options" : {
        "name" : "diskio",
        "filename" : "/tmp/fio-testfile",
        "size" : "2G",
        "rw" : "write",
        "bs" : "64k",
        "direct" : "1",
        "ioengine" : "libaio",
        "iodepth" : "16",
        "numjobs" : "1",
        "runtime" : "20"
      },
      "read" : {
        "io_bytes" : 0,
        "io_kbytes" : 0,
        "bw_bytes" : 0,
        "bw" : 0,
        "iops" : 0.000000,
        "runtime" : 0,
        "total_ios" : 0,
        "short_ios" : 0,
        "drop_ios" : 0,
        "slat_ns" : {
          "min" : 0,
          "max" : 0,
          "mean" : 0.000000,
          "stddev" : 0.000000,
          "N" : 0
        },
        "clat_ns" : {
          "min" : 0,
          "max" : 0,
          "mean" : 0.000000,
          "stddev" : 0.000000,
          "N" : 0
        },
        "lat_ns" : {
          "min" : 0,
          "max" : 0,
          "mean" : 0.000000,
          "stddev" : 0.000000,
          "N" : 0
        },
        "bw_min" : 0,
        "bw_max" : 0,
        "bw_agg" : 0.000000,
        "bw_mean" : 0.000000,
        "bw_dev" : 0.000000,
        "bw_samples" : 0,
        "iops_min" : 0,
        "iops_max" : 0,
        "iops_mean" : 0.000000,
        "iops_stddev" : 0.000000,
        "iops_samples" : 0
      },
      "write" : {
        "io_bytes" : 8594391040,
        "io_kbytes" : 8392960,
        "bw_bytes" : 429698067,
        "bw" : 419627,
        "iops" : 6556.672166,
        "runtime" : 20001,
        "total_ios" : 131140,
        "short_ios" : 0,
        "drop_ios" : 0,
        "slat_ns" : {
          "min" : 7841,
          "max" : 323793663,
          "mean" : 150680.287449,
          "stddev" : 1724176.082691,
          "N" : 131140
        },
        "clat_ns" : {
          "min" : 409414,
          "max" : 325825672,
          "mean" : 2288528.586915,
          "stddev" : 6633050.252197,
          "N" : 131140,
          "percentile" : {
            "1.000000" : 1368064,
            "5.000000" : 1466368,
            "10.000000" : 1564672,
            "20.000000" : 1777664,
            "30.000000" : 1843200,
            "40.000000" : 1908736,
            "50.000000" : 1957888,
            "60.000000" : 2007040,
            "70.000000" : 2056192,
            "80.000000" : 2146304,
            "90.000000" : 2244608,
            "95.000000" : 2310144,
            "99.000000" : 2441216,
            "99.500000" : 25034752,
            "99.900000" : 83361792,
            "99.950000" : 193986560,
            "99.990000" : 325058560
          }
        },
        "lat_ns" : {
          "min" : 943018,
          "max" : 325876677,
          "mean" : 2439208.874363,
          "stddev" : 6847322.682615,
          "N" : 131140
        },
        "bw_min" : 55040,
        "bw_max" : 515200,
        "bw_agg" : 100.000000,
        "bw_mean" : 427598.769231,
        "bw_dev" : 148379.554018,
        "bw_samples" : 39,
        "iops_min" : 860,
        "iops_max" : 8050,
        "iops_mean" : 6681.230769,
        "iops_stddev" : 2318.430532,
        "iops_samples" : 39
      },
      "trim" : {
        "io_bytes" : 0,
        "io_kbytes" : 0,
        "bw_bytes" : 0,
        "bw" : 0,
        "iops" : 0.000000,
        "runtime" : 0,
        "total_ios" : 0,
        "short_ios" : 0,
        "drop_ios" : 0,
        "slat_ns" : {
          "min" : 0,
          "max" : 0,
          "mean" : 0.000000,
          "stddev" : 0.000000,
          "N" : 0
        },
        "clat_ns" : {
          "min" : 0,
          "max" : 0,
          "mean" : 0.000000,
          "stddev" : 0.000000,
          "N" : 0
        },
        "lat_ns" : {
          "min" : 0,
          "max" : 0,
          "mean" : 0.000000,
          "stddev" : 0.000000,
          "N" : 0
        },
        "bw_min" : 0,
        "bw_max" : 0,
        "bw_agg" : 0.000000,
        "bw_mean" : 0.000000,
        "bw_dev" : 0.000000,
        "bw_samples" : 0,
        "iops_min" : 0,
        "iops_max" : 0,
        "iops_mean" : 0.000000,
        "iops_stddev" : 0.000000,
        "iops_samples" : 0
      },
      "sync" : {
        "total_ios" : 0,
        "lat_ns" : {
          "min" : 0,
          "max" : 0,
          "mean" : 0.000000,
          "stddev" : 0.000000,
          "N" : 0
        }
      },
      "job_runtime" : 20000,
      "usr_cpu" : 1.825000,
      "sys_cpu" : 16.860000,
      "ctx" : 60128,
      "majf" : 0,
      "minf" : 12,
      "iodepth_level" : {
        "1" : 0.100000,
        "2" : 0.100000,
        "4" : 0.100000,
        "8" : 0.100000,
        "16" : 99.988562,
        "32" : 0.000000,
        ">=64" : 0.000000
      },
      "iodepth_submit" : {
        "0" : 0.000000,
        "4" : 100.000000,
        "8" : 0.000000,
        "16" : 0.000000,
        "32" : 0.000000,
        "64" : 0.000000,
        ">=64" : 0.000000
      },
      "iodepth_complete" : {
        "0" : 0.000000,
        "4" : 99.999237,
        "8" : 0.000000,
        "16" : 0.100000,
        "32" : 0.000000,
        "64" : 0.000000,
        ">=64" : 0.000000
      },
      "latency_ns" : {
        "2" : 0.000000,
        "4" : 0.000000,
        "10" : 0.000000,
        "20" : 0.000000,
        "50" : 0.000000,
        "100" : 0.000000,
        "250" : 0.000000,
        "500" : 0.000000,
        "750" : 0.000000,
        "1000" : 0.000000
      },
      "latency_us" : {
        "2" : 0.000000,
        "4" : 0.000000,
        "10" : 0.000000,
        "20" : 0.000000,
        "50" : 0.000000,
        "100" : 0.000000,
        "250" : 0.000000,
        "500" : 0.010000,
        "750" : 0.000000,
        "1000" : 0.010000
      },
      "latency_ms" : {
        "2" : 58.672411,
        "4" : 40.707641,
        "10" : 0.010000,
        "20" : 0.073204,
        "50" : 0.335519,
        "100" : 0.110569,
        "250" : 0.080067,
        "500" : 0.011438,
        "750" : 0.000000,
        "1000" : 0.000000,
        "2000" : 0.000000,
        ">=2000" : 0.000000
      },
      "latency_depth" : 16,
      "latency_target" : 0,
      "latency_percentile" : 100.000000,
      "latency_window" : 0
    }
  ],
  "disk_util" : [
    {
      "name" : "vdb",
      "read_ios" : 0,
      "write_ios" : 2094029,
      "read_merges" : 0,
      "write_merges" : 0,
      "read_ticks" : 0,
      "write_ticks" : 2329864,
      "in_queue" : 2329863,
      "util" : 99.574596
    }
  ]
}
