{
  "fio version" : "fio-3.33",
  "timestamp" : 1778440024,
  "timestamp_ms" : 1778440024457,
  "time" : "Sun May 10 19:07:04 2026",
  "jobs" : [
    {
      "jobname" : "diskio",
      "groupid" : 0,
      "error" : 0,
      "eta" : 0,
      "elapsed" : 21,
      "job options" : {
        "name" : "diskio",
        "filename" : "/tmp/fio-testfile",
        "size" : "2G",
        "rw" : "read",
        "bs" : "256k",
        "direct" : "1",
        "ioengine" : "libaio",
        "iodepth" : "16",
        "numjobs" : "1",
        "runtime" : "20"
      },
      "read" : {
        "io_bytes" : 11419516928,
        "io_kbytes" : 11151872,
        "bw_bytes" : 570947299,
        "bw" : 557565,
        "iops" : 2177.991100,
        "runtime" : 20001,
        "total_ios" : 43562,
        "short_ios" : 0,
        "drop_ios" : 0,
        "slat_ns" : {
          "min" : 31354,
          "max" : 2656885621,
          "mean" : 456030.428768,
          "stddev" : 12728764.081494,
          "N" : 43562
        },
        "clat_ns" : {
          "min" : 428276,
          "max" : 2664744819,
          "mean" : 6094462.293214,
          "stddev" : 18016124.778113,
          "N" : 43562,
          "percentile" : {
            "1.000000" : 5603328,
            "5.000000" : 5668864,
            "10.000000" : 5734400,
            "20.000000" : 5799936,
            "30.000000" : 5799936,
            "40.000000" : 5865472,
            "50.000000" : 5931008,
            "60.000000" : 5996544,
            "70.000000" : 6062080,
            "80.000000" : 6127616,
            "90.000000" : 6258688,
            "95.000000" : 6389760,
            "99.000000" : 6586368,
            "99.500000" : 6914048,
            "99.900000" : 8224768,
            "99.950000" : 8454144,
            "99.990000" : 8847360
          }
        },
        "lat_ns" : {
          "min" : 890592,
          "max" : 2665205190,
          "mean" : 6550492.721982,
          "stddev" : 22063334.632408,
          "N" : 43562
        },
        "bw_min" : 402432,
        "bw_max" : 656384,
        "bw_agg" : 100.000000,
        "bw_mean" : 637259.294118,
        "bw_dev" : 42201.572149,
        "bw_samples" : 34,
        "iops_min" : 1572,
        "iops_max" : 2564,
        "iops_mean" : 2489.294118,
        "iops_stddev" : 164.849891,
        "iops_samples" : 34
      },
      "write" : {
        "io_bytes" : 0,
        "io_kbytes" : 0,
        "bw_bytes" : 0,
        "bw" : 0,
        "iops" : 0.000000,
        "runtime" : 0,
        "total_ios" : 0,
        "short_ios" : 0,
        "drop_ios" : 0,
        "slat_ns" : {
          "min" : 0,
          "max" : 0,
          "mean" : 0.000000,
          "stddev" : 0.000000,
          "N" : 0
        },
        "clat_ns" : {
          "min" : 0,
          "max" : 0,
          "mean" : 0.000000,
          "stddev" : 0.000000,
          "N" : 0
        },
        "lat_ns" : {
          "min" : 0,
          "max" : 0,
          "mean" : 0.000000,
          "stddev" : 0.000000,
          "N" : 0
        },
        "bw_min" : 0,
        "bw_max" : 0,
        "bw_agg" : 0.000000,
        "bw_mean" : 0.000000,
        "bw_dev" : 0.000000,
        "bw_samples" : 0,
        "iops_min" : 0,
        "iops_max" : 0,
        "iops_mean" : 0.000000,
        "iops_stddev" : 0.000000,
        "iops_samples" : 0
      },
      "trim" : {
        "io_bytes" : 0,
        "io_kbytes" : 0,
        "bw_bytes" : 0,
        "bw" : 0,
        "iops" : 0.000000,
        "runtime" : 0,
        "total_ios" : 0,
        "short_ios" : 0,
        "drop_ios" : 0,
        "slat_ns" : {
          "min" : 0,
          "max" : 0,
          "mean" : 0.000000,
          "stddev" : 0.000000,
          "N" : 0
        },
        "clat_ns" : {
          "min" : 0,
          "max" : 0,
          "mean" : 0.000000,
          "stddev" : 0.000000,
          "N" : 0
        },
        "lat_ns" : {
          "min" : 0,
          "max" : 0,
          "mean" : 0.000000,
          "stddev" : 0.000000,
          "N" : 0
        },
        "bw_min" : 0,
        "bw_max" : 0,
        "bw_agg" : 0.000000,
        "bw_mean" : 0.000000,
        "bw_dev" : 0.000000,
        "bw_samples" : 0,
        "iops_min" : 0,
        "iops_max" : 0,
        "iops_mean" : 0.000000,
        "iops_stddev" : 0.000000,
        "iops_samples" : 0
      },
      "sync" : {
        "total_ios" : 0,
        "lat_ns" : {
          "min" : 0,
          "max" : 0,
          "mean" : 0.000000,
          "stddev" : 0.000000,
          "N" : 0
        }
      },
      "job_runtime" : 20000,
      "usr_cpu" : 0.480000,
      "sys_cpu" : 12.870000,
      "ctx" : 54668,
      "majf" : 0,
      "minf" : 1036,
      "iodepth_level" : {
        "1" : 0.100000,
        "2" : 0.100000,
        "4" : 0.100000,
        "8" : 0.100000,
        "16" : 99.965566,
        "32" : 0.000000,
        ">=64" : 0.000000
      },
      "iodepth_submit" : {
        "0" : 0.000000,
        "4" : 100.000000,
        "8" : 0.000000,
        "16" : 0.000000,
        "32" : 0.000000,
        "64" : 0.000000,
        ">=64" : 0.000000
      },
      "iodepth_complete" : {
        "0" : 0.000000,
        "4" : 99.997704,
        "8" : 0.000000,
        "16" : 0.100000,
        "32" : 0.000000,
        "64" : 0.000000,
        ">=64" : 0.000000
      },
      "latency_ns" : {
        "2" : 0.000000,
        "4" : 0.000000,
        "10" : 0.000000,
        "20" : 0.000000,
        "50" : 0.000000,
        "100" : 0.000000,
        "250" : 0.000000,
        "500" : 0.000000,
        "750" : 0.000000,
        "1000" : 0.000000
      },
      "latency_us" : {
        "2" : 0.000000,
        "4" : 0.000000,
        "10" : 0.000000,
        "20" : 0.000000,
        "50" : 0.000000,
        "100" : 0.000000,
        "250" : 0.000000,
        "500" : 0.010000,
        "750" : 0.000000,
        "1000" : 0.010000
      },
      "latency_ms" : {
        "2" : 0.010000,
        "4" : 0.011478,
        "10" : 99.974749,
        "20" : 0.000000,
        "50" : 0.000000,
        "100" : 0.000000,
        "250" : 0.000000,
        "500" : 0.000000,
        "750" : 0.000000,
        "1000" : 0.000000,
        "2000" : 0.000000,
        ">=2000" : 0.010000
      },
      "latency_depth" : 16,
      "latency_target" : 0,
      "latency_percentile" : 100.000000,
      "latency_window" : 0
    }
  ],
  "disk_util" : [
    {
      "name" : "vdb",
      "read_ios" : 2757452,
      "write_ios" : 4,
      "read_merges" : 0,
      "write_merges" : 0,
      "read_ticks" : 2421823,
      "write_ticks" : 2,
      "in_queue" : 2421825,
      "util" : 99.564630
    }
  ]
}
