{
  "fio version" : "fio-3.33",
  "timestamp" : 1778440142,
  "timestamp_ms" : 1778440142421,
  "time" : "Sun May 10 19:09:02 2026",
  "jobs" : [
    {
      "jobname" : "diskio",
      "groupid" : 0,
      "error" : 0,
      "eta" : 0,
      "elapsed" : 21,
      "job options" : {
        "name" : "diskio",
        "filename" : "/tmp/fio-testfile",
        "size" : "2G",
        "rw" : "write",
        "bs" : "256k",
        "direct" : "1",
        "ioengine" : "libaio",
        "iodepth" : "16",
        "numjobs" : "1",
        "runtime" : "20"
      },
      "read" : {
        "io_bytes" : 0,
        "io_kbytes" : 0,
        "bw_bytes" : 0,
        "bw" : 0,
        "iops" : 0.000000,
        "runtime" : 0,
        "total_ios" : 0,
        "short_ios" : 0,
        "drop_ios" : 0,
        "slat_ns" : {
          "min" : 0,
          "max" : 0,
          "mean" : 0.000000,
          "stddev" : 0.000000,
          "N" : 0
        },
        "clat_ns" : {
          "min" : 0,
          "max" : 0,
          "mean" : 0.000000,
          "stddev" : 0.000000,
          "N" : 0
        },
        "lat_ns" : {
          "min" : 0,
          "max" : 0,
          "mean" : 0.000000,
          "stddev" : 0.000000,
          "N" : 0
        },
        "bw_min" : 0,
        "bw_max" : 0,
        "bw_agg" : 0.000000,
        "bw_mean" : 0.000000,
        "bw_dev" : 0.000000,
        "bw_samples" : 0,
        "iops_min" : 0,
        "iops_max" : 0,
        "iops_mean" : 0.000000,
        "iops_stddev" : 0.000000,
        "iops_samples" : 0
      },
      "write" : {
        "io_bytes" : 8372879360,
        "io_kbytes" : 8176640,
        "bw_bytes" : 417912620,
        "bw" : 408117,
        "iops" : 1594.210132,
        "runtime" : 20035,
        "total_ios" : 31940,
        "short_ios" : 0,
        "drop_ios" : 0,
        "slat_ns" : {
          "min" : 8481,
          "max" : 477015,
          "mean" : 35460.498622,
          "stddev" : 30873.824164,
          "N" : 31940
        },
        "clat_ns" : {
          "min" : 794776,
          "max" : 103288218,
          "mean" : 9998109.675830,
          "stddev" : 13432065.220053,
          "N" : 31940,
          "percentile" : {
            "1.000000" : 1089536,
            "5.000000" : 1204224,
            "10.000000" : 1302528,
            "20.000000" : 1417216,
            "30.000000" : 1515520,
            "40.000000" : 1761280,
            "50.000000" : 2146304,
            "60.000000" : 8978432,
            "70.000000" : 11337728,
            "80.000000" : 18481152,
            "90.000000" : 28704768,
            "95.000000" : 36438016,
            "99.000000" : 61603840,
            "99.500000" : 67633152,
            "99.900000" : 82313216,
            "99.950000" : 92798976,
            "99.990000" : 99090432
          }
        },
        "lat_ns" : {
          "min" : 894561,
          "max" : 103320133,
          "mean" : 10033570.174452,
          "stddev" : 13437365.348941,
          "N" : 31940
        },
        "bw_min" : 92672,
        "bw_max" : 2463744,
        "bw_agg" : 100.000000,
        "bw_mean" : 408640.000000,
        "bw_dev" : 591050.135090,
        "bw_samples" : 40,
        "iops_min" : 362,
        "iops_max" : 9624,
        "iops_mean" : 1596.250000,
        "iops_stddev" : 2308.789590,
        "iops_samples" : 40
      },
      "trim" : {
        "io_bytes" : 0,
        "io_kbytes" : 0,
        "bw_bytes" : 0,
        "bw" : 0,
        "iops" : 0.000000,
        "runtime" : 0,
        "total_ios" : 0,
        "short_ios" : 0,
        "drop_ios" : 0,
        "slat_ns" : {
          "min" : 0,
          "max" : 0,
          "mean" : 0.000000,
          "stddev" : 0.000000,
          "N" : 0
        },
        "clat_ns" : {
          "min" : 0,
          "max" : 0,
          "mean" : 0.000000,
          "stddev" : 0.000000,
          "N" : 0
        },
        "lat_ns" : {
          "min" : 0,
          "max" : 0,
          "mean" : 0.000000,
          "stddev" : 0.000000,
          "N" : 0
        },
        "bw_min" : 0,
        "bw_max" : 0,
        "bw_agg" : 0.000000,
        "bw_mean" : 0.000000,
        "bw_dev" : 0.000000,
        "bw_samples" : 0,
        "iops_min" : 0,
        "iops_max" : 0,
        "iops_mean" : 0.000000,
        "iops_stddev" : 0.000000,
        "iops_samples" : 0
      },
      "sync" : {
        "total_ios" : 0,
        "lat_ns" : {
          "min" : 0,
          "max" : 0,
          "mean" : 0.000000,
          "stddev" : 0.000000,
          "N" : 0
        }
      },
      "job_runtime" : 20034,
      "usr_cpu" : 1.766996,
      "sys_cpu" : 3.044824,
      "ctx" : 14543,
      "majf" : 0,
      "minf" : 12,
      "iodepth_level" : {
        "1" : 0.100000,
        "2" : 0.100000,
        "4" : 0.100000,
        "8" : 0.100000,
        "16" : 99.953037,
        "32" : 0.000000,
        ">=64" : 0.000000
      },
      "iodepth_submit" : {
        "0" : 0.000000,
        "4" : 100.000000,
        "8" : 0.000000,
        "16" : 0.000000,
        "32" : 0.000000,
        "64" : 0.000000,
        ">=64" : 0.000000
      },
      "iodepth_complete" : {
        "0" : 0.000000,
        "4" : 99.996868,
        "8" : 0.000000,
        "16" : 0.100000,
        "32" : 0.000000,
        "64" : 0.000000,
        ">=64" : 0.000000
      },
      "latency_ns" : {
        "2" : 0.000000,
        "4" : 0.000000,
        "10" : 0.000000,
        "20" : 0.000000,
        "50" : 0.000000,
        "100" : 0.000000,
        "250" : 0.000000,
        "500" : 0.000000,
        "750" : 0.000000,
        "1000" : 0.000000
      },
      "latency_us" : {
        "2" : 0.000000,
        "4" : 0.000000,
        "10" : 0.000000,
        "20" : 0.000000,
        "50" : 0.000000,
        "100" : 0.000000,
        "250" : 0.000000,
        "500" : 0.000000,
        "750" : 0.000000,
        "1000" : 0.184721
      },
      "latency_ms" : {
        "2" : 45.676268,
        "4" : 12.767689,
        "10" : 5.169067,
        "20" : 17.291797,
        "50" : 16.487163,
        "100" : 2.417032,
        "250" : 0.010000,
        "500" : 0.000000,
        "750" : 0.000000,
        "1000" : 0.000000,
        "2000" : 0.000000,
        ">=2000" : 0.000000
      },
      "latency_depth" : 16,
      "latency_target" : 0,
      "latency_percentile" : 100.000000,
      "latency_window" : 0
    }
  ],
  "disk_util" : [
    {
      "name" : "vdb",
      "read_ios" : 0,
      "write_ios" : 227106,
      "read_merges" : 0,
      "write_merges" : 0,
      "read_ticks" : 0,
      "write_ticks" : 2047086,
      "in_queue" : 2047087,
      "util" : 99.509460
    }
  ]
}
