{
  "fio version" : "fio-3.33",
  "timestamp" : 1778439968,
  "timestamp_ms" : 1778439968175,
  "time" : "Sun May 10 19:06:08 2026",
  "jobs" : [
    {
      "jobname" : "diskio",
      "groupid" : 0,
      "error" : 0,
      "eta" : 0,
      "elapsed" : 21,
      "job options" : {
        "name" : "diskio",
        "filename" : "/tmp/fio-testfile",
        "size" : "2G",
        "rw" : "randwrite",
        "bs" : "64k",
        "direct" : "1",
        "ioengine" : "libaio",
        "iodepth" : "16",
        "numjobs" : "1",
        "runtime" : "20"
      },
      "read" : {
        "io_bytes" : 0,
        "io_kbytes" : 0,
        "bw_bytes" : 0,
        "bw" : 0,
        "iops" : 0.000000,
        "runtime" : 0,
        "total_ios" : 0,
        "short_ios" : 0,
        "drop_ios" : 0,
        "slat_ns" : {
          "min" : 0,
          "max" : 0,
          "mean" : 0.000000,
          "stddev" : 0.000000,
          "N" : 0
        },
        "clat_ns" : {
          "min" : 0,
          "max" : 0,
          "mean" : 0.000000,
          "stddev" : 0.000000,
          "N" : 0
        },
        "lat_ns" : {
          "min" : 0,
          "max" : 0,
          "mean" : 0.000000,
          "stddev" : 0.000000,
          "N" : 0
        },
        "bw_min" : 0,
        "bw_max" : 0,
        "bw_agg" : 0.000000,
        "bw_mean" : 0.000000,
        "bw_dev" : 0.000000,
        "bw_samples" : 0,
        "iops_min" : 0,
        "iops_max" : 0,
        "iops_mean" : 0.000000,
        "iops_stddev" : 0.000000,
        "iops_samples" : 0
      },
      "write" : {
        "io_bytes" : 6627983360,
        "io_kbytes" : 6472640,
        "bw_bytes" : 331299778,
        "bw" : 323534,
        "iops" : 5055.233430,
        "runtime" : 20006,
        "total_ios" : 101135,
        "short_ios" : 0,
        "drop_ios" : 0,
        "slat_ns" : {
          "min" : 3151,
          "max" : 350366,
          "mean" : 7386.807396,
          "stddev" : 8382.365765,
          "N" : 101135
        },
        "clat_ns" : {
          "min" : 105786,
          "max" : 197636401,
          "mean" : 3156752.508024,
          "stddev" : 8857545.928733,
          "N" : 101135,
          "percentile" : {
            "1.000000" : 577536,
            "5.000000" : 602112,
            "10.000000" : 618496,
            "20.000000" : 643072,
            "30.000000" : 659456,
            "40.000000" : 675840,
            "50.000000" : 692224,
            "60.000000" : 724992,
            "70.000000" : 774144,
            "80.000000" : 929792,
            "90.000000" : 9371648,
            "95.000000" : 17694720,
            "99.000000" : 39583744,
            "99.500000" : 47972352,
            "99.900000" : 88604672,
            "99.950000" : 123207680,
            "99.990000" : 198180864
          }
        },
        "lat_ns" : {
          "min" : 163176,
          "max" : 197643332,
          "mean" : 3164139.315420,
          "stddev" : 8857535.916536,
          "N" : 101135
        },
        "bw_min" : 51200,
        "bw_max" : 1484800,
        "bw_agg" : 100.000000,
        "bw_mean" : 329386.538462,
        "bw_dev" : 403471.893860,
        "bw_samples" : 39,
        "iops_min" : 800,
        "iops_max" : 23200,
        "iops_mean" : 5146.641026,
        "iops_stddev" : 6304.179510,
        "iops_samples" : 39
      },
      "trim" : {
        "io_bytes" : 0,
        "io_kbytes" : 0,
        "bw_bytes" : 0,
        "bw" : 0,
        "iops" : 0.000000,
        "runtime" : 0,
        "total_ios" : 0,
        "short_ios" : 0,
        "drop_ios" : 0,
        "slat_ns" : {
          "min" : 0,
          "max" : 0,
          "mean" : 0.000000,
          "stddev" : 0.000000,
          "N" : 0
        },
        "clat_ns" : {
          "min" : 0,
          "max" : 0,
          "mean" : 0.000000,
          "stddev" : 0.000000,
          "N" : 0
        },
        "lat_ns" : {
          "min" : 0,
          "max" : 0,
          "mean" : 0.000000,
          "stddev" : 0.000000,
          "N" : 0
        },
        "bw_min" : 0,
        "bw_max" : 0,
        "bw_agg" : 0.000000,
        "bw_mean" : 0.000000,
        "bw_dev" : 0.000000,
        "bw_samples" : 0,
        "iops_min" : 0,
        "iops_max" : 0,
        "iops_mean" : 0.000000,
        "iops_stddev" : 0.000000,
        "iops_samples" : 0
      },
      "sync" : {
        "total_ios" : 0,
        "lat_ns" : {
          "min" : 0,
          "max" : 0,
          "mean" : 0.000000,
          "stddev" : 0.000000,
          "N" : 0
        }
      },
      "job_runtime" : 20005,
      "usr_cpu" : 2.224444,
      "sys_cpu" : 2.404399,
      "ctx" : 6336,
      "majf" : 0,
      "minf" : 10,
      "iodepth_level" : {
        "1" : 0.100000,
        "2" : 0.100000,
        "4" : 0.100000,
        "8" : 0.100000,
        "16" : 99.985168,
        "32" : 0.000000,
        ">=64" : 0.000000
      },
      "iodepth_submit" : {
        "0" : 0.000000,
        "4" : 100.000000,
        "8" : 0.000000,
        "16" : 0.000000,
        "32" : 0.000000,
        "64" : 0.000000,
        ">=64" : 0.000000
      },
      "iodepth_complete" : {
        "0" : 0.000000,
        "4" : 99.999011,
        "8" : 0.000000,
        "16" : 0.100000,
        "32" : 0.000000,
        "64" : 0.000000,
        ">=64" : 0.000000
      },
      "latency_ns" : {
        "2" : 0.000000,
        "4" : 0.000000,
        "10" : 0.000000,
        "20" : 0.000000,
        "50" : 0.000000,
        "100" : 0.000000,
        "250" : 0.000000,
        "500" : 0.000000,
        "750" : 0.000000,
        "1000" : 0.000000
      },
      "latency_us" : {
        "2" : 0.000000,
        "4" : 0.000000,
        "10" : 0.000000,
        "20" : 0.000000,
        "50" : 0.000000,
        "100" : 0.000000,
        "250" : 0.010000,
        "500" : 0.013843,
        "750" : 66.135364,
        "1000" : 15.634548
      },
      "latency_ms" : {
        "2" : 6.551639,
        "4" : 0.046473,
        "10" : 2.224749,
        "20" : 4.834133,
        "50" : 4.141988,
        "100" : 0.332229,
        "250" : 0.079102,
        "500" : 0.000000,
        "750" : 0.000000,
        "1000" : 0.000000,
        "2000" : 0.000000,
        ">=2000" : 0.000000
      },
      "latency_depth" : 16,
      "latency_target" : 0,
      "latency_percentile" : 100.000000,
      "latency_window" : 0
    }
  ],
  "disk_util" : [
    {
      "name" : "vdb",
      "read_ios" : 0,
      "write_ios" : 284169,
      "read_merges" : 0,
      "write_merges" : 0,
      "read_ticks" : 0,
      "write_ticks" : 862698,
      "in_queue" : 862698,
      "util" : 97.837405
    }
  ]
}
