{
  "fio version" : "fio-3.33",
  "timestamp" : 1778439707,
  "timestamp_ms" : 1778439707690,
  "time" : "Sun May 10 19:01:47 2026",
  "jobs" : [
    {
      "jobname" : "diskio",
      "groupid" : 0,
      "error" : 0,
      "eta" : 0,
      "elapsed" : 21,
      "job options" : {
        "name" : "diskio",
        "filename" : "/tmp/fio-testfile",
        "size" : "2G",
        "rw" : "randwrite",
        "bs" : "16k",
        "direct" : "1",
        "ioengine" : "libaio",
        "iodepth" : "16",
        "numjobs" : "1",
        "runtime" : "20"
      },
      "read" : {
        "io_bytes" : 0,
        "io_kbytes" : 0,
        "bw_bytes" : 0,
        "bw" : 0,
        "iops" : 0.000000,
        "runtime" : 0,
        "total_ios" : 0,
        "short_ios" : 0,
        "drop_ios" : 0,
        "slat_ns" : {
          "min" : 0,
          "max" : 0,
          "mean" : 0.000000,
          "stddev" : 0.000000,
          "N" : 0
        },
        "clat_ns" : {
          "min" : 0,
          "max" : 0,
          "mean" : 0.000000,
          "stddev" : 0.000000,
          "N" : 0
        },
        "lat_ns" : {
          "min" : 0,
          "max" : 0,
          "mean" : 0.000000,
          "stddev" : 0.000000,
          "N" : 0
        },
        "bw_min" : 0,
        "bw_max" : 0,
        "bw_agg" : 0.000000,
        "bw_mean" : 0.000000,
        "bw_dev" : 0.000000,
        "bw_samples" : 0,
        "iops_min" : 0,
        "iops_max" : 0,
        "iops_mean" : 0.000000,
        "iops_stddev" : 0.000000,
        "iops_samples" : 0
      },
      "write" : {
        "io_bytes" : 4616978432,
        "io_kbytes" : 4508768,
        "bw_bytes" : 230825839,
        "bw" : 225415,
        "iops" : 14088.491151,
        "runtime" : 20002,
        "total_ios" : 281798,
        "short_ios" : 0,
        "drop_ios" : 0,
        "slat_ns" : {
          "min" : 1830,
          "max" : 281017,
          "mean" : 3957.440518,
          "stddev" : 5124.702104,
          "N" : 281798
        },
        "clat_ns" : {
          "min" : 98555,
          "max" : 755821854,
          "mean" : 1130915.886085,
          "stddev" : 6919963.315861,
          "N" : 281798,
          "percentile" : {
            "1.000000" : 411648,
            "5.000000" : 444416,
            "10.000000" : 456704,
            "20.000000" : 464896,
            "30.000000" : 473088,
            "40.000000" : 481280,
            "50.000000" : 493568,
            "60.000000" : 501760,
            "70.000000" : 518144,
            "80.000000" : 544768,
            "90.000000" : 634880,
            "95.000000" : 913408,
            "99.000000" : 13697024,
            "99.500000" : 16908288,
            "99.900000" : 62128128,
            "99.950000" : 80216064,
            "99.990000" : 164626432
          }
        },
        "lat_ns" : {
          "min" : 133301,
          "max" : 755825255,
          "mean" : 1134873.326603,
          "stddev" : 6920052.795802,
          "N" : 281798
        },
        "bw_min" : 14336,
        "bw_max" : 518656,
        "bw_agg" : 100.000000,
        "bw_mean" : 229427.692308,
        "bw_dev" : 199291.444442,
        "bw_samples" : 39,
        "iops_min" : 896,
        "iops_max" : 32416,
        "iops_mean" : 14339.230769,
        "iops_stddev" : 12455.715278,
        "iops_samples" : 39
      },
      "trim" : {
        "io_bytes" : 0,
        "io_kbytes" : 0,
        "bw_bytes" : 0,
        "bw" : 0,
        "iops" : 0.000000,
        "runtime" : 0,
        "total_ios" : 0,
        "short_ios" : 0,
        "drop_ios" : 0,
        "slat_ns" : {
          "min" : 0,
          "max" : 0,
          "mean" : 0.000000,
          "stddev" : 0.000000,
          "N" : 0
        },
        "clat_ns" : {
          "min" : 0,
          "max" : 0,
          "mean" : 0.000000,
          "stddev" : 0.000000,
          "N" : 0
        },
        "lat_ns" : {
          "min" : 0,
          "max" : 0,
          "mean" : 0.000000,
          "stddev" : 0.000000,
          "N" : 0
        },
        "bw_min" : 0,
        "bw_max" : 0,
        "bw_agg" : 0.000000,
        "bw_mean" : 0.000000,
        "bw_dev" : 0.000000,
        "bw_samples" : 0,
        "iops_min" : 0,
        "iops_max" : 0,
        "iops_mean" : 0.000000,
        "iops_stddev" : 0.000000,
        "iops_samples" : 0
      },
      "sync" : {
        "total_ios" : 0,
        "lat_ns" : {
          "min" : 0,
          "max" : 0,
          "mean" : 0.000000,
          "stddev" : 0.000000,
          "N" : 0
        }
      },
      "job_runtime" : 20001,
      "usr_cpu" : 2.809860,
      "sys_cpu" : 4.909755,
      "ctx" : 17645,
      "majf" : 0,
      "minf" : 11,
      "iodepth_level" : {
        "1" : 0.100000,
        "2" : 0.100000,
        "4" : 0.100000,
        "8" : 0.100000,
        "16" : 99.994677,
        "32" : 0.000000,
        ">=64" : 0.000000
      },
      "iodepth_submit" : {
        "0" : 0.000000,
        "4" : 100.000000,
        "8" : 0.000000,
        "16" : 0.000000,
        "32" : 0.000000,
        "64" : 0.000000,
        ">=64" : 0.000000
      },
      "iodepth_complete" : {
        "0" : 0.000000,
        "4" : 99.999645,
        "8" : 0.000000,
        "16" : 0.100000,
        "32" : 0.000000,
        "64" : 0.000000,
        ">=64" : 0.000000
      },
      "latency_ns" : {
        "2" : 0.000000,
        "4" : 0.000000,
        "10" : 0.000000,
        "20" : 0.000000,
        "50" : 0.000000,
        "100" : 0.000000,
        "250" : 0.000000,
        "500" : 0.000000,
        "750" : 0.000000,
        "1000" : 0.000000
      },
      "latency_us" : {
        "2" : 0.000000,
        "4" : 0.000000,
        "10" : 0.000000,
        "20" : 0.000000,
        "50" : 0.000000,
        "100" : 0.010000,
        "250" : 0.010000,
        "500" : 57.800268,
        "750" : 34.678032,
        "1000" : 2.980149
      },
      "latency_ms" : {
        "2" : 0.196950,
        "4" : 0.010000,
        "10" : 1.930106,
        "20" : 2.055728,
        "50" : 0.198724,
        "100" : 0.119234,
        "250" : 0.022711,
        "500" : 0.000000,
        "750" : 0.000000,
        "1000" : 0.010000,
        "2000" : 0.000000,
        ">=2000" : 0.000000
      },
      "latency_depth" : 16,
      "latency_target" : 0,
      "latency_percentile" : 100.000000,
      "latency_window" : 0
    }
  ],
  "disk_util" : [
    {
      "name" : "vdb",
      "read_ios" : 0,
      "write_ios" : 457355,
      "read_merges" : 0,
      "write_merges" : 0,
      "read_ticks" : 0,
      "write_ticks" : 484298,
      "in_queue" : 484299,
      "util" : 95.800591
    }
  ]
}
