{
  "fio version" : "fio-3.33",
  "timestamp" : 1778440118,
  "timestamp_ms" : 1778440118797,
  "time" : "Sun May 10 19:08:38 2026",
  "jobs" : [
    {
      "jobname" : "diskio",
      "groupid" : 0,
      "error" : 0,
      "eta" : 0,
      "elapsed" : 21,
      "job options" : {
        "name" : "diskio",
        "filename" : "/tmp/fio-testfile",
        "size" : "2G",
        "rw" : "write",
        "bs" : "256k",
        "direct" : "1",
        "ioengine" : "libaio",
        "iodepth" : "16",
        "numjobs" : "1",
        "runtime" : "20"
      },
      "read" : {
        "io_bytes" : 0,
        "io_kbytes" : 0,
        "bw_bytes" : 0,
        "bw" : 0,
        "iops" : 0.000000,
        "runtime" : 0,
        "total_ios" : 0,
        "short_ios" : 0,
        "drop_ios" : 0,
        "slat_ns" : {
          "min" : 0,
          "max" : 0,
          "mean" : 0.000000,
          "stddev" : 0.000000,
          "N" : 0
        },
        "clat_ns" : {
          "min" : 0,
          "max" : 0,
          "mean" : 0.000000,
          "stddev" : 0.000000,
          "N" : 0
        },
        "lat_ns" : {
          "min" : 0,
          "max" : 0,
          "mean" : 0.000000,
          "stddev" : 0.000000,
          "N" : 0
        },
        "bw_min" : 0,
        "bw_max" : 0,
        "bw_agg" : 0.000000,
        "bw_mean" : 0.000000,
        "bw_dev" : 0.000000,
        "bw_samples" : 0,
        "iops_min" : 0,
        "iops_max" : 0,
        "iops_mean" : 0.000000,
        "iops_stddev" : 0.000000,
        "iops_samples" : 0
      },
      "write" : {
        "io_bytes" : 7824474112,
        "io_kbytes" : 7641088,
        "bw_bytes" : 391145476,
        "bw" : 381978,
        "iops" : 1492.101580,
        "runtime" : 20004,
        "total_ios" : 29848,
        "short_ios" : 0,
        "drop_ios" : 0,
        "slat_ns" : {
          "min" : 6992,
          "max" : 86972668,
          "mean" : 347882.170464,
          "stddev" : 2842597.707908,
          "N" : 29848
        },
        "clat_ns" : {
          "min" : 489012,
          "max" : 133012014,
          "mean" : 10373677.746549,
          "stddev" : 14825060.344681,
          "N" : 29848,
          "percentile" : {
            "1.000000" : 1044480,
            "5.000000" : 1220608,
            "10.000000" : 1335296,
            "20.000000" : 1630208,
            "30.000000" : 1859584,
            "40.000000" : 2039808,
            "50.000000" : 2310144,
            "60.000000" : 9109504,
            "70.000000" : 10944512,
            "80.000000" : 13172736,
            "90.000000" : 32899072,
            "95.000000" : 42729472,
            "99.000000" : 64225280,
            "99.500000" : 76021760,
            "99.900000" : 108527616,
            "99.950000" : 112721920,
            "99.990000" : 132644864
          }
        },
        "lat_ns" : {
          "min" : 796650,
          "max" : 133032837,
          "mean" : 10721559.917013,
          "stddev" : 15055011.115521,
          "N" : 29848
        },
        "bw_min" : 73728,
        "bw_max" : 2019328,
        "bw_agg" : 100.000000,
        "bw_mean" : 388647.384615,
        "bw_dev" : 443792.301764,
        "bw_samples" : 39,
        "iops_min" : 288,
        "iops_max" : 7888,
        "iops_mean" : 1518.153846,
        "iops_stddev" : 1733.563679,
        "iops_samples" : 39
      },
      "trim" : {
        "io_bytes" : 0,
        "io_kbytes" : 0,
        "bw_bytes" : 0,
        "bw" : 0,
        "iops" : 0.000000,
        "runtime" : 0,
        "total_ios" : 0,
        "short_ios" : 0,
        "drop_ios" : 0,
        "slat_ns" : {
          "min" : 0,
          "max" : 0,
          "mean" : 0.000000,
          "stddev" : 0.000000,
          "N" : 0
        },
        "clat_ns" : {
          "min" : 0,
          "max" : 0,
          "mean" : 0.000000,
          "stddev" : 0.000000,
          "N" : 0
        },
        "lat_ns" : {
          "min" : 0,
          "max" : 0,
          "mean" : 0.000000,
          "stddev" : 0.000000,
          "N" : 0
        },
        "bw_min" : 0,
        "bw_max" : 0,
        "bw_agg" : 0.000000,
        "bw_mean" : 0.000000,
        "bw_dev" : 0.000000,
        "bw_samples" : 0,
        "iops_min" : 0,
        "iops_max" : 0,
        "iops_mean" : 0.000000,
        "iops_stddev" : 0.000000,
        "iops_samples" : 0
      },
      "sync" : {
        "total_ios" : 0,
        "lat_ns" : {
          "min" : 0,
          "max" : 0,
          "mean" : 0.000000,
          "stddev" : 0.000000,
          "N" : 0
        }
      },
      "job_runtime" : 20003,
      "usr_cpu" : 1.659751,
      "sys_cpu" : 3.599460,
      "ctx" : 10433,
      "majf" : 0,
      "minf" : 11,
      "iodepth_level" : {
        "1" : 0.100000,
        "2" : 0.100000,
        "4" : 0.100000,
        "8" : 0.100000,
        "16" : 99.949745,
        "32" : 0.000000,
        ">=64" : 0.000000
      },
      "iodepth_submit" : {
        "0" : 0.000000,
        "4" : 100.000000,
        "8" : 0.000000,
        "16" : 0.000000,
        "32" : 0.000000,
        "64" : 0.000000,
        ">=64" : 0.000000
      },
      "iodepth_complete" : {
        "0" : 0.000000,
        "4" : 99.996648,
        "8" : 0.000000,
        "16" : 0.100000,
        "32" : 0.000000,
        "64" : 0.000000,
        ">=64" : 0.000000
      },
      "latency_ns" : {
        "2" : 0.000000,
        "4" : 0.000000,
        "10" : 0.000000,
        "20" : 0.000000,
        "50" : 0.000000,
        "100" : 0.000000,
        "250" : 0.000000,
        "500" : 0.000000,
        "750" : 0.000000,
        "1000" : 0.000000
      },
      "latency_us" : {
        "2" : 0.000000,
        "4" : 0.000000,
        "10" : 0.000000,
        "20" : 0.000000,
        "50" : 0.000000,
        "100" : 0.000000,
        "250" : 0.000000,
        "500" : 0.010000,
        "750" : 0.013401,
        "1000" : 0.502546
      },
      "latency_ms" : {
        "2" : 36.967301,
        "4" : 19.646207,
        "10" : 7.494640,
        "20" : 20.038194,
        "50" : 12.379389,
        "100" : 2.774055,
        "250" : 0.180917,
        "500" : 0.000000,
        "750" : 0.000000,
        "1000" : 0.000000,
        "2000" : 0.000000,
        ">=2000" : 0.000000
      },
      "latency_depth" : 16,
      "latency_target" : 0,
      "latency_percentile" : 100.000000,
      "latency_window" : 0
    }
  ],
  "disk_util" : [
    {
      "name" : "vdb",
      "read_ios" : 0,
      "write_ios" : 263505,
      "read_merges" : 0,
      "write_merges" : 0,
      "read_ticks" : 0,
      "write_ticks" : 2229710,
      "in_queue" : 2229710,
      "util" : 99.524501
    }
  ]
}
