{
  "fio version" : "fio-3.33",
  "timestamp" : 1778440478,
  "timestamp_ms" : 1778440478209,
  "time" : "Sun May 10 19:14:38 2026",
  "jobs" : [
    {
      "jobname" : "diskio",
      "groupid" : 0,
      "error" : 0,
      "eta" : 0,
      "elapsed" : 21,
      "job options" : {
        "name" : "diskio",
        "filename" : "/tmp/fio-testfile",
        "size" : "2G",
        "rw" : "randread",
        "bs" : "1m",
        "direct" : "1",
        "ioengine" : "libaio",
        "iodepth" : "16",
        "numjobs" : "1",
        "runtime" : "20"
      },
      "read" : {
        "io_bytes" : 89004179456,
        "io_kbytes" : 86918144,
        "bw_bytes" : 4449763996,
        "bw" : 4345472,
        "iops" : 4243.625637,
        "runtime" : 20002,
        "total_ios" : 84881,
        "short_ios" : 0,
        "drop_ios" : 0,
        "slat_ns" : {
          "min" : 15353,
          "max" : 2744964,
          "mean" : 218324.383808,
          "stddev" : 481678.246455,
          "N" : 84881
        },
        "clat_ns" : {
          "min" : 594042,
          "max" : 6373726,
          "mean" : 3549704.170639,
          "stddev" : 682947.591626,
          "N" : 84881,
          "percentile" : {
            "1.000000" : 1253376,
            "5.000000" : 2703360,
            "10.000000" : 2867200,
            "20.000000" : 3063808,
            "30.000000" : 3260416,
            "40.000000" : 3424256,
            "50.000000" : 3555328,
            "60.000000" : 3653632,
            "70.000000" : 3817472,
            "80.000000" : 4014080,
            "90.000000" : 4358144,
            "95.000000" : 4751360,
            "99.000000" : 5275648,
            "99.500000" : 5406720,
            "99.900000" : 5603328,
            "99.950000" : 5668864,
            "99.990000" : 5931008
          }
        },
        "lat_ns" : {
          "min" : 1485978,
          "max" : 6409041,
          "mean" : 3768028.554447,
          "stddev" : 617776.028476,
          "N" : 84881
        },
        "bw_min" : 4186112,
        "bw_max" : 4456448,
        "bw_agg" : 100.000000,
        "bw_mean" : 4346215.512821,
        "bw_dev" : 59095.456211,
        "bw_samples" : 39,
        "iops_min" : 4088,
        "iops_max" : 4352,
        "iops_mean" : 4244.333333,
        "iops_stddev" : 57.739129,
        "iops_samples" : 39
      },
      "write" : {
        "io_bytes" : 0,
        "io_kbytes" : 0,
        "bw_bytes" : 0,
        "bw" : 0,
        "iops" : 0.000000,
        "runtime" : 0,
        "total_ios" : 0,
        "short_ios" : 0,
        "drop_ios" : 0,
        "slat_ns" : {
          "min" : 0,
          "max" : 0,
          "mean" : 0.000000,
          "stddev" : 0.000000,
          "N" : 0
        },
        "clat_ns" : {
          "min" : 0,
          "max" : 0,
          "mean" : 0.000000,
          "stddev" : 0.000000,
          "N" : 0
        },
        "lat_ns" : {
          "min" : 0,
          "max" : 0,
          "mean" : 0.000000,
          "stddev" : 0.000000,
          "N" : 0
        },
        "bw_min" : 0,
        "bw_max" : 0,
        "bw_agg" : 0.000000,
        "bw_mean" : 0.000000,
        "bw_dev" : 0.000000,
        "bw_samples" : 0,
        "iops_min" : 0,
        "iops_max" : 0,
        "iops_mean" : 0.000000,
        "iops_stddev" : 0.000000,
        "iops_samples" : 0
      },
      "trim" : {
        "io_bytes" : 0,
        "io_kbytes" : 0,
        "bw_bytes" : 0,
        "bw" : 0,
        "iops" : 0.000000,
        "runtime" : 0,
        "total_ios" : 0,
        "short_ios" : 0,
        "drop_ios" : 0,
        "slat_ns" : {
          "min" : 0,
          "max" : 0,
          "mean" : 0.000000,
          "stddev" : 0.000000,
          "N" : 0
        },
        "clat_ns" : {
          "min" : 0,
          "max" : 0,
          "mean" : 0.000000,
          "stddev" : 0.000000,
          "N" : 0
        },
        "lat_ns" : {
          "min" : 0,
          "max" : 0,
          "mean" : 0.000000,
          "stddev" : 0.000000,
          "N" : 0
        },
        "bw_min" : 0,
        "bw_max" : 0,
        "bw_agg" : 0.000000,
        "bw_mean" : 0.000000,
        "bw_dev" : 0.000000,
        "bw_samples" : 0,
        "iops_min" : 0,
        "iops_max" : 0,
        "iops_mean" : 0.000000,
        "iops_stddev" : 0.000000,
        "iops_samples" : 0
      },
      "sync" : {
        "total_ios" : 0,
        "lat_ns" : {
          "min" : 0,
          "max" : 0,
          "mean" : 0.000000,
          "stddev" : 0.000000,
          "N" : 0
        }
      },
      "job_runtime" : 20001,
      "usr_cpu" : 1.449928,
      "sys_cpu" : 19.434028,
      "ctx" : 55137,
      "majf" : 0,
      "minf" : 4106,
      "iodepth_level" : {
        "1" : 0.100000,
        "2" : 0.100000,
        "4" : 0.100000,
        "8" : 0.100000,
        "16" : 99.982328,
        "32" : 0.000000,
        ">=64" : 0.000000
      },
      "iodepth_submit" : {
        "0" : 0.000000,
        "4" : 100.000000,
        "8" : 0.000000,
        "16" : 0.000000,
        "32" : 0.000000,
        "64" : 0.000000,
        ">=64" : 0.000000
      },
      "iodepth_complete" : {
        "0" : 0.000000,
        "4" : 99.998822,
        "8" : 0.000000,
        "16" : 0.100000,
        "32" : 0.000000,
        "64" : 0.000000,
        ">=64" : 0.000000
      },
      "latency_ns" : {
        "2" : 0.000000,
        "4" : 0.000000,
        "10" : 0.000000,
        "20" : 0.000000,
        "50" : 0.000000,
        "100" : 0.000000,
        "250" : 0.000000,
        "500" : 0.000000,
        "750" : 0.000000,
        "1000" : 0.000000
      },
      "latency_us" : {
        "2" : 0.000000,
        "4" : 0.000000,
        "10" : 0.000000,
        "20" : 0.000000,
        "50" : 0.000000,
        "100" : 0.000000,
        "250" : 0.000000,
        "500" : 0.000000,
        "750" : 0.010000,
        "1000" : 0.265077
      },
      "latency_ms" : {
        "2" : 2.765048,
        "4" : 76.898246,
        "10" : 20.069273,
        "20" : 0.000000,
        "50" : 0.000000,
        "100" : 0.000000,
        "250" : 0.000000,
        "500" : 0.000000,
        "750" : 0.000000,
        "1000" : 0.000000,
        "2000" : 0.000000,
        ">=2000" : 0.000000
      },
      "latency_depth" : 16,
      "latency_target" : 0,
      "latency_percentile" : 100.000000,
      "latency_window" : 0
    }
  ],
  "disk_util" : [
    {
      "name" : "vdb",
      "read_ios" : 1049957,
      "write_ios" : 1,
      "read_merges" : 0,
      "write_merges" : 0,
      "read_ticks" : 2329118,
      "write_ticks" : 2,
      "in_queue" : 2329120,
      "util" : 99.594534
    }
  ]
}
