{
  "fio version" : "fio-3.33",
  "timestamp" : 1778439660,
  "timestamp_ms" : 1778439660570,
  "time" : "Sun May 10 19:01:00 2026",
  "jobs" : [
    {
      "jobname" : "diskio",
      "groupid" : 0,
      "error" : 0,
      "eta" : 0,
      "elapsed" : 21,
      "job options" : {
        "name" : "diskio",
        "filename" : "/tmp/fio-testfile",
        "size" : "2G",
        "rw" : "randwrite",
        "bs" : "16k",
        "direct" : "1",
        "ioengine" : "libaio",
        "iodepth" : "16",
        "numjobs" : "1",
        "runtime" : "20"
      },
      "read" : {
        "io_bytes" : 0,
        "io_kbytes" : 0,
        "bw_bytes" : 0,
        "bw" : 0,
        "iops" : 0.000000,
        "runtime" : 0,
        "total_ios" : 0,
        "short_ios" : 0,
        "drop_ios" : 0,
        "slat_ns" : {
          "min" : 0,
          "max" : 0,
          "mean" : 0.000000,
          "stddev" : 0.000000,
          "N" : 0
        },
        "clat_ns" : {
          "min" : 0,
          "max" : 0,
          "mean" : 0.000000,
          "stddev" : 0.000000,
          "N" : 0
        },
        "lat_ns" : {
          "min" : 0,
          "max" : 0,
          "mean" : 0.000000,
          "stddev" : 0.000000,
          "N" : 0
        },
        "bw_min" : 0,
        "bw_max" : 0,
        "bw_agg" : 0.000000,
        "bw_mean" : 0.000000,
        "bw_dev" : 0.000000,
        "bw_samples" : 0,
        "iops_min" : 0,
        "iops_max" : 0,
        "iops_mean" : 0.000000,
        "iops_stddev" : 0.000000,
        "iops_samples" : 0
      },
      "write" : {
        "io_bytes" : 5405442048,
        "io_kbytes" : 5278752,
        "bw_bytes" : 270258589,
        "bw" : 263924,
        "iops" : 16495.275236,
        "runtime" : 20001,
        "total_ios" : 329922,
        "short_ios" : 0,
        "drop_ios" : 0,
        "slat_ns" : {
          "min" : 2620,
          "max" : 845703,
          "mean" : 5277.235486,
          "stddev" : 6163.974737,
          "N" : 329922
        },
        "clat_ns" : {
          "min" : 98346,
          "max" : 112764393,
          "mean" : 963825.319366,
          "stddev" : 2154220.672179,
          "N" : 329922,
          "percentile" : {
            "1.000000" : 675840,
            "5.000000" : 708608,
            "10.000000" : 724992,
            "20.000000" : 741376,
            "30.000000" : 749568,
            "40.000000" : 765952,
            "50.000000" : 774144,
            "60.000000" : 790528,
            "70.000000" : 806912,
            "80.000000" : 831488,
            "90.000000" : 872448,
            "95.000000" : 937984,
            "99.000000" : 7176192,
            "99.500000" : 9895936,
            "99.900000" : 36438016,
            "99.950000" : 44302336,
            "99.990000" : 54788096
          }
        },
        "lat_ns" : {
          "min" : 153124,
          "max" : 112767413,
          "mean" : 969102.554852,
          "stddev" : 2154212.943055,
          "N" : 329922
        },
        "bw_min" : 47104,
        "bw_max" : 331776,
        "bw_agg" : 99.607311,
        "bw_mean" : 262888.205128,
        "bw_dev" : 92319.545734,
        "bw_samples" : 39,
        "iops_min" : 2944,
        "iops_max" : 20736,
        "iops_mean" : 16430.512821,
        "iops_stddev" : 5769.971608,
        "iops_samples" : 39
      },
      "trim" : {
        "io_bytes" : 0,
        "io_kbytes" : 0,
        "bw_bytes" : 0,
        "bw" : 0,
        "iops" : 0.000000,
        "runtime" : 0,
        "total_ios" : 0,
        "short_ios" : 0,
        "drop_ios" : 0,
        "slat_ns" : {
          "min" : 0,
          "max" : 0,
          "mean" : 0.000000,
          "stddev" : 0.000000,
          "N" : 0
        },
        "clat_ns" : {
          "min" : 0,
          "max" : 0,
          "mean" : 0.000000,
          "stddev" : 0.000000,
          "N" : 0
        },
        "lat_ns" : {
          "min" : 0,
          "max" : 0,
          "mean" : 0.000000,
          "stddev" : 0.000000,
          "N" : 0
        },
        "bw_min" : 0,
        "bw_max" : 0,
        "bw_agg" : 0.000000,
        "bw_mean" : 0.000000,
        "bw_dev" : 0.000000,
        "bw_samples" : 0,
        "iops_min" : 0,
        "iops_max" : 0,
        "iops_mean" : 0.000000,
        "iops_stddev" : 0.000000,
        "iops_samples" : 0
      },
      "sync" : {
        "total_ios" : 0,
        "lat_ns" : {
          "min" : 0,
          "max" : 0,
          "mean" : 0.000000,
          "stddev" : 0.000000,
          "N" : 0
        }
      },
      "job_runtime" : 20000,
      "usr_cpu" : 3.525000,
      "sys_cpu" : 7.935000,
      "ctx" : 20695,
      "majf" : 0,
      "minf" : 12,
      "iodepth_level" : {
        "1" : 0.100000,
        "2" : 0.100000,
        "4" : 0.100000,
        "8" : 0.100000,
        "16" : 99.995453,
        "32" : 0.000000,
        ">=64" : 0.000000
      },
      "iodepth_submit" : {
        "0" : 0.000000,
        "4" : 100.000000,
        "8" : 0.000000,
        "16" : 0.000000,
        "32" : 0.000000,
        "64" : 0.000000,
        ">=64" : 0.000000
      },
      "iodepth_complete" : {
        "0" : 0.000000,
        "4" : 99.999697,
        "8" : 0.000000,
        "16" : 0.100000,
        "32" : 0.000000,
        "64" : 0.000000,
        ">=64" : 0.000000
      },
      "latency_ns" : {
        "2" : 0.000000,
        "4" : 0.000000,
        "10" : 0.000000,
        "20" : 0.000000,
        "50" : 0.000000,
        "100" : 0.000000,
        "250" : 0.000000,
        "500" : 0.000000,
        "750" : 0.000000,
        "1000" : 0.000000
      },
      "latency_us" : {
        "2" : 0.000000,
        "4" : 0.000000,
        "10" : 0.000000,
        "20" : 0.000000,
        "50" : 0.000000,
        "100" : 0.010000,
        "250" : 0.010000,
        "500" : 0.016671,
        "750" : 27.836580,
        "1000" : 68.741703
      },
      "latency_ms" : {
        "2" : 2.209613,
        "4" : 0.113057,
        "10" : 0.588018,
        "20" : 0.162160,
        "50" : 0.297343,
        "100" : 0.024248,
        "250" : 0.010000,
        "500" : 0.000000,
        "750" : 0.000000,
        "1000" : 0.000000,
        "2000" : 0.000000,
        ">=2000" : 0.000000
      },
      "latency_depth" : 16,
      "latency_target" : 0,
      "latency_percentile" : 100.000000,
      "latency_window" : 0
    }
  ],
  "disk_util" : [
    {
      "name" : "vdb",
      "read_ios" : 0,
      "write_ios" : 1290796,
      "read_merges" : 0,
      "write_merges" : 0,
      "read_ticks" : 0,
      "write_ticks" : 1133968,
      "in_queue" : 1133968,
      "util" : 93.744370
    }
  ]
}
