{
  "fio version" : "fio-3.33",
  "timestamp" : 1778439850,
  "timestamp_ms" : 1778439850326,
  "time" : "Sun May 10 19:04:10 2026",
  "jobs" : [
    {
      "jobname" : "diskio",
      "groupid" : 0,
      "error" : 0,
      "eta" : 0,
      "elapsed" : 21,
      "job options" : {
        "name" : "diskio",
        "filename" : "/tmp/fio-testfile",
        "size" : "2G",
        "rw" : "write",
        "bs" : "64k",
        "direct" : "1",
        "ioengine" : "libaio",
        "iodepth" : "16",
        "numjobs" : "1",
        "runtime" : "20"
      },
      "read" : {
        "io_bytes" : 0,
        "io_kbytes" : 0,
        "bw_bytes" : 0,
        "bw" : 0,
        "iops" : 0.000000,
        "runtime" : 0,
        "total_ios" : 0,
        "short_ios" : 0,
        "drop_ios" : 0,
        "slat_ns" : {
          "min" : 0,
          "max" : 0,
          "mean" : 0.000000,
          "stddev" : 0.000000,
          "N" : 0
        },
        "clat_ns" : {
          "min" : 0,
          "max" : 0,
          "mean" : 0.000000,
          "stddev" : 0.000000,
          "N" : 0
        },
        "lat_ns" : {
          "min" : 0,
          "max" : 0,
          "mean" : 0.000000,
          "stddev" : 0.000000,
          "N" : 0
        },
        "bw_min" : 0,
        "bw_max" : 0,
        "bw_agg" : 0.000000,
        "bw_mean" : 0.000000,
        "bw_dev" : 0.000000,
        "bw_samples" : 0,
        "iops_min" : 0,
        "iops_max" : 0,
        "iops_mean" : 0.000000,
        "iops_stddev" : 0.000000,
        "iops_samples" : 0
      },
      "write" : {
        "io_bytes" : 8698527744,
        "io_kbytes" : 8494656,
        "bw_bytes" : 434861158,
        "bw" : 424669,
        "iops" : 6635.454682,
        "runtime" : 20003,
        "total_ios" : 132729,
        "short_ios" : 0,
        "drop_ios" : 0,
        "slat_ns" : {
          "min" : 2720,
          "max" : 372770,
          "mean" : 7344.827476,
          "stddev" : 7151.114580,
          "N" : 132729
        },
        "clat_ns" : {
          "min" : 77442,
          "max" : 157251846,
          "mean" : 2403095.825908,
          "stddev" : 7696783.642439,
          "N" : 132729,
          "percentile" : {
            "1.000000" : 387072,
            "5.000000" : 403456,
            "10.000000" : 415744,
            "20.000000" : 428032,
            "30.000000" : 440320,
            "40.000000" : 448512,
            "50.000000" : 460800,
            "60.000000" : 485376,
            "70.000000" : 544768,
            "80.000000" : 716800,
            "90.000000" : 7241728,
            "95.000000" : 12255232,
            "99.000000" : 37486592,
            "99.500000" : 48496640,
            "99.900000" : 89653248,
            "99.950000" : 101187584,
            "99.990000" : 156237824
          }
        },
        "lat_ns" : {
          "min" : 156777,
          "max" : 157257747,
          "mean" : 2410440.653384,
          "stddev" : 7696491.491650,
          "N" : 132729
        },
        "bw_min" : 77824,
        "bw_max" : 2252416,
        "bw_agg" : 100.000000,
        "bw_mean" : 431829.333333,
        "bw_dev" : 505659.863389,
        "bw_samples" : 39,
        "iops_min" : 1216,
        "iops_max" : 35194,
        "iops_mean" : 6747.333333,
        "iops_stddev" : 7900.935365,
        "iops_samples" : 39
      },
      "trim" : {
        "io_bytes" : 0,
        "io_kbytes" : 0,
        "bw_bytes" : 0,
        "bw" : 0,
        "iops" : 0.000000,
        "runtime" : 0,
        "total_ios" : 0,
        "short_ios" : 0,
        "drop_ios" : 0,
        "slat_ns" : {
          "min" : 0,
          "max" : 0,
          "mean" : 0.000000,
          "stddev" : 0.000000,
          "N" : 0
        },
        "clat_ns" : {
          "min" : 0,
          "max" : 0,
          "mean" : 0.000000,
          "stddev" : 0.000000,
          "N" : 0
        },
        "lat_ns" : {
          "min" : 0,
          "max" : 0,
          "mean" : 0.000000,
          "stddev" : 0.000000,
          "N" : 0
        },
        "bw_min" : 0,
        "bw_max" : 0,
        "bw_agg" : 0.000000,
        "bw_mean" : 0.000000,
        "bw_dev" : 0.000000,
        "bw_samples" : 0,
        "iops_min" : 0,
        "iops_max" : 0,
        "iops_mean" : 0.000000,
        "iops_stddev" : 0.000000,
        "iops_samples" : 0
      },
      "sync" : {
        "total_ios" : 0,
        "lat_ns" : {
          "min" : 0,
          "max" : 0,
          "mean" : 0.000000,
          "stddev" : 0.000000,
          "N" : 0
        }
      },
      "job_runtime" : 20002,
      "usr_cpu" : 2.454755,
      "sys_cpu" : 3.574643,
      "ctx" : 8333,
      "majf" : 0,
      "minf" : 13,
      "iodepth_level" : {
        "1" : 0.100000,
        "2" : 0.100000,
        "4" : 0.100000,
        "8" : 0.100000,
        "16" : 99.988699,
        "32" : 0.000000,
        ">=64" : 0.000000
      },
      "iodepth_submit" : {
        "0" : 0.000000,
        "4" : 100.000000,
        "8" : 0.000000,
        "16" : 0.000000,
        "32" : 0.000000,
        "64" : 0.000000,
        ">=64" : 0.000000
      },
      "iodepth_complete" : {
        "0" : 0.000000,
        "4" : 99.999247,
        "8" : 0.000000,
        "16" : 0.100000,
        "32" : 0.000000,
        "64" : 0.000000,
        ">=64" : 0.000000
      },
      "latency_ns" : {
        "2" : 0.000000,
        "4" : 0.000000,
        "10" : 0.000000,
        "20" : 0.000000,
        "50" : 0.000000,
        "100" : 0.000000,
        "250" : 0.000000,
        "500" : 0.000000,
        "750" : 0.000000,
        "1000" : 0.000000
      },
      "latency_us" : {
        "2" : 0.000000,
        "4" : 0.000000,
        "10" : 0.000000,
        "20" : 0.000000,
        "50" : 0.000000,
        "100" : 0.010000,
        "250" : 0.016575,
        "500" : 63.595748,
        "750" : 19.649813,
        "1000" : 6.206632
      },
      "latency_ms" : {
        "2" : 0.101711,
        "4" : 0.000000,
        "10" : 3.125165,
        "20" : 4.372066,
        "50" : 2.496063,
        "100" : 0.373694,
        "250" : 0.060273,
        "500" : 0.000000,
        "750" : 0.000000,
        "1000" : 0.000000,
        "2000" : 0.000000,
        ">=2000" : 0.000000
      },
      "latency_depth" : 16,
      "latency_target" : 0,
      "latency_percentile" : 100.000000,
      "latency_window" : 0
    }
  ],
  "disk_util" : [
    {
      "name" : "vdb",
      "read_ios" : 0,
      "write_ios" : 207073,
      "read_merges" : 0,
      "write_merges" : 0,
      "read_ticks" : 0,
      "write_ticks" : 473613,
      "in_queue" : 473612,
      "util" : 94.604064
    }
  ]
}
