{
  "fio version" : "fio-3.33",
  "timestamp" : 1778439732,
  "timestamp_ms" : 1778439732521,
  "time" : "Sun May 10 19:02:12 2026",
  "jobs" : [
    {
      "jobname" : "diskio",
      "groupid" : 0,
      "error" : 0,
      "eta" : 0,
      "elapsed" : 21,
      "job options" : {
        "name" : "diskio",
        "filename" : "/tmp/fio-testfile",
        "size" : "2G",
        "rw" : "read",
        "bs" : "64k",
        "direct" : "1",
        "ioengine" : "libaio",
        "iodepth" : "16",
        "numjobs" : "1",
        "runtime" : "20"
      },
      "read" : {
        "io_bytes" : 55930191872,
        "io_kbytes" : 54619328,
        "bw_bytes" : 2796369775,
        "bw" : 2730829,
        "iops" : 42669.216539,
        "runtime" : 20001,
        "total_ios" : 853427,
        "short_ios" : 0,
        "drop_ios" : 0,
        "slat_ns" : {
          "min" : 2211,
          "max" : 177813,
          "mean" : 3791.975882,
          "stddev" : 3518.946605,
          "N" : 853427
        },
        "clat_ns" : {
          "min" : 74212,
          "max" : 1699470,
          "mean" : 370673.192956,
          "stddev" : 28569.237396,
          "N" : 853427,
          "percentile" : {
            "1.000000" : 329728,
            "5.000000" : 342016,
            "10.000000" : 346112,
            "20.000000" : 350208,
            "30.000000" : 358400,
            "40.000000" : 362496,
            "50.000000" : 366592,
            "60.000000" : 370688,
            "70.000000" : 374784,
            "80.000000" : 382976,
            "90.000000" : 399360,
            "95.000000" : 415744,
            "99.000000" : 485376,
            "99.500000" : 518144,
            "99.900000" : 577536,
            "99.950000" : 602112,
            "99.990000" : 708608
          }
        },
        "lat_ns" : {
          "min" : 103036,
          "max" : 1702801,
          "mean" : 374465.168838,
          "stddev" : 28533.545646,
          "N" : 853427
        },
        "bw_min" : 2563200,
        "bw_max" : 2806272,
        "bw_agg" : 100.000000,
        "bw_mean" : 2733295.589744,
        "bw_dev" : 43572.962740,
        "bw_samples" : 39,
        "iops_min" : 40050,
        "iops_max" : 43848,
        "iops_mean" : 42707.743590,
        "iops_stddev" : 680.827543,
        "iops_samples" : 39
      },
      "write" : {
        "io_bytes" : 0,
        "io_kbytes" : 0,
        "bw_bytes" : 0,
        "bw" : 0,
        "iops" : 0.000000,
        "runtime" : 0,
        "total_ios" : 0,
        "short_ios" : 0,
        "drop_ios" : 0,
        "slat_ns" : {
          "min" : 0,
          "max" : 0,
          "mean" : 0.000000,
          "stddev" : 0.000000,
          "N" : 0
        },
        "clat_ns" : {
          "min" : 0,
          "max" : 0,
          "mean" : 0.000000,
          "stddev" : 0.000000,
          "N" : 0
        },
        "lat_ns" : {
          "min" : 0,
          "max" : 0,
          "mean" : 0.000000,
          "stddev" : 0.000000,
          "N" : 0
        },
        "bw_min" : 0,
        "bw_max" : 0,
        "bw_agg" : 0.000000,
        "bw_mean" : 0.000000,
        "bw_dev" : 0.000000,
        "bw_samples" : 0,
        "iops_min" : 0,
        "iops_max" : 0,
        "iops_mean" : 0.000000,
        "iops_stddev" : 0.000000,
        "iops_samples" : 0
      },
      "trim" : {
        "io_bytes" : 0,
        "io_kbytes" : 0,
        "bw_bytes" : 0,
        "bw" : 0,
        "iops" : 0.000000,
        "runtime" : 0,
        "total_ios" : 0,
        "short_ios" : 0,
        "drop_ios" : 0,
        "slat_ns" : {
          "min" : 0,
          "max" : 0,
          "mean" : 0.000000,
          "stddev" : 0.000000,
          "N" : 0
        },
        "clat_ns" : {
          "min" : 0,
          "max" : 0,
          "mean" : 0.000000,
          "stddev" : 0.000000,
          "N" : 0
        },
        "lat_ns" : {
          "min" : 0,
          "max" : 0,
          "mean" : 0.000000,
          "stddev" : 0.000000,
          "N" : 0
        },
        "bw_min" : 0,
        "bw_max" : 0,
        "bw_agg" : 0.000000,
        "bw_mean" : 0.000000,
        "bw_dev" : 0.000000,
        "bw_samples" : 0,
        "iops_min" : 0,
        "iops_max" : 0,
        "iops_mean" : 0.000000,
        "iops_stddev" : 0.000000,
        "iops_samples" : 0
      },
      "sync" : {
        "total_ios" : 0,
        "lat_ns" : {
          "min" : 0,
          "max" : 0,
          "mean" : 0.000000,
          "stddev" : 0.000000,
          "N" : 0
        }
      },
      "job_runtime" : 20000,
      "usr_cpu" : 5.600000,
      "sys_cpu" : 20.285000,
      "ctx" : 53348,
      "majf" : 0,
      "minf" : 268,
      "iodepth_level" : {
        "1" : 0.100000,
        "2" : 0.100000,
        "4" : 0.100000,
        "8" : 0.100000,
        "16" : 99.998242,
        "32" : 0.000000,
        ">=64" : 0.000000
      },
      "iodepth_submit" : {
        "0" : 0.000000,
        "4" : 100.000000,
        "8" : 0.000000,
        "16" : 0.000000,
        "32" : 0.000000,
        "64" : 0.000000,
        ">=64" : 0.000000
      },
      "iodepth_complete" : {
        "0" : 0.000000,
        "4" : 99.999883,
        "8" : 0.000000,
        "16" : 0.100000,
        "32" : 0.000000,
        "64" : 0.000000,
        ">=64" : 0.000000
      },
      "latency_ns" : {
        "2" : 0.000000,
        "4" : 0.000000,
        "10" : 0.000000,
        "20" : 0.000000,
        "50" : 0.000000,
        "100" : 0.000000,
        "250" : 0.000000,
        "500" : 0.000000,
        "750" : 0.000000,
        "1000" : 0.000000
      },
      "latency_us" : {
        "2" : 0.000000,
        "4" : 0.000000,
        "10" : 0.000000,
        "20" : 0.000000,
        "50" : 0.000000,
        "100" : 0.010000,
        "250" : 0.019217,
        "500" : 99.228639,
        "750" : 0.742536,
        "1000" : 0.010000
      },
      "latency_ms" : {
        "2" : 0.010000,
        "4" : 0.000000,
        "10" : 0.000000,
        "20" : 0.000000,
        "50" : 0.000000,
        "100" : 0.000000,
        "250" : 0.000000,
        "500" : 0.000000,
        "750" : 0.000000,
        "1000" : 0.000000,
        "2000" : 0.000000,
        ">=2000" : 0.000000
      },
      "latency_depth" : 16,
      "latency_target" : 0,
      "latency_percentile" : 100.000000,
      "latency_window" : 0
    }
  ],
  "disk_util" : [
    {
      "name" : "vdb",
      "read_ios" : 1697904,
      "write_ios" : 45,
      "read_merges" : 0,
      "write_merges" : 0,
      "read_ticks" : 541042,
      "write_ticks" : 37,
      "in_queue" : 541079,
      "util" : 90.496922
    }
  ]
}
