{
  "fio version" : "fio-3.33",
  "timestamp" : 1778440071,
  "timestamp_ms" : 1778440071628,
  "time" : "Sun May 10 19:07:51 2026",
  "jobs" : [
    {
      "jobname" : "diskio",
      "groupid" : 0,
      "error" : 0,
      "eta" : 0,
      "elapsed" : 21,
      "job options" : {
        "name" : "diskio",
        "filename" : "/tmp/fio-testfile",
        "size" : "2G",
        "rw" : "read",
        "bs" : "256k",
        "direct" : "1",
        "ioengine" : "libaio",
        "iodepth" : "16",
        "numjobs" : "1",
        "runtime" : "20"
      },
      "read" : {
        "io_bytes" : 66589294592,
        "io_kbytes" : 65028608,
        "bw_bytes" : 3329298264,
        "bw" : 3251267,
        "iops" : 12700.264987,
        "runtime" : 20001,
        "total_ios" : 254018,
        "short_ios" : 0,
        "drop_ios" : 0,
        "slat_ns" : {
          "min" : 5320,
          "max" : 244815,
          "mean" : 14420.634809,
          "stddev" : 11917.727849,
          "N" : 254018
        },
        "clat_ns" : {
          "min" : 331719,
          "max" : 2560058,
          "mean" : 1244470.905432,
          "stddev" : 359160.084112,
          "N" : 254018,
          "percentile" : {
            "1.000000" : 856064,
            "5.000000" : 897024,
            "10.000000" : 921600,
            "20.000000" : 954368,
            "30.000000" : 987136,
            "40.000000" : 1011712,
            "50.000000" : 1036288,
            "60.000000" : 1089536,
            "70.000000" : 1613824,
            "80.000000" : 1712128,
            "90.000000" : 1777664,
            "95.000000" : 1843200,
            "99.000000" : 1957888,
            "99.500000" : 1990656,
            "99.900000" : 2088960,
            "99.950000" : 2146304,
            "99.990000" : 2277376
          }
        },
        "lat_ns" : {
          "min" : 377726,
          "max" : 2652843,
          "mean" : 1258891.540241,
          "stddev" : 365166.839195,
          "N" : 254018
        },
        "bw_min" : 3168768,
        "bw_max" : 3319808,
        "bw_agg" : 100.000000,
        "bw_mean" : 3252749.128205,
        "bw_dev" : 38680.394337,
        "bw_samples" : 39,
        "iops_min" : 12378,
        "iops_max" : 12968,
        "iops_mean" : 12706.051282,
        "iops_stddev" : 151.095290,
        "iops_samples" : 39
      },
      "write" : {
        "io_bytes" : 0,
        "io_kbytes" : 0,
        "bw_bytes" : 0,
        "bw" : 0,
        "iops" : 0.000000,
        "runtime" : 0,
        "total_ios" : 0,
        "short_ios" : 0,
        "drop_ios" : 0,
        "slat_ns" : {
          "min" : 0,
          "max" : 0,
          "mean" : 0.000000,
          "stddev" : 0.000000,
          "N" : 0
        },
        "clat_ns" : {
          "min" : 0,
          "max" : 0,
          "mean" : 0.000000,
          "stddev" : 0.000000,
          "N" : 0
        },
        "lat_ns" : {
          "min" : 0,
          "max" : 0,
          "mean" : 0.000000,
          "stddev" : 0.000000,
          "N" : 0
        },
        "bw_min" : 0,
        "bw_max" : 0,
        "bw_agg" : 0.000000,
        "bw_mean" : 0.000000,
        "bw_dev" : 0.000000,
        "bw_samples" : 0,
        "iops_min" : 0,
        "iops_max" : 0,
        "iops_mean" : 0.000000,
        "iops_stddev" : 0.000000,
        "iops_samples" : 0
      },
      "trim" : {
        "io_bytes" : 0,
        "io_kbytes" : 0,
        "bw_bytes" : 0,
        "bw" : 0,
        "iops" : 0.000000,
        "runtime" : 0,
        "total_ios" : 0,
        "short_ios" : 0,
        "drop_ios" : 0,
        "slat_ns" : {
          "min" : 0,
          "max" : 0,
          "mean" : 0.000000,
          "stddev" : 0.000000,
          "N" : 0
        },
        "clat_ns" : {
          "min" : 0,
          "max" : 0,
          "mean" : 0.000000,
          "stddev" : 0.000000,
          "N" : 0
        },
        "lat_ns" : {
          "min" : 0,
          "max" : 0,
          "mean" : 0.000000,
          "stddev" : 0.000000,
          "N" : 0
        },
        "bw_min" : 0,
        "bw_max" : 0,
        "bw_agg" : 0.000000,
        "bw_mean" : 0.000000,
        "bw_dev" : 0.000000,
        "bw_samples" : 0,
        "iops_min" : 0,
        "iops_max" : 0,
        "iops_mean" : 0.000000,
        "iops_stddev" : 0.000000,
        "iops_samples" : 0
      },
      "sync" : {
        "total_ios" : 0,
        "lat_ns" : {
          "min" : 0,
          "max" : 0,
          "mean" : 0.000000,
          "stddev" : 0.000000,
          "N" : 0
        }
      },
      "job_runtime" : 20000,
      "usr_cpu" : 2.475000,
      "sys_cpu" : 18.150000,
      "ctx" : 96930,
      "majf" : 0,
      "minf" : 1034,
      "iodepth_level" : {
        "1" : 0.100000,
        "2" : 0.100000,
        "4" : 0.100000,
        "8" : 0.100000,
        "16" : 99.994095,
        "32" : 0.000000,
        ">=64" : 0.000000
      },
      "iodepth_submit" : {
        "0" : 0.000000,
        "4" : 100.000000,
        "8" : 0.000000,
        "16" : 0.000000,
        "32" : 0.000000,
        "64" : 0.000000,
        ">=64" : 0.000000
      },
      "iodepth_complete" : {
        "0" : 0.000000,
        "4" : 99.999606,
        "8" : 0.000000,
        "16" : 0.100000,
        "32" : 0.000000,
        "64" : 0.000000,
        ">=64" : 0.000000
      },
      "latency_ns" : {
        "2" : 0.000000,
        "4" : 0.000000,
        "10" : 0.000000,
        "20" : 0.000000,
        "50" : 0.000000,
        "100" : 0.000000,
        "250" : 0.000000,
        "500" : 0.000000,
        "750" : 0.000000,
        "1000" : 0.000000
      },
      "latency_us" : {
        "2" : 0.000000,
        "4" : 0.000000,
        "10" : 0.000000,
        "20" : 0.000000,
        "50" : 0.000000,
        "100" : 0.000000,
        "250" : 0.000000,
        "500" : 0.010000,
        "750" : 0.010000,
        "1000" : 36.698580
      },
      "latency_ms" : {
        "2" : 62.824288,
        "4" : 0.472014,
        "10" : 0.000000,
        "20" : 0.000000,
        "50" : 0.000000,
        "100" : 0.000000,
        "250" : 0.000000,
        "500" : 0.000000,
        "750" : 0.000000,
        "1000" : 0.000000,
        "2000" : 0.000000,
        ">=2000" : 0.000000
      },
      "latency_depth" : 16,
      "latency_target" : 0,
      "latency_percentile" : 100.000000,
      "latency_window" : 0
    }
  ],
  "disk_util" : [
    {
      "name" : "vdb",
      "read_ios" : 1642327,
      "write_ios" : 0,
      "read_merges" : 0,
      "write_merges" : 0,
      "read_ticks" : 1647666,
      "write_ticks" : 0,
      "in_queue" : 1647665,
      "util" : 96.932085
    }
  ]
}
