{
  "fio version" : "fio-3.33",
  "timestamp" : 1778440548,
  "timestamp_ms" : 1778440548997,
  "time" : "Sun May 10 19:15:48 2026",
  "jobs" : [
    {
      "jobname" : "diskio",
      "groupid" : 0,
      "error" : 0,
      "eta" : 0,
      "elapsed" : 21,
      "job options" : {
        "name" : "diskio",
        "filename" : "/tmp/fio-testfile",
        "size" : "2G",
        "rw" : "randwrite",
        "bs" : "1m",
        "direct" : "1",
        "ioengine" : "libaio",
        "iodepth" : "16",
        "numjobs" : "1",
        "runtime" : "20"
      },
      "read" : {
        "io_bytes" : 0,
        "io_kbytes" : 0,
        "bw_bytes" : 0,
        "bw" : 0,
        "iops" : 0.000000,
        "runtime" : 0,
        "total_ios" : 0,
        "short_ios" : 0,
        "drop_ios" : 0,
        "slat_ns" : {
          "min" : 0,
          "max" : 0,
          "mean" : 0.000000,
          "stddev" : 0.000000,
          "N" : 0
        },
        "clat_ns" : {
          "min" : 0,
          "max" : 0,
          "mean" : 0.000000,
          "stddev" : 0.000000,
          "N" : 0
        },
        "lat_ns" : {
          "min" : 0,
          "max" : 0,
          "mean" : 0.000000,
          "stddev" : 0.000000,
          "N" : 0
        },
        "bw_min" : 0,
        "bw_max" : 0,
        "bw_agg" : 0.000000,
        "bw_mean" : 0.000000,
        "bw_dev" : 0.000000,
        "bw_samples" : 0,
        "iops_min" : 0,
        "iops_max" : 0,
        "iops_mean" : 0.000000,
        "iops_stddev" : 0.000000,
        "iops_samples" : 0
      },
      "write" : {
        "io_bytes" : 14542700544,
        "io_kbytes" : 14201856,
        "bw_bytes" : 725937230,
        "bw" : 708923,
        "iops" : 692.307692,
        "runtime" : 20033,
        "total_ios" : 13869,
        "short_ios" : 0,
        "drop_ios" : 0,
        "slat_ns" : {
          "min" : 31925,
          "max" : 402033739,
          "mean" : 1439329.835893,
          "stddev" : 7641998.191614,
          "N" : 13869
        },
        "clat_ns" : {
          "min" : 1311231,
          "max" : 554594398,
          "mean" : 21666534.363473,
          "stddev" : 32422231.046478,
          "N" : 13869,
          "percentile" : {
            "1.000000" : 6455296,
            "5.000000" : 6848512,
            "10.000000" : 7176192,
            "20.000000" : 7962624,
            "30.000000" : 8585216,
            "40.000000" : 8847360,
            "50.000000" : 8978432,
            "60.000000" : 9240576,
            "70.000000" : 16187392,
            "80.000000" : 28442624,
            "90.000000" : 52690944,
            "95.000000" : 82313216,
            "99.000000" : 135266304,
            "99.500000" : 212860928,
            "99.900000" : 421527552,
            "99.950000" : 421527552,
            "99.990000" : 557842432
          }
        },
        "lat_ns" : {
          "min" : 6399918,
          "max" : 554695384,
          "mean" : 23105864.199366,
          "stddev" : 33844669.475208,
          "N" : 13869
        },
        "bw_min" : 108544,
        "bw_max" : 1839104,
        "bw_agg" : 100.000000,
        "bw_mean" : 709168.525000,
        "bw_dev" : 631701.175240,
        "bw_samples" : 40,
        "iops_min" : 106,
        "iops_max" : 1796,
        "iops_mean" : 692.525000,
        "iops_stddev" : 616.884355,
        "iops_samples" : 40
      },
      "trim" : {
        "io_bytes" : 0,
        "io_kbytes" : 0,
        "bw_bytes" : 0,
        "bw" : 0,
        "iops" : 0.000000,
        "runtime" : 0,
        "total_ios" : 0,
        "short_ios" : 0,
        "drop_ios" : 0,
        "slat_ns" : {
          "min" : 0,
          "max" : 0,
          "mean" : 0.000000,
          "stddev" : 0.000000,
          "N" : 0
        },
        "clat_ns" : {
          "min" : 0,
          "max" : 0,
          "mean" : 0.000000,
          "stddev" : 0.000000,
          "N" : 0
        },
        "lat_ns" : {
          "min" : 0,
          "max" : 0,
          "mean" : 0.000000,
          "stddev" : 0.000000,
          "N" : 0
        },
        "bw_min" : 0,
        "bw_max" : 0,
        "bw_agg" : 0.000000,
        "bw_mean" : 0.000000,
        "bw_dev" : 0.000000,
        "bw_samples" : 0,
        "iops_min" : 0,
        "iops_max" : 0,
        "iops_mean" : 0.000000,
        "iops_stddev" : 0.000000,
        "iops_samples" : 0
      },
      "sync" : {
        "total_ios" : 0,
        "lat_ns" : {
          "min" : 0,
          "max" : 0,
          "mean" : 0.000000,
          "stddev" : 0.000000,
          "N" : 0
        }
      },
      "job_runtime" : 20032,
      "usr_cpu" : 2.401158,
      "sys_cpu" : 4.852236,
      "ctx" : 13864,
      "majf" : 0,
      "minf" : 11,
      "iodepth_level" : {
        "1" : 0.100000,
        "2" : 0.100000,
        "4" : 0.100000,
        "8" : 0.100000,
        "16" : 99.891845,
        "32" : 0.000000,
        ">=64" : 0.000000
      },
      "iodepth_submit" : {
        "0" : 0.000000,
        "4" : 100.000000,
        "8" : 0.000000,
        "16" : 0.000000,
        "32" : 0.000000,
        "64" : 0.000000,
        ">=64" : 0.000000
      },
      "iodepth_complete" : {
        "0" : 0.000000,
        "4" : 99.992782,
        "8" : 0.000000,
        "16" : 0.100000,
        "32" : 0.000000,
        "64" : 0.000000,
        ">=64" : 0.000000
      },
      "latency_ns" : {
        "2" : 0.000000,
        "4" : 0.000000,
        "10" : 0.000000,
        "20" : 0.000000,
        "50" : 0.000000,
        "100" : 0.000000,
        "250" : 0.000000,
        "500" : 0.000000,
        "750" : 0.000000,
        "1000" : 0.000000
      },
      "latency_us" : {
        "2" : 0.000000,
        "4" : 0.000000,
        "10" : 0.000000,
        "20" : 0.000000,
        "50" : 0.000000,
        "100" : 0.000000,
        "250" : 0.000000,
        "500" : 0.000000,
        "750" : 0.000000,
        "1000" : 0.000000
      },
      "latency_ms" : {
        "2" : 0.010000,
        "4" : 0.000000,
        "10" : 68.288990,
        "20" : 5.119331,
        "50" : 15.949239,
        "100" : 7.693417,
        "250" : 2.610138,
        "500" : 0.302834,
        "750" : 0.028841,
        "1000" : 0.000000,
        "2000" : 0.000000,
        ">=2000" : 0.000000
      },
      "latency_depth" : 16,
      "latency_target" : 0,
      "latency_percentile" : 100.000000,
      "latency_window" : 0
    }
  ],
  "disk_util" : [
    {
      "name" : "vdb",
      "read_ios" : 0,
      "write_ios" : 647027,
      "read_merges" : 0,
      "write_merges" : 0,
      "read_ticks" : 0,
      "write_ticks" : 2454882,
      "in_queue" : 2454881,
      "util" : 99.539447
    }
  ]
}
