{
  "fio version" : "fio-3.33",
  "timestamp" : 1778440048,
  "timestamp_ms" : 1778440048038,
  "time" : "Sun May 10 19:07:28 2026",
  "jobs" : [
    {
      "jobname" : "diskio",
      "groupid" : 0,
      "error" : 0,
      "eta" : 0,
      "elapsed" : 21,
      "job options" : {
        "name" : "diskio",
        "filename" : "/tmp/fio-testfile",
        "size" : "2G",
        "rw" : "read",
        "bs" : "256k",
        "direct" : "1",
        "ioengine" : "libaio",
        "iodepth" : "16",
        "numjobs" : "1",
        "runtime" : "20"
      },
      "read" : {
        "io_bytes" : 71516815360,
        "io_kbytes" : 69840640,
        "bw_bytes" : 3575661984,
        "bw" : 3491857,
        "iops" : 13640.067997,
        "runtime" : 20001,
        "total_ios" : 272815,
        "short_ios" : 0,
        "drop_ios" : 0,
        "slat_ns" : {
          "min" : 5361,
          "max" : 267136,
          "mean" : 12636.839822,
          "stddev" : 12100.916556,
          "N" : 272815
        },
        "clat_ns" : {
          "min" : 197351,
          "max" : 3026315,
          "mean" : 1159436.705419,
          "stddev" : 159375.462739,
          "N" : 272815,
          "percentile" : {
            "1.000000" : 954368,
            "5.000000" : 1011712,
            "10.000000" : 1044480,
            "20.000000" : 1089536,
            "30.000000" : 1105920,
            "40.000000" : 1122304,
            "50.000000" : 1138688,
            "60.000000" : 1155072,
            "70.000000" : 1171456,
            "80.000000" : 1187840,
            "90.000000" : 1236992,
            "95.000000" : 1302528,
            "99.000000" : 1990656,
            "99.500000" : 2056192,
            "99.900000" : 2146304,
            "99.950000" : 2211840,
            "99.990000" : 2310144
          }
        },
        "lat_ns" : {
          "min" : 371198,
          "max" : 3043797,
          "mean" : 1172073.545241,
          "stddev" : 161958.919508,
          "N" : 272815
        },
        "bw_min" : 3426816,
        "bw_max" : 3559936,
        "bw_agg" : 100.000000,
        "bw_mean" : 3495927.384615,
        "bw_dev" : 34699.139568,
        "bw_samples" : 39,
        "iops_min" : 13386,
        "iops_max" : 13906,
        "iops_mean" : 13655.897436,
        "iops_stddev" : 135.648112,
        "iops_samples" : 39
      },
      "write" : {
        "io_bytes" : 0,
        "io_kbytes" : 0,
        "bw_bytes" : 0,
        "bw" : 0,
        "iops" : 0.000000,
        "runtime" : 0,
        "total_ios" : 0,
        "short_ios" : 0,
        "drop_ios" : 0,
        "slat_ns" : {
          "min" : 0,
          "max" : 0,
          "mean" : 0.000000,
          "stddev" : 0.000000,
          "N" : 0
        },
        "clat_ns" : {
          "min" : 0,
          "max" : 0,
          "mean" : 0.000000,
          "stddev" : 0.000000,
          "N" : 0
        },
        "lat_ns" : {
          "min" : 0,
          "max" : 0,
          "mean" : 0.000000,
          "stddev" : 0.000000,
          "N" : 0
        },
        "bw_min" : 0,
        "bw_max" : 0,
        "bw_agg" : 0.000000,
        "bw_mean" : 0.000000,
        "bw_dev" : 0.000000,
        "bw_samples" : 0,
        "iops_min" : 0,
        "iops_max" : 0,
        "iops_mean" : 0.000000,
        "iops_stddev" : 0.000000,
        "iops_samples" : 0
      },
      "trim" : {
        "io_bytes" : 0,
        "io_kbytes" : 0,
        "bw_bytes" : 0,
        "bw" : 0,
        "iops" : 0.000000,
        "runtime" : 0,
        "total_ios" : 0,
        "short_ios" : 0,
        "drop_ios" : 0,
        "slat_ns" : {
          "min" : 0,
          "max" : 0,
          "mean" : 0.000000,
          "stddev" : 0.000000,
          "N" : 0
        },
        "clat_ns" : {
          "min" : 0,
          "max" : 0,
          "mean" : 0.000000,
          "stddev" : 0.000000,
          "N" : 0
        },
        "lat_ns" : {
          "min" : 0,
          "max" : 0,
          "mean" : 0.000000,
          "stddev" : 0.000000,
          "N" : 0
        },
        "bw_min" : 0,
        "bw_max" : 0,
        "bw_agg" : 0.000000,
        "bw_mean" : 0.000000,
        "bw_dev" : 0.000000,
        "bw_samples" : 0,
        "iops_min" : 0,
        "iops_max" : 0,
        "iops_mean" : 0.000000,
        "iops_stddev" : 0.000000,
        "iops_samples" : 0
      },
      "sync" : {
        "total_ios" : 0,
        "lat_ns" : {
          "min" : 0,
          "max" : 0,
          "mean" : 0.000000,
          "stddev" : 0.000000,
          "N" : 0
        }
      },
      "job_runtime" : 20000,
      "usr_cpu" : 3.755000,
      "sys_cpu" : 18.955000,
      "ctx" : 42840,
      "majf" : 0,
      "minf" : 1034,
      "iodepth_level" : {
        "1" : 0.100000,
        "2" : 0.100000,
        "4" : 0.100000,
        "8" : 0.100000,
        "16" : 99.994502,
        "32" : 0.000000,
        ">=64" : 0.000000
      },
      "iodepth_submit" : {
        "0" : 0.000000,
        "4" : 100.000000,
        "8" : 0.000000,
        "16" : 0.000000,
        "32" : 0.000000,
        "64" : 0.000000,
        ">=64" : 0.000000
      },
      "iodepth_complete" : {
        "0" : 0.000000,
        "4" : 99.999633,
        "8" : 0.000000,
        "16" : 0.100000,
        "32" : 0.000000,
        "64" : 0.000000,
        ">=64" : 0.000000
      },
      "latency_ns" : {
        "2" : 0.000000,
        "4" : 0.000000,
        "10" : 0.000000,
        "20" : 0.000000,
        "50" : 0.000000,
        "100" : 0.000000,
        "250" : 0.000000,
        "500" : 0.000000,
        "750" : 0.000000,
        "1000" : 0.000000
      },
      "latency_us" : {
        "2" : 0.000000,
        "4" : 0.000000,
        "10" : 0.000000,
        "20" : 0.000000,
        "50" : 0.000000,
        "100" : 0.000000,
        "250" : 0.010000,
        "500" : 0.010000,
        "750" : 0.010000,
        "1000" : 3.642762
      },
      "latency_ms" : {
        "2" : 95.451130,
        "4" : 0.901343,
        "10" : 0.000000,
        "20" : 0.000000,
        "50" : 0.000000,
        "100" : 0.000000,
        "250" : 0.000000,
        "500" : 0.000000,
        "750" : 0.000000,
        "1000" : 0.000000,
        "2000" : 0.000000,
        ">=2000" : 0.000000
      },
      "latency_depth" : 16,
      "latency_target" : 0,
      "latency_percentile" : 100.000000,
      "latency_window" : 0
    }
  ],
  "disk_util" : [
    {
      "name" : "vdb",
      "read_ios" : 1543640,
      "write_ios" : 42,
      "read_merges" : 0,
      "write_merges" : 0,
      "read_ticks" : 1560976,
      "write_ticks" : 56,
      "in_queue" : 1561032,
      "util" : 99.294330
    }
  ]
}
