{
  "fio version" : "fio-3.33",
  "timestamp" : 1778439613,
  "timestamp_ms" : 1778439613461,
  "time" : "Sun May 10 19:00:13 2026",
  "jobs" : [
    {
      "jobname" : "diskio",
      "groupid" : 0,
      "error" : 0,
      "eta" : 0,
      "elapsed" : 21,
      "job options" : {
        "name" : "diskio",
        "filename" : "/tmp/fio-testfile",
        "size" : "2G",
        "rw" : "randread",
        "bs" : "16k",
        "direct" : "1",
        "ioengine" : "libaio",
        "iodepth" : "16",
        "numjobs" : "1",
        "runtime" : "20"
      },
      "read" : {
        "io_bytes" : 11867422720,
        "io_kbytes" : 11589280,
        "bw_bytes" : 593341468,
        "bw" : 579435,
        "iops" : 36214.689266,
        "runtime" : 20001,
        "total_ios" : 724330,
        "short_ios" : 0,
        "drop_ios" : 0,
        "slat_ns" : {
          "min" : 2500,
          "max" : 322938,
          "mean" : 4152.332855,
          "stddev" : 3656.161290,
          "N" : 724330
        },
        "clat_ns" : {
          "min" : 68051,
          "max" : 1323980,
          "mean" : 436997.599366,
          "stddev" : 27526.141354,
          "N" : 724330,
          "percentile" : {
            "1.000000" : 387072,
            "5.000000" : 399360,
            "10.000000" : 407552,
            "20.000000" : 415744,
            "30.000000" : 423936,
            "40.000000" : 428032,
            "50.000000" : 436224,
            "60.000000" : 444416,
            "70.000000" : 448512,
            "80.000000" : 456704,
            "90.000000" : 464896,
            "95.000000" : 468992,
            "99.000000" : 505856,
            "99.500000" : 552960,
            "99.900000" : 684032,
            "99.950000" : 733184,
            "99.990000" : 962560
          }
        },
        "lat_ns" : {
          "min" : 116078,
          "max" : 1327571,
          "mean" : 441149.932222,
          "stddev" : 27486.723665,
          "N" : 724330
        },
        "bw_min" : 562752,
        "bw_max" : 604352,
        "bw_agg" : 100.000000,
        "bw_mean" : 580274.871795,
        "bw_dev" : 14234.048607,
        "bw_samples" : 39,
        "iops_min" : 35172,
        "iops_max" : 37772,
        "iops_mean" : 36267.179487,
        "iops_stddev" : 889.628038,
        "iops_samples" : 39
      },
      "write" : {
        "io_bytes" : 0,
        "io_kbytes" : 0,
        "bw_bytes" : 0,
        "bw" : 0,
        "iops" : 0.000000,
        "runtime" : 0,
        "total_ios" : 0,
        "short_ios" : 0,
        "drop_ios" : 0,
        "slat_ns" : {
          "min" : 0,
          "max" : 0,
          "mean" : 0.000000,
          "stddev" : 0.000000,
          "N" : 0
        },
        "clat_ns" : {
          "min" : 0,
          "max" : 0,
          "mean" : 0.000000,
          "stddev" : 0.000000,
          "N" : 0
        },
        "lat_ns" : {
          "min" : 0,
          "max" : 0,
          "mean" : 0.000000,
          "stddev" : 0.000000,
          "N" : 0
        },
        "bw_min" : 0,
        "bw_max" : 0,
        "bw_agg" : 0.000000,
        "bw_mean" : 0.000000,
        "bw_dev" : 0.000000,
        "bw_samples" : 0,
        "iops_min" : 0,
        "iops_max" : 0,
        "iops_mean" : 0.000000,
        "iops_stddev" : 0.000000,
        "iops_samples" : 0
      },
      "trim" : {
        "io_bytes" : 0,
        "io_kbytes" : 0,
        "bw_bytes" : 0,
        "bw" : 0,
        "iops" : 0.000000,
        "runtime" : 0,
        "total_ios" : 0,
        "short_ios" : 0,
        "drop_ios" : 0,
        "slat_ns" : {
          "min" : 0,
          "max" : 0,
          "mean" : 0.000000,
          "stddev" : 0.000000,
          "N" : 0
        },
        "clat_ns" : {
          "min" : 0,
          "max" : 0,
          "mean" : 0.000000,
          "stddev" : 0.000000,
          "N" : 0
        },
        "lat_ns" : {
          "min" : 0,
          "max" : 0,
          "mean" : 0.000000,
          "stddev" : 0.000000,
          "N" : 0
        },
        "bw_min" : 0,
        "bw_max" : 0,
        "bw_agg" : 0.000000,
        "bw_mean" : 0.000000,
        "bw_dev" : 0.000000,
        "bw_samples" : 0,
        "iops_min" : 0,
        "iops_max" : 0,
        "iops_mean" : 0.000000,
        "iops_stddev" : 0.000000,
        "iops_samples" : 0
      },
      "sync" : {
        "total_ios" : 0,
        "lat_ns" : {
          "min" : 0,
          "max" : 0,
          "mean" : 0.000000,
          "stddev" : 0.000000,
          "N" : 0
        }
      },
      "job_runtime" : 20000,
      "usr_cpu" : 5.590000,
      "sys_cpu" : 18.970000,
      "ctx" : 45276,
      "majf" : 0,
      "minf" : 75,
      "iodepth_level" : {
        "1" : 0.100000,
        "2" : 0.100000,
        "4" : 0.100000,
        "8" : 0.100000,
        "16" : 99.997929,
        "32" : 0.000000,
        ">=64" : 0.000000
      },
      "iodepth_submit" : {
        "0" : 0.000000,
        "4" : 100.000000,
        "8" : 0.000000,
        "16" : 0.000000,
        "32" : 0.000000,
        "64" : 0.000000,
        ">=64" : 0.000000
      },
      "iodepth_complete" : {
        "0" : 0.000000,
        "4" : 99.999862,
        "8" : 0.000000,
        "16" : 0.100000,
        "32" : 0.000000,
        "64" : 0.000000,
        ">=64" : 0.000000
      },
      "latency_ns" : {
        "2" : 0.000000,
        "4" : 0.000000,
        "10" : 0.000000,
        "20" : 0.000000,
        "50" : 0.000000,
        "100" : 0.000000,
        "250" : 0.000000,
        "500" : 0.000000,
        "750" : 0.000000,
        "1000" : 0.000000
      },
      "latency_us" : {
        "2" : 0.000000,
        "4" : 0.000000,
        "10" : 0.000000,
        "20" : 0.000000,
        "50" : 0.000000,
        "100" : 0.010000,
        "250" : 0.013254,
        "500" : 98.881587,
        "750" : 1.062361,
        "1000" : 0.031892
      },
      "latency_ms" : {
        "2" : 0.010000,
        "4" : 0.000000,
        "10" : 0.000000,
        "20" : 0.000000,
        "50" : 0.000000,
        "100" : 0.000000,
        "250" : 0.000000,
        "500" : 0.000000,
        "750" : 0.000000,
        "1000" : 0.000000,
        "2000" : 0.000000,
        ">=2000" : 0.000000
      },
      "latency_depth" : 16,
      "latency_target" : 0,
      "latency_percentile" : 100.000000,
      "latency_window" : 0
    }
  ],
  "disk_util" : [
    {
      "name" : "vdb",
      "read_ios" : 2882664,
      "write_ios" : 1,
      "read_merges" : 0,
      "write_merges" : 0,
      "read_ticks" : 1078300,
      "write_ticks" : 0,
      "in_queue" : 1078300,
      "util" : 83.891308
    }
  ]
}
